<?xml version="1.0" encoding="UTF-8"?>
<gpx creator="StravaGPX" version="1.1" xmlns="http://www.topografix.com/GPX/1/1" xmlns:xsi="http://www.w3.org/2001/XMLSchema-instance" xsi:schemaLocation="http://www.topografix.com/GPX/1/1 http://www.topografix.com/GPX/1/1/gpx.xsd">
 <metadata>
  <time>2026-08-12T17:00:23Z</time>
 </metadata>
 <trk>
  <name>Evening Mountain Bike Ride</name>
  <type>mountain_biking</type>
  <trkseg>
   <trkpt lat="44.8272640" lon="20.4529670">
    <ele>78.3</ele>
    <time>2026-08-12T17:00:23Z</time>
   </trkpt>
   <trkpt lat="44.8272640" lon="20.4529670">
    <ele>78.3</ele>
    <time>2026-08-12T17:00:24Z</time>
   </trkpt>
   <trkpt lat="44.8272720" lon="20.4529860">
    <ele>78.4</ele>
    <time>2026-08-12T17:00:25Z</time>
   </trkpt>
   <trkpt lat="44.8272510" lon="20.4529850">
    <ele>78.4</ele>
    <time>2026-08-12T17:00:26Z</time>
   </trkpt>
   <trkpt lat="44.8272540" lon="20.4529590">
    <ele>78.5</ele>
    <time>2026-08-12T17:00:27Z</time>
   </trkpt>
   <trkpt lat="44.8272580" lon="20.4529660">
    <ele>78.5</ele>
    <time>2026-08-12T17:00:28Z</time>
   </trkpt>
   <trkpt lat="44.8272600" lon="20.4529760">
    <ele>78.5</ele>
    <time>2026-08-12T17:00:29Z</time>
   </trkpt>
   <trkpt lat="44.8272610" lon="20.4529800">
    <ele>78.5</ele>
    <time>2026-08-12T17:00:30Z</time>
   </trkpt>
   <trkpt lat="44.8272600" lon="20.4529840">
    <ele>78.5</ele>
    <time>2026-08-12T17:00:31Z</time>
   </trkpt>
   <trkpt lat="44.8272610" lon="20.4529920">
    <ele>78.5</ele>
    <time>2026-08-12T17:00:32Z</time>
   </trkpt>
   <trkpt lat="44.8272630" lon="20.4529980">
    <ele>78.5</ele>
    <time>2026-08-12T17:00:33Z</time>
   </trkpt>
   <trkpt lat="44.8272170" lon="20.4529900">
    <ele>78.7</ele>
    <time>2026-08-12T17:00:45Z</time>
   </trkpt>
   <trkpt lat="44.8271930" lon="20.4529900">
    <ele>78.7</ele>
    <time>2026-08-12T17:00:46Z</time>
   </trkpt>
   <trkpt lat="44.8271680" lon="20.4530020">
    <ele>78.8</ele>
    <time>2026-08-12T17:00:47Z</time>
   </trkpt>
   <trkpt lat="44.8271370" lon="20.4530460">
    <ele>78.9</ele>
    <time>2026-08-12T17:00:48Z</time>
   </trkpt>
   <trkpt lat="44.8271100" lon="20.4530710">
    <ele>79.0</ele>
    <time>2026-08-12T17:00:49Z</time>
   </trkpt>
   <trkpt lat="44.8270790" lon="20.4531000">
    <ele>79.1</ele>
    <time>2026-08-12T17:00:50Z</time>
   </trkpt>
   <trkpt lat="44.8270530" lon="20.4531340">
    <ele>79.2</ele>
    <time>2026-08-12T17:00:51Z</time>
   </trkpt>
   <trkpt lat="44.8270280" lon="20.4531720">
    <ele>79.3</ele>
    <time>2026-08-12T17:00:52Z</time>
   </trkpt>
   <trkpt lat="44.8270000" lon="20.4532020">
    <ele>79.4</ele>
    <time>2026-08-12T17:00:53Z</time>
   </trkpt>
   <trkpt lat="44.8269700" lon="20.4532130">
    <ele>79.5</ele>
    <time>2026-08-12T17:00:54Z</time>
   </trkpt>
   <trkpt lat="44.8269470" lon="20.4532910">
    <ele>79.6</ele>
    <time>2026-08-12T17:00:55Z</time>
   </trkpt>
   <trkpt lat="44.8269080" lon="20.4533960">
    <ele>79.8</ele>
    <time>2026-08-12T17:00:56Z</time>
   </trkpt>
   <trkpt lat="44.8268760" lon="20.4534710">
    <ele>80.0</ele>
    <time>2026-08-12T17:00:57Z</time>
   </trkpt>
   <trkpt lat="44.8268540" lon="20.4535560">
    <ele>80.2</ele>
    <time>2026-08-12T17:00:58Z</time>
   </trkpt>
   <trkpt lat="44.8268260" lon="20.4536130">
    <ele>80.4</ele>
    <time>2026-08-12T17:00:59Z</time>
   </trkpt>
   <trkpt lat="44.8268040" lon="20.4536340">
    <ele>80.5</ele>
    <time>2026-08-12T17:01:00Z</time>
   </trkpt>
   <trkpt lat="44.8267820" lon="20.4536750">
    <ele>80.6</ele>
    <time>2026-08-12T17:01:01Z</time>
   </trkpt>
   <trkpt lat="44.8267560" lon="20.4537180">
    <ele>80.7</ele>
    <time>2026-08-12T17:01:02Z</time>
   </trkpt>
   <trkpt lat="44.8267330" lon="20.4537620">
    <ele>80.8</ele>
    <time>2026-08-12T17:01:03Z</time>
   </trkpt>
   <trkpt lat="44.8267060" lon="20.4538020">
    <ele>80.9</ele>
    <time>2026-08-12T17:01:04Z</time>
   </trkpt>
   <trkpt lat="44.8266830" lon="20.4538410">
    <ele>81.0</ele>
    <time>2026-08-12T17:01:05Z</time>
   </trkpt>
   <trkpt lat="44.8266650" lon="20.4538820">
    <ele>81.1</ele>
    <time>2026-08-12T17:01:06Z</time>
   </trkpt>
   <trkpt lat="44.8266400" lon="20.4539200">
    <ele>81.2</ele>
    <time>2026-08-12T17:01:07Z</time>
   </trkpt>
   <trkpt lat="44.8266180" lon="20.4539630">
    <ele>81.3</ele>
    <time>2026-08-12T17:01:08Z</time>
   </trkpt>
   <trkpt lat="44.8265890" lon="20.4540010">
    <ele>81.5</ele>
    <time>2026-08-12T17:01:09Z</time>
   </trkpt>
   <trkpt lat="44.8265660" lon="20.4540440">
    <ele>81.6</ele>
    <time>2026-08-12T17:01:10Z</time>
   </trkpt>
   <trkpt lat="44.8265410" lon="20.4540830">
    <ele>81.7</ele>
    <time>2026-08-12T17:01:11Z</time>
   </trkpt>
   <trkpt lat="44.8265190" lon="20.4541270">
    <ele>81.8</ele>
    <time>2026-08-12T17:01:12Z</time>
   </trkpt>
   <trkpt lat="44.8264960" lon="20.4541690">
    <ele>81.9</ele>
    <time>2026-08-12T17:01:13Z</time>
   </trkpt>
   <trkpt lat="44.8264740" lon="20.4542090">
    <ele>82.0</ele>
    <time>2026-08-12T17:01:14Z</time>
   </trkpt>
   <trkpt lat="44.8264500" lon="20.4542490">
    <ele>82.1</ele>
    <time>2026-08-12T17:01:15Z</time>
   </trkpt>
   <trkpt lat="44.8264290" lon="20.4542910">
    <ele>82.2</ele>
    <time>2026-08-12T17:01:17Z</time>
   </trkpt>
   <trkpt lat="44.8264060" lon="20.4543330">
    <ele>82.2</ele>
    <time>2026-08-12T17:01:18Z</time>
   </trkpt>
   <trkpt lat="44.8263830" lon="20.4543770">
    <ele>82.3</ele>
    <time>2026-08-12T17:01:19Z</time>
   </trkpt>
   <trkpt lat="44.8263590" lon="20.4544190">
    <ele>82.4</ele>
    <time>2026-08-12T17:01:20Z</time>
   </trkpt>
   <trkpt lat="44.8263470" lon="20.4544710">
    <ele>82.5</ele>
    <time>2026-08-12T17:01:21Z</time>
   </trkpt>
   <trkpt lat="44.8263210" lon="20.4545170">
    <ele>82.6</ele>
    <time>2026-08-12T17:01:22Z</time>
   </trkpt>
   <trkpt lat="44.8262900" lon="20.4545620">
    <ele>82.6</ele>
    <time>2026-08-12T17:01:23Z</time>
   </trkpt>
   <trkpt lat="44.8262710" lon="20.4546100">
    <ele>82.7</ele>
    <time>2026-08-12T17:01:24Z</time>
   </trkpt>
   <trkpt lat="44.8262390" lon="20.4546660">
    <ele>82.8</ele>
    <time>2026-08-12T17:01:25Z</time>
   </trkpt>
   <trkpt lat="44.8262180" lon="20.4547120">
    <ele>82.9</ele>
    <time>2026-08-12T17:01:26Z</time>
   </trkpt>
   <trkpt lat="44.8261980" lon="20.4547480">
    <ele>82.9</ele>
    <time>2026-08-12T17:01:27Z</time>
   </trkpt>
   <trkpt lat="44.8261720" lon="20.4548010">
    <ele>83.0</ele>
    <time>2026-08-12T17:01:28Z</time>
   </trkpt>
   <trkpt lat="44.8261450" lon="20.4548450">
    <ele>83.0</ele>
    <time>2026-08-12T17:01:29Z</time>
   </trkpt>
   <trkpt lat="44.8261190" lon="20.4548910">
    <ele>83.1</ele>
    <time>2026-08-12T17:01:30Z</time>
   </trkpt>
   <trkpt lat="44.8260940" lon="20.4549390">
    <ele>83.2</ele>
    <time>2026-08-12T17:01:31Z</time>
   </trkpt>
   <trkpt lat="44.8260750" lon="20.4549830">
    <ele>83.2</ele>
    <time>2026-08-12T17:01:32Z</time>
   </trkpt>
   <trkpt lat="44.8260470" lon="20.4550290">
    <ele>83.3</ele>
    <time>2026-08-12T17:01:33Z</time>
   </trkpt>
   <trkpt lat="44.8260270" lon="20.4550840">
    <ele>83.3</ele>
    <time>2026-08-12T17:01:34Z</time>
   </trkpt>
   <trkpt lat="44.8259990" lon="20.4551250">
    <ele>83.4</ele>
    <time>2026-08-12T17:01:35Z</time>
   </trkpt>
   <trkpt lat="44.8259730" lon="20.4551630">
    <ele>83.4</ele>
    <time>2026-08-12T17:01:36Z</time>
   </trkpt>
   <trkpt lat="44.8259550" lon="20.4552110">
    <ele>83.5</ele>
    <time>2026-08-12T17:01:37Z</time>
   </trkpt>
   <trkpt lat="44.8259290" lon="20.4552580">
    <ele>83.6</ele>
    <time>2026-08-12T17:01:38Z</time>
   </trkpt>
   <trkpt lat="44.8259060" lon="20.4553040">
    <ele>83.6</ele>
    <time>2026-08-12T17:01:39Z</time>
   </trkpt>
   <trkpt lat="44.8258830" lon="20.4553440">
    <ele>83.7</ele>
    <time>2026-08-12T17:01:40Z</time>
   </trkpt>
   <trkpt lat="44.8258590" lon="20.4553700">
    <ele>83.7</ele>
    <time>2026-08-12T17:01:41Z</time>
   </trkpt>
   <trkpt lat="44.8258330" lon="20.4554090">
    <ele>83.8</ele>
    <time>2026-08-12T17:01:42Z</time>
   </trkpt>
   <trkpt lat="44.8258130" lon="20.4554490">
    <ele>83.8</ele>
    <time>2026-08-12T17:01:43Z</time>
   </trkpt>
   <trkpt lat="44.8257970" lon="20.4554750">
    <ele>83.9</ele>
    <time>2026-08-12T17:01:44Z</time>
   </trkpt>
   <trkpt lat="44.8257820" lon="20.4555040">
    <ele>83.9</ele>
    <time>2026-08-12T17:01:45Z</time>
   </trkpt>
   <trkpt lat="44.8257750" lon="20.4555100">
    <ele>83.9</ele>
    <time>2026-08-12T17:01:46Z</time>
   </trkpt>
   <trkpt lat="44.8257760" lon="20.4555030">
    <ele>83.9</ele>
    <time>2026-08-12T17:01:47Z</time>
   </trkpt>
   <trkpt lat="44.8257840" lon="20.4554980">
    <ele>83.9</ele>
    <time>2026-08-12T17:01:48Z</time>
   </trkpt>
   <trkpt lat="44.8257820" lon="20.4554960">
    <ele>83.9</ele>
    <time>2026-08-12T17:01:49Z</time>
   </trkpt>
   <trkpt lat="44.8257810" lon="20.4554970">
    <ele>83.9</ele>
    <time>2026-08-12T17:01:50Z</time>
   </trkpt>
   <trkpt lat="44.8257800" lon="20.4554960">
    <ele>83.9</ele>
    <time>2026-08-12T17:01:51Z</time>
   </trkpt>
   <trkpt lat="44.8257790" lon="20.4554980">
    <ele>83.9</ele>
    <time>2026-08-12T17:01:52Z</time>
   </trkpt>
   <trkpt lat="44.8257790" lon="20.4554980">
    <ele>83.9</ele>
    <time>2026-08-12T17:01:53Z</time>
   </trkpt>
   <trkpt lat="44.8257780" lon="20.4554980">
    <ele>84.0</ele>
    <time>2026-08-12T17:01:54Z</time>
   </trkpt>
   <trkpt lat="44.8257790" lon="20.4554990">
    <ele>84.0</ele>
    <time>2026-08-12T17:01:55Z</time>
   </trkpt>
   <trkpt lat="44.8257670" lon="20.4555540">
    <ele>84.1</ele>
    <time>2026-08-12T17:02:12Z</time>
   </trkpt>
   <trkpt lat="44.8257470" lon="20.4555870">
    <ele>84.1</ele>
    <time>2026-08-12T17:02:13Z</time>
   </trkpt>
   <trkpt lat="44.8257280" lon="20.4556270">
    <ele>84.2</ele>
    <time>2026-08-12T17:02:14Z</time>
   </trkpt>
   <trkpt lat="44.8256990" lon="20.4556490">
    <ele>84.3</ele>
    <time>2026-08-12T17:02:15Z</time>
   </trkpt>
   <trkpt lat="44.8256750" lon="20.4556770">
    <ele>84.4</ele>
    <time>2026-08-12T17:02:16Z</time>
   </trkpt>
   <trkpt lat="44.8256470" lon="20.4557090">
    <ele>84.5</ele>
    <time>2026-08-12T17:02:17Z</time>
   </trkpt>
   <trkpt lat="44.8256180" lon="20.4557350">
    <ele>84.6</ele>
    <time>2026-08-12T17:02:18Z</time>
   </trkpt>
   <trkpt lat="44.8255930" lon="20.4557750">
    <ele>84.7</ele>
    <time>2026-08-12T17:02:19Z</time>
   </trkpt>
   <trkpt lat="44.8255750" lon="20.4558150">
    <ele>84.8</ele>
    <time>2026-08-12T17:02:20Z</time>
   </trkpt>
   <trkpt lat="44.8255580" lon="20.4558610">
    <ele>84.8</ele>
    <time>2026-08-12T17:02:21Z</time>
   </trkpt>
   <trkpt lat="44.8255280" lon="20.4558970">
    <ele>84.9</ele>
    <time>2026-08-12T17:02:22Z</time>
   </trkpt>
   <trkpt lat="44.8254930" lon="20.4559250">
    <ele>85.0</ele>
    <time>2026-08-12T17:02:23Z</time>
   </trkpt>
   <trkpt lat="44.8254640" lon="20.4559590">
    <ele>85.1</ele>
    <time>2026-08-12T17:02:24Z</time>
   </trkpt>
   <trkpt lat="44.8254470" lon="20.4560190">
    <ele>85.2</ele>
    <time>2026-08-12T17:02:25Z</time>
   </trkpt>
   <trkpt lat="44.8254450" lon="20.4560310">
    <ele>85.2</ele>
    <time>2026-08-12T17:02:26Z</time>
   </trkpt>
   <trkpt lat="44.8254450" lon="20.4560780">
    <ele>85.2</ele>
    <time>2026-08-12T17:02:27Z</time>
   </trkpt>
   <trkpt lat="44.8254390" lon="20.4561160">
    <ele>85.3</ele>
    <time>2026-08-12T17:02:28Z</time>
   </trkpt>
   <trkpt lat="44.8254120" lon="20.4561390">
    <ele>85.3</ele>
    <time>2026-08-12T17:02:29Z</time>
   </trkpt>
   <trkpt lat="44.8253950" lon="20.4561660">
    <ele>85.4</ele>
    <time>2026-08-12T17:02:30Z</time>
   </trkpt>
   <trkpt lat="44.8253870" lon="20.4562010">
    <ele>85.4</ele>
    <time>2026-08-12T17:02:31Z</time>
   </trkpt>
   <trkpt lat="44.8253710" lon="20.4562180">
    <ele>85.4</ele>
    <time>2026-08-12T17:02:32Z</time>
   </trkpt>
   <trkpt lat="44.8253540" lon="20.4562420">
    <ele>85.5</ele>
    <time>2026-08-12T17:02:33Z</time>
   </trkpt>
   <trkpt lat="44.8253500" lon="20.4562970">
    <ele>85.5</ele>
    <time>2026-08-12T17:02:34Z</time>
   </trkpt>
   <trkpt lat="44.8253390" lon="20.4563590">
    <ele>85.5</ele>
    <time>2026-08-12T17:02:35Z</time>
   </trkpt>
   <trkpt lat="44.8252890" lon="20.4564260">
    <ele>85.5</ele>
    <time>2026-08-12T17:02:36Z</time>
   </trkpt>
   <trkpt lat="44.8252510" lon="20.4564870">
    <ele>85.6</ele>
    <time>2026-08-12T17:02:37Z</time>
   </trkpt>
   <trkpt lat="44.8252090" lon="20.4565410">
    <ele>85.6</ele>
    <time>2026-08-12T17:02:38Z</time>
   </trkpt>
   <trkpt lat="44.8252220" lon="20.4565420">
    <ele>85.6</ele>
    <time>2026-08-12T17:02:39Z</time>
   </trkpt>
   <trkpt lat="44.8251960" lon="20.4565580">
    <ele>85.6</ele>
    <time>2026-08-12T17:02:40Z</time>
   </trkpt>
   <trkpt lat="44.8251840" lon="20.4565880">
    <ele>85.6</ele>
    <time>2026-08-12T17:02:41Z</time>
   </trkpt>
   <trkpt lat="44.8251940" lon="20.4566490">
    <ele>85.7</ele>
    <time>2026-08-12T17:02:42Z</time>
   </trkpt>
   <trkpt lat="44.8251930" lon="20.4566960">
    <ele>85.7</ele>
    <time>2026-08-12T17:02:43Z</time>
   </trkpt>
   <trkpt lat="44.8251650" lon="20.4567200">
    <ele>85.7</ele>
    <time>2026-08-12T17:02:44Z</time>
   </trkpt>
   <trkpt lat="44.8251310" lon="20.4567420">
    <ele>85.7</ele>
    <time>2026-08-12T17:02:45Z</time>
   </trkpt>
   <trkpt lat="44.8251290" lon="20.4567830">
    <ele>85.8</ele>
    <time>2026-08-12T17:02:46Z</time>
   </trkpt>
   <trkpt lat="44.8251090" lon="20.4568040">
    <ele>85.8</ele>
    <time>2026-08-12T17:02:47Z</time>
   </trkpt>
   <trkpt lat="44.8250860" lon="20.4568230">
    <ele>85.9</ele>
    <time>2026-08-12T17:02:48Z</time>
   </trkpt>
   <trkpt lat="44.8250970" lon="20.4568750">
    <ele>85.9</ele>
    <time>2026-08-12T17:02:49Z</time>
   </trkpt>
   <trkpt lat="44.8250840" lon="20.4568930">
    <ele>85.9</ele>
    <time>2026-08-12T17:02:50Z</time>
   </trkpt>
   <trkpt lat="44.8250700" lon="20.4569280">
    <ele>85.9</ele>
    <time>2026-08-12T17:02:51Z</time>
   </trkpt>
   <trkpt lat="44.8250570" lon="20.4569520">
    <ele>85.9</ele>
    <time>2026-08-12T17:02:52Z</time>
   </trkpt>
   <trkpt lat="44.8250520" lon="20.4569740">
    <ele>85.9</ele>
    <time>2026-08-12T17:02:53Z</time>
   </trkpt>
   <trkpt lat="44.8250500" lon="20.4569990">
    <ele>85.9</ele>
    <time>2026-08-12T17:02:54Z</time>
   </trkpt>
   <trkpt lat="44.8250410" lon="20.4570130">
    <ele>85.9</ele>
    <time>2026-08-12T17:02:55Z</time>
   </trkpt>
   <trkpt lat="44.8250160" lon="20.4570470">
    <ele>85.9</ele>
    <time>2026-08-12T17:02:56Z</time>
   </trkpt>
   <trkpt lat="44.8250070" lon="20.4570460">
    <ele>85.9</ele>
    <time>2026-08-12T17:02:57Z</time>
   </trkpt>
   <trkpt lat="44.8249890" lon="20.4570650">
    <ele>85.9</ele>
    <time>2026-08-12T17:02:58Z</time>
   </trkpt>
   <trkpt lat="44.8249730" lon="20.4570700">
    <ele>85.9</ele>
    <time>2026-08-12T17:02:59Z</time>
   </trkpt>
   <trkpt lat="44.8249720" lon="20.4571060">
    <ele>85.9</ele>
    <time>2026-08-12T17:03:00Z</time>
   </trkpt>
   <trkpt lat="44.8249670" lon="20.4571930">
    <ele>85.9</ele>
    <time>2026-08-12T17:03:01Z</time>
   </trkpt>
   <trkpt lat="44.8249450" lon="20.4572380">
    <ele>85.9</ele>
    <time>2026-08-12T17:03:02Z</time>
   </trkpt>
   <trkpt lat="44.8249250" lon="20.4573070">
    <ele>85.9</ele>
    <time>2026-08-12T17:03:03Z</time>
   </trkpt>
   <trkpt lat="44.8249150" lon="20.4574040">
    <ele>85.9</ele>
    <time>2026-08-12T17:03:04Z</time>
   </trkpt>
   <trkpt lat="44.8248890" lon="20.4574600">
    <ele>85.9</ele>
    <time>2026-08-12T17:03:05Z</time>
   </trkpt>
   <trkpt lat="44.8248340" lon="20.4575020">
    <ele>85.9</ele>
    <time>2026-08-12T17:03:06Z</time>
   </trkpt>
   <trkpt lat="44.8247860" lon="20.4575680">
    <ele>85.9</ele>
    <time>2026-08-12T17:03:07Z</time>
   </trkpt>
   <trkpt lat="44.8247800" lon="20.4576250">
    <ele>85.9</ele>
    <time>2026-08-12T17:03:08Z</time>
   </trkpt>
   <trkpt lat="44.8247600" lon="20.4576740">
    <ele>85.9</ele>
    <time>2026-08-12T17:03:09Z</time>
   </trkpt>
   <trkpt lat="44.8248100" lon="20.4576940">
    <ele>85.9</ele>
    <time>2026-08-12T17:03:10Z</time>
   </trkpt>
   <trkpt lat="44.8248130" lon="20.4577370">
    <ele>85.9</ele>
    <time>2026-08-12T17:03:11Z</time>
   </trkpt>
   <trkpt lat="44.8247680" lon="20.4577530">
    <ele>85.9</ele>
    <time>2026-08-12T17:03:12Z</time>
   </trkpt>
   <trkpt lat="44.8247230" lon="20.4577690">
    <ele>85.9</ele>
    <time>2026-08-12T17:03:13Z</time>
   </trkpt>
   <trkpt lat="44.8247060" lon="20.4577730">
    <ele>86.0</ele>
    <time>2026-08-12T17:03:14Z</time>
   </trkpt>
   <trkpt lat="44.8246550" lon="20.4577810">
    <ele>86.0</ele>
    <time>2026-08-12T17:03:15Z</time>
   </trkpt>
   <trkpt lat="44.8246280" lon="20.4578010">
    <ele>86.0</ele>
    <time>2026-08-12T17:03:16Z</time>
   </trkpt>
   <trkpt lat="44.8246230" lon="20.4578860">
    <ele>85.9</ele>
    <time>2026-08-12T17:03:17Z</time>
   </trkpt>
   <trkpt lat="44.8246070" lon="20.4579420">
    <ele>85.9</ele>
    <time>2026-08-12T17:03:18Z</time>
   </trkpt>
   <trkpt lat="44.8245850" lon="20.4579690">
    <ele>85.9</ele>
    <time>2026-08-12T17:03:19Z</time>
   </trkpt>
   <trkpt lat="44.8245730" lon="20.4579820">
    <ele>85.9</ele>
    <time>2026-08-12T17:03:20Z</time>
   </trkpt>
   <trkpt lat="44.8245670" lon="20.4579780">
    <ele>85.9</ele>
    <time>2026-08-12T17:03:21Z</time>
   </trkpt>
   <trkpt lat="44.8245470" lon="20.4579900">
    <ele>85.9</ele>
    <time>2026-08-12T17:03:22Z</time>
   </trkpt>
   <trkpt lat="44.8245170" lon="20.4580160">
    <ele>85.9</ele>
    <time>2026-08-12T17:03:23Z</time>
   </trkpt>
   <trkpt lat="44.8244880" lon="20.4580490">
    <ele>85.9</ele>
    <time>2026-08-12T17:03:24Z</time>
   </trkpt>
   <trkpt lat="44.8244830" lon="20.4580680">
    <ele>85.9</ele>
    <time>2026-08-12T17:03:25Z</time>
   </trkpt>
   <trkpt lat="44.8244960" lon="20.4581280">
    <ele>85.8</ele>
    <time>2026-08-12T17:03:26Z</time>
   </trkpt>
   <trkpt lat="44.8244740" lon="20.4581330">
    <ele>85.8</ele>
    <time>2026-08-12T17:03:27Z</time>
   </trkpt>
   <trkpt lat="44.8243960" lon="20.4581220">
    <ele>85.8</ele>
    <time>2026-08-12T17:03:28Z</time>
   </trkpt>
   <trkpt lat="44.8243820" lon="20.4581760">
    <ele>85.8</ele>
    <time>2026-08-12T17:03:29Z</time>
   </trkpt>
   <trkpt lat="44.8243680" lon="20.4582300">
    <ele>85.8</ele>
    <time>2026-08-12T17:03:30Z</time>
   </trkpt>
   <trkpt lat="44.8243460" lon="20.4583000">
    <ele>85.7</ele>
    <time>2026-08-12T17:03:31Z</time>
   </trkpt>
   <trkpt lat="44.8243260" lon="20.4583480">
    <ele>85.7</ele>
    <time>2026-08-12T17:03:32Z</time>
   </trkpt>
   <trkpt lat="44.8243130" lon="20.4583690">
    <ele>85.7</ele>
    <time>2026-08-12T17:03:33Z</time>
   </trkpt>
   <trkpt lat="44.8242990" lon="20.4583230">
    <ele>86.1</ele>
    <time>2026-08-12T17:03:34Z</time>
   </trkpt>
   <trkpt lat="44.8242390" lon="20.4583120">
    <ele>86.6</ele>
    <time>2026-08-12T17:03:35Z</time>
   </trkpt>
   <trkpt lat="44.8242030" lon="20.4583280">
    <ele>86.9</ele>
    <time>2026-08-12T17:03:36Z</time>
   </trkpt>
   <trkpt lat="44.8241840" lon="20.4583520">
    <ele>87.1</ele>
    <time>2026-08-12T17:03:37Z</time>
   </trkpt>
   <trkpt lat="44.8241670" lon="20.4583750">
    <ele>87.2</ele>
    <time>2026-08-12T17:03:38Z</time>
   </trkpt>
   <trkpt lat="44.8241520" lon="20.4584030">
    <ele>87.4</ele>
    <time>2026-08-12T17:03:39Z</time>
   </trkpt>
   <trkpt lat="44.8241280" lon="20.4584390">
    <ele>87.5</ele>
    <time>2026-08-12T17:03:40Z</time>
   </trkpt>
   <trkpt lat="44.8241110" lon="20.4584790">
    <ele>87.4</ele>
    <time>2026-08-12T17:03:41Z</time>
   </trkpt>
   <trkpt lat="44.8240940" lon="20.4585220">
    <ele>87.4</ele>
    <time>2026-08-12T17:03:42Z</time>
   </trkpt>
   <trkpt lat="44.8240570" lon="20.4585710">
    <ele>87.5</ele>
    <time>2026-08-12T17:03:43Z</time>
   </trkpt>
   <trkpt lat="44.8240270" lon="20.4586150">
    <ele>87.5</ele>
    <time>2026-08-12T17:03:44Z</time>
   </trkpt>
   <trkpt lat="44.8239990" lon="20.4586560">
    <ele>87.5</ele>
    <time>2026-08-12T17:03:45Z</time>
   </trkpt>
   <trkpt lat="44.8239530" lon="20.4587020">
    <ele>87.5</ele>
    <time>2026-08-12T17:03:46Z</time>
   </trkpt>
   <trkpt lat="44.8239130" lon="20.4587480">
    <ele>87.8</ele>
    <time>2026-08-12T17:03:47Z</time>
   </trkpt>
   <trkpt lat="44.8238800" lon="20.4587930">
    <ele>87.8</ele>
    <time>2026-08-12T17:03:48Z</time>
   </trkpt>
   <trkpt lat="44.8238490" lon="20.4588440">
    <ele>87.8</ele>
    <time>2026-08-12T17:03:49Z</time>
   </trkpt>
   <trkpt lat="44.8237640" lon="20.4588650">
    <ele>88.1</ele>
    <time>2026-08-12T17:03:50Z</time>
   </trkpt>
   <trkpt lat="44.8237260" lon="20.4587990">
    <ele>89.1</ele>
    <time>2026-08-12T17:03:51Z</time>
   </trkpt>
   <trkpt lat="44.8236630" lon="20.4587860">
    <ele>89.6</ele>
    <time>2026-08-12T17:03:52Z</time>
   </trkpt>
   <trkpt lat="44.8236330" lon="20.4587860">
    <ele>89.9</ele>
    <time>2026-08-12T17:03:53Z</time>
   </trkpt>
   <trkpt lat="44.8236100" lon="20.4587860">
    <ele>90.2</ele>
    <time>2026-08-12T17:03:54Z</time>
   </trkpt>
   <trkpt lat="44.8235720" lon="20.4587890">
    <ele>90.4</ele>
    <time>2026-08-12T17:03:55Z</time>
   </trkpt>
   <trkpt lat="44.8235440" lon="20.4587990">
    <ele>90.6</ele>
    <time>2026-08-12T17:03:56Z</time>
   </trkpt>
   <trkpt lat="44.8235240" lon="20.4588070">
    <ele>90.8</ele>
    <time>2026-08-12T17:03:57Z</time>
   </trkpt>
   <trkpt lat="44.8235050" lon="20.4588200">
    <ele>90.4</ele>
    <time>2026-08-12T17:03:58Z</time>
   </trkpt>
   <trkpt lat="44.8234840" lon="20.4588350">
    <ele>90.5</ele>
    <time>2026-08-12T17:03:59Z</time>
   </trkpt>
   <trkpt lat="44.8234580" lon="20.4588670">
    <ele>90.0</ele>
    <time>2026-08-12T17:04:00Z</time>
   </trkpt>
   <trkpt lat="44.8234520" lon="20.4588380">
    <ele>90.8</ele>
    <time>2026-08-12T17:04:01Z</time>
   </trkpt>
   <trkpt lat="44.8234110" lon="20.4587980">
    <ele>91.6</ele>
    <time>2026-08-12T17:04:02Z</time>
   </trkpt>
   <trkpt lat="44.8232870" lon="20.4587560">
    <ele>92.5</ele>
    <time>2026-08-12T17:04:03Z</time>
   </trkpt>
   <trkpt lat="44.8232390" lon="20.4587700">
    <ele>92.7</ele>
    <time>2026-08-12T17:04:04Z</time>
   </trkpt>
   <trkpt lat="44.8231990" lon="20.4588550">
    <ele>91.5</ele>
    <time>2026-08-12T17:04:05Z</time>
   </trkpt>
   <trkpt lat="44.8231490" lon="20.4589330">
    <ele>90.5</ele>
    <time>2026-08-12T17:04:06Z</time>
   </trkpt>
   <trkpt lat="44.8230820" lon="20.4590580">
    <ele>89.3</ele>
    <time>2026-08-12T17:04:07Z</time>
   </trkpt>
   <trkpt lat="44.8230710" lon="20.4592300">
    <ele>88.2</ele>
    <time>2026-08-12T17:04:08Z</time>
   </trkpt>
   <trkpt lat="44.8230520" lon="20.4593470">
    <ele>88.1</ele>
    <time>2026-08-12T17:04:09Z</time>
   </trkpt>
   <trkpt lat="44.8230120" lon="20.4594430">
    <ele>88.3</ele>
    <time>2026-08-12T17:04:10Z</time>
   </trkpt>
   <trkpt lat="44.8230130" lon="20.4594920">
    <ele>88.3</ele>
    <time>2026-08-12T17:04:11Z</time>
   </trkpt>
   <trkpt lat="44.8230500" lon="20.4597230">
    <ele>87.8</ele>
    <time>2026-08-12T17:04:12Z</time>
   </trkpt>
   <trkpt lat="44.8230760" lon="20.4598790">
    <ele>87.5</ele>
    <time>2026-08-12T17:04:13Z</time>
   </trkpt>
   <trkpt lat="44.8231050" lon="20.4600210">
    <ele>87.0</ele>
    <time>2026-08-12T17:04:14Z</time>
   </trkpt>
   <trkpt lat="44.8231160" lon="20.4601090">
    <ele>86.8</ele>
    <time>2026-08-12T17:04:15Z</time>
   </trkpt>
   <trkpt lat="44.8231590" lon="20.4603300">
    <ele>85.9</ele>
    <time>2026-08-12T17:04:16Z</time>
   </trkpt>
   <trkpt lat="44.8231740" lon="20.4604580">
    <ele>85.4</ele>
    <time>2026-08-12T17:04:17Z</time>
   </trkpt>
   <trkpt lat="44.8231450" lon="20.4605800">
    <ele>85.3</ele>
    <time>2026-08-12T17:04:18Z</time>
   </trkpt>
   <trkpt lat="44.8231140" lon="20.4606390">
    <ele>85.3</ele>
    <time>2026-08-12T17:04:19Z</time>
   </trkpt>
   <trkpt lat="44.8230960" lon="20.4607120">
    <ele>85.2</ele>
    <time>2026-08-12T17:04:20Z</time>
   </trkpt>
   <trkpt lat="44.8230740" lon="20.4607630">
    <ele>85.2</ele>
    <time>2026-08-12T17:04:21Z</time>
   </trkpt>
   <trkpt lat="44.8230480" lon="20.4608140">
    <ele>85.1</ele>
    <time>2026-08-12T17:04:22Z</time>
   </trkpt>
   <trkpt lat="44.8230300" lon="20.4609010">
    <ele>85.1</ele>
    <time>2026-08-12T17:04:23Z</time>
   </trkpt>
   <trkpt lat="44.8230200" lon="20.4609600">
    <ele>85.1</ele>
    <time>2026-08-12T17:04:24Z</time>
   </trkpt>
   <trkpt lat="44.8230050" lon="20.4610310">
    <ele>85.0</ele>
    <time>2026-08-12T17:04:25Z</time>
   </trkpt>
   <trkpt lat="44.8229950" lon="20.4611130">
    <ele>85.0</ele>
    <time>2026-08-12T17:04:26Z</time>
   </trkpt>
   <trkpt lat="44.8229590" lon="20.4612010">
    <ele>85.0</ele>
    <time>2026-08-12T17:04:27Z</time>
   </trkpt>
   <trkpt lat="44.8229210" lon="20.4612670">
    <ele>85.0</ele>
    <time>2026-08-12T17:04:28Z</time>
   </trkpt>
   <trkpt lat="44.8228940" lon="20.4613400">
    <ele>85.0</ele>
    <time>2026-08-12T17:04:29Z</time>
   </trkpt>
   <trkpt lat="44.8228550" lon="20.4614020">
    <ele>84.9</ele>
    <time>2026-08-12T17:04:30Z</time>
   </trkpt>
   <trkpt lat="44.8227930" lon="20.4614400">
    <ele>84.9</ele>
    <time>2026-08-12T17:04:31Z</time>
   </trkpt>
   <trkpt lat="44.8227590" lon="20.4614920">
    <ele>84.9</ele>
    <time>2026-08-12T17:04:32Z</time>
   </trkpt>
   <trkpt lat="44.8227230" lon="20.4615380">
    <ele>84.9</ele>
    <time>2026-08-12T17:04:33Z</time>
   </trkpt>
   <trkpt lat="44.8226980" lon="20.4616000">
    <ele>84.9</ele>
    <time>2026-08-12T17:04:34Z</time>
   </trkpt>
   <trkpt lat="44.8226770" lon="20.4616670">
    <ele>84.9</ele>
    <time>2026-08-12T17:04:35Z</time>
   </trkpt>
   <trkpt lat="44.8226570" lon="20.4617510">
    <ele>85.0</ele>
    <time>2026-08-12T17:04:36Z</time>
   </trkpt>
   <trkpt lat="44.8226470" lon="20.4618030">
    <ele>85.0</ele>
    <time>2026-08-12T17:04:37Z</time>
   </trkpt>
   <trkpt lat="44.8226350" lon="20.4618410">
    <ele>85.0</ele>
    <time>2026-08-12T17:04:38Z</time>
   </trkpt>
   <trkpt lat="44.8226150" lon="20.4618840">
    <ele>85.0</ele>
    <time>2026-08-12T17:04:39Z</time>
   </trkpt>
   <trkpt lat="44.8225930" lon="20.4619310">
    <ele>85.0</ele>
    <time>2026-08-12T17:04:40Z</time>
   </trkpt>
   <trkpt lat="44.8225690" lon="20.4619720">
    <ele>85.0</ele>
    <time>2026-08-12T17:04:41Z</time>
   </trkpt>
   <trkpt lat="44.8225400" lon="20.4620140">
    <ele>85.0</ele>
    <time>2026-08-12T17:04:42Z</time>
   </trkpt>
   <trkpt lat="44.8225090" lon="20.4620710">
    <ele>85.0</ele>
    <time>2026-08-12T17:04:43Z</time>
   </trkpt>
   <trkpt lat="44.8224880" lon="20.4621070">
    <ele>85.0</ele>
    <time>2026-08-12T17:04:44Z</time>
   </trkpt>
   <trkpt lat="44.8224350" lon="20.4621480">
    <ele>85.0</ele>
    <time>2026-08-12T17:04:45Z</time>
   </trkpt>
   <trkpt lat="44.8224120" lon="20.4621600">
    <ele>85.0</ele>
    <time>2026-08-12T17:04:46Z</time>
   </trkpt>
   <trkpt lat="44.8223800" lon="20.4621900">
    <ele>85.0</ele>
    <time>2026-08-12T17:04:47Z</time>
   </trkpt>
   <trkpt lat="44.8223410" lon="20.4622200">
    <ele>85.0</ele>
    <time>2026-08-12T17:04:48Z</time>
   </trkpt>
   <trkpt lat="44.8223020" lon="20.4622610">
    <ele>85.0</ele>
    <time>2026-08-12T17:04:49Z</time>
   </trkpt>
   <trkpt lat="44.8222680" lon="20.4623280">
    <ele>85.0</ele>
    <time>2026-08-12T17:04:50Z</time>
   </trkpt>
   <trkpt lat="44.8222280" lon="20.4623600">
    <ele>85.0</ele>
    <time>2026-08-12T17:04:51Z</time>
   </trkpt>
   <trkpt lat="44.8221940" lon="20.4624160">
    <ele>85.0</ele>
    <time>2026-08-12T17:04:52Z</time>
   </trkpt>
   <trkpt lat="44.8221560" lon="20.4624940">
    <ele>85.0</ele>
    <time>2026-08-12T17:04:53Z</time>
   </trkpt>
   <trkpt lat="44.8221410" lon="20.4625550">
    <ele>85.0</ele>
    <time>2026-08-12T17:04:54Z</time>
   </trkpt>
   <trkpt lat="44.8221170" lon="20.4626220">
    <ele>85.0</ele>
    <time>2026-08-12T17:04:55Z</time>
   </trkpt>
   <trkpt lat="44.8220900" lon="20.4626940">
    <ele>85.0</ele>
    <time>2026-08-12T17:04:56Z</time>
   </trkpt>
   <trkpt lat="44.8220660" lon="20.4627510">
    <ele>85.0</ele>
    <time>2026-08-12T17:04:57Z</time>
   </trkpt>
   <trkpt lat="44.8220640" lon="20.4627660">
    <ele>84.9</ele>
    <time>2026-08-12T17:04:58Z</time>
   </trkpt>
   <trkpt lat="44.8220470" lon="20.4628170">
    <ele>84.9</ele>
    <time>2026-08-12T17:04:59Z</time>
   </trkpt>
   <trkpt lat="44.8220260" lon="20.4628780">
    <ele>84.9</ele>
    <time>2026-08-12T17:05:00Z</time>
   </trkpt>
   <trkpt lat="44.8219850" lon="20.4629260">
    <ele>84.9</ele>
    <time>2026-08-12T17:05:01Z</time>
   </trkpt>
   <trkpt lat="44.8219460" lon="20.4629610">
    <ele>84.9</ele>
    <time>2026-08-12T17:05:02Z</time>
   </trkpt>
   <trkpt lat="44.8218820" lon="20.4629760">
    <ele>84.8</ele>
    <time>2026-08-12T17:05:03Z</time>
   </trkpt>
   <trkpt lat="44.8218560" lon="20.4630070">
    <ele>84.8</ele>
    <time>2026-08-12T17:05:04Z</time>
   </trkpt>
   <trkpt lat="44.8218270" lon="20.4630560">
    <ele>84.8</ele>
    <time>2026-08-12T17:05:05Z</time>
   </trkpt>
   <trkpt lat="44.8218050" lon="20.4630970">
    <ele>84.8</ele>
    <time>2026-08-12T17:05:06Z</time>
   </trkpt>
   <trkpt lat="44.8217840" lon="20.4631290">
    <ele>84.8</ele>
    <time>2026-08-12T17:05:07Z</time>
   </trkpt>
   <trkpt lat="44.8217650" lon="20.4631530">
    <ele>84.8</ele>
    <time>2026-08-12T17:05:08Z</time>
   </trkpt>
   <trkpt lat="44.8217440" lon="20.4631880">
    <ele>84.7</ele>
    <time>2026-08-12T17:05:09Z</time>
   </trkpt>
   <trkpt lat="44.8217020" lon="20.4632250">
    <ele>84.7</ele>
    <time>2026-08-12T17:05:10Z</time>
   </trkpt>
   <trkpt lat="44.8216610" lon="20.4632720">
    <ele>84.7</ele>
    <time>2026-08-12T17:05:11Z</time>
   </trkpt>
   <trkpt lat="44.8216200" lon="20.4633410">
    <ele>84.7</ele>
    <time>2026-08-12T17:05:12Z</time>
   </trkpt>
   <trkpt lat="44.8215830" lon="20.4634210">
    <ele>84.6</ele>
    <time>2026-08-12T17:05:13Z</time>
   </trkpt>
   <trkpt lat="44.8215240" lon="20.4634830">
    <ele>84.6</ele>
    <time>2026-08-12T17:05:14Z</time>
   </trkpt>
   <trkpt lat="44.8214690" lon="20.4635230">
    <ele>84.6</ele>
    <time>2026-08-12T17:05:15Z</time>
   </trkpt>
   <trkpt lat="44.8214230" lon="20.4635670">
    <ele>84.8</ele>
    <time>2026-08-12T17:05:16Z</time>
   </trkpt>
   <trkpt lat="44.8214040" lon="20.4636310">
    <ele>84.8</ele>
    <time>2026-08-12T17:05:17Z</time>
   </trkpt>
   <trkpt lat="44.8213760" lon="20.4636870">
    <ele>84.8</ele>
    <time>2026-08-12T17:05:18Z</time>
   </trkpt>
   <trkpt lat="44.8213410" lon="20.4637260">
    <ele>84.8</ele>
    <time>2026-08-12T17:05:19Z</time>
   </trkpt>
   <trkpt lat="44.8212910" lon="20.4638070">
    <ele>84.8</ele>
    <time>2026-08-12T17:05:20Z</time>
   </trkpt>
   <trkpt lat="44.8212730" lon="20.4638390">
    <ele>84.8</ele>
    <time>2026-08-12T17:05:21Z</time>
   </trkpt>
   <trkpt lat="44.8212580" lon="20.4638790">
    <ele>84.9</ele>
    <time>2026-08-12T17:05:22Z</time>
   </trkpt>
   <trkpt lat="44.8212350" lon="20.4639410">
    <ele>84.9</ele>
    <time>2026-08-12T17:05:23Z</time>
   </trkpt>
   <trkpt lat="44.8212190" lon="20.4639890">
    <ele>85.0</ele>
    <time>2026-08-12T17:05:24Z</time>
   </trkpt>
   <trkpt lat="44.8212030" lon="20.4640290">
    <ele>85.0</ele>
    <time>2026-08-12T17:05:25Z</time>
   </trkpt>
   <trkpt lat="44.8211820" lon="20.4640630">
    <ele>85.0</ele>
    <time>2026-08-12T17:05:26Z</time>
   </trkpt>
   <trkpt lat="44.8211640" lon="20.4641170">
    <ele>85.1</ele>
    <time>2026-08-12T17:05:27Z</time>
   </trkpt>
   <trkpt lat="44.8211430" lon="20.4641680">
    <ele>85.2</ele>
    <time>2026-08-12T17:05:28Z</time>
   </trkpt>
   <trkpt lat="44.8210930" lon="20.4642390">
    <ele>85.3</ele>
    <time>2026-08-12T17:05:29Z</time>
   </trkpt>
   <trkpt lat="44.8210210" lon="20.4643030">
    <ele>85.4</ele>
    <time>2026-08-12T17:05:30Z</time>
   </trkpt>
   <trkpt lat="44.8209750" lon="20.4643220">
    <ele>85.5</ele>
    <time>2026-08-12T17:05:31Z</time>
   </trkpt>
   <trkpt lat="44.8209490" lon="20.4643530">
    <ele>85.5</ele>
    <time>2026-08-12T17:05:32Z</time>
   </trkpt>
   <trkpt lat="44.8209340" lon="20.4643970">
    <ele>85.6</ele>
    <time>2026-08-12T17:05:33Z</time>
   </trkpt>
   <trkpt lat="44.8209250" lon="20.4644570">
    <ele>85.6</ele>
    <time>2026-08-12T17:05:34Z</time>
   </trkpt>
   <trkpt lat="44.8209030" lon="20.4645200">
    <ele>85.7</ele>
    <time>2026-08-12T17:05:35Z</time>
   </trkpt>
   <trkpt lat="44.8208800" lon="20.4645700">
    <ele>85.8</ele>
    <time>2026-08-12T17:05:36Z</time>
   </trkpt>
   <trkpt lat="44.8208510" lon="20.4646450">
    <ele>85.9</ele>
    <time>2026-08-12T17:05:37Z</time>
   </trkpt>
   <trkpt lat="44.8208270" lon="20.4646870">
    <ele>86.2</ele>
    <time>2026-08-12T17:05:38Z</time>
   </trkpt>
   <trkpt lat="44.8207900" lon="20.4647480">
    <ele>86.4</ele>
    <time>2026-08-12T17:05:39Z</time>
   </trkpt>
   <trkpt lat="44.8207600" lon="20.4647820">
    <ele>86.4</ele>
    <time>2026-08-12T17:05:40Z</time>
   </trkpt>
   <trkpt lat="44.8207180" lon="20.4648380">
    <ele>86.5</ele>
    <time>2026-08-12T17:05:41Z</time>
   </trkpt>
   <trkpt lat="44.8206910" lon="20.4648870">
    <ele>86.6</ele>
    <time>2026-08-12T17:05:42Z</time>
   </trkpt>
   <trkpt lat="44.8206620" lon="20.4649430">
    <ele>86.7</ele>
    <time>2026-08-12T17:05:43Z</time>
   </trkpt>
   <trkpt lat="44.8206430" lon="20.4649910">
    <ele>86.7</ele>
    <time>2026-08-12T17:05:44Z</time>
   </trkpt>
   <trkpt lat="44.8206080" lon="20.4650300">
    <ele>86.8</ele>
    <time>2026-08-12T17:05:45Z</time>
   </trkpt>
   <trkpt lat="44.8205750" lon="20.4650720">
    <ele>86.9</ele>
    <time>2026-08-12T17:05:46Z</time>
   </trkpt>
   <trkpt lat="44.8205410" lon="20.4651240">
    <ele>87.0</ele>
    <time>2026-08-12T17:05:47Z</time>
   </trkpt>
   <trkpt lat="44.8205010" lon="20.4651700">
    <ele>87.1</ele>
    <time>2026-08-12T17:05:48Z</time>
   </trkpt>
   <trkpt lat="44.8204580" lon="20.4651630">
    <ele>87.2</ele>
    <time>2026-08-12T17:05:49Z</time>
   </trkpt>
   <trkpt lat="44.8204220" lon="20.4651620">
    <ele>87.2</ele>
    <time>2026-08-12T17:05:50Z</time>
   </trkpt>
   <trkpt lat="44.8203900" lon="20.4651660">
    <ele>87.3</ele>
    <time>2026-08-12T17:05:51Z</time>
   </trkpt>
   <trkpt lat="44.8203680" lon="20.4651930">
    <ele>87.4</ele>
    <time>2026-08-12T17:05:52Z</time>
   </trkpt>
   <trkpt lat="44.8203450" lon="20.4652320">
    <ele>87.4</ele>
    <time>2026-08-12T17:05:53Z</time>
   </trkpt>
   <trkpt lat="44.8202930" lon="20.4652600">
    <ele>87.6</ele>
    <time>2026-08-12T17:05:54Z</time>
   </trkpt>
   <trkpt lat="44.8202580" lon="20.4652860">
    <ele>87.7</ele>
    <time>2026-08-12T17:05:55Z</time>
   </trkpt>
   <trkpt lat="44.8202270" lon="20.4653160">
    <ele>87.8</ele>
    <time>2026-08-12T17:05:56Z</time>
   </trkpt>
   <trkpt lat="44.8201990" lon="20.4653490">
    <ele>87.8</ele>
    <time>2026-08-12T17:05:57Z</time>
   </trkpt>
   <trkpt lat="44.8201680" lon="20.4653750">
    <ele>87.9</ele>
    <time>2026-08-12T17:05:58Z</time>
   </trkpt>
   <trkpt lat="44.8201380" lon="20.4654040">
    <ele>88.0</ele>
    <time>2026-08-12T17:05:59Z</time>
   </trkpt>
   <trkpt lat="44.8201150" lon="20.4654450">
    <ele>88.0</ele>
    <time>2026-08-12T17:06:00Z</time>
   </trkpt>
   <trkpt lat="44.8200850" lon="20.4654670">
    <ele>88.1</ele>
    <time>2026-08-12T17:06:01Z</time>
   </trkpt>
   <trkpt lat="44.8200520" lon="20.4655130">
    <ele>88.2</ele>
    <time>2026-08-12T17:06:02Z</time>
   </trkpt>
   <trkpt lat="44.8200200" lon="20.4655440">
    <ele>88.3</ele>
    <time>2026-08-12T17:06:03Z</time>
   </trkpt>
   <trkpt lat="44.8199870" lon="20.4655750">
    <ele>88.4</ele>
    <time>2026-08-12T17:06:04Z</time>
   </trkpt>
   <trkpt lat="44.8199590" lon="20.4656150">
    <ele>88.4</ele>
    <time>2026-08-12T17:06:05Z</time>
   </trkpt>
   <trkpt lat="44.8199160" lon="20.4656590">
    <ele>88.5</ele>
    <time>2026-08-12T17:06:06Z</time>
   </trkpt>
   <trkpt lat="44.8198940" lon="20.4657050">
    <ele>88.6</ele>
    <time>2026-08-12T17:06:07Z</time>
   </trkpt>
   <trkpt lat="44.8198620" lon="20.4657530">
    <ele>88.7</ele>
    <time>2026-08-12T17:06:08Z</time>
   </trkpt>
   <trkpt lat="44.8198390" lon="20.4657910">
    <ele>88.8</ele>
    <time>2026-08-12T17:06:09Z</time>
   </trkpt>
   <trkpt lat="44.8198340" lon="20.4658030">
    <ele>88.8</ele>
    <time>2026-08-12T17:06:10Z</time>
   </trkpt>
   <trkpt lat="44.8198160" lon="20.4658240">
    <ele>88.9</ele>
    <time>2026-08-12T17:06:11Z</time>
   </trkpt>
   <trkpt lat="44.8197680" lon="20.4658840">
    <ele>88.9</ele>
    <time>2026-08-12T17:06:12Z</time>
   </trkpt>
   <trkpt lat="44.8197140" lon="20.4659160">
    <ele>89.0</ele>
    <time>2026-08-12T17:06:13Z</time>
   </trkpt>
   <trkpt lat="44.8196440" lon="20.4659590">
    <ele>89.0</ele>
    <time>2026-08-12T17:06:14Z</time>
   </trkpt>
   <trkpt lat="44.8195790" lon="20.4659860">
    <ele>89.1</ele>
    <time>2026-08-12T17:06:15Z</time>
   </trkpt>
   <trkpt lat="44.8195140" lon="20.4660160">
    <ele>89.2</ele>
    <time>2026-08-12T17:06:16Z</time>
   </trkpt>
   <trkpt lat="44.8194470" lon="20.4660460">
    <ele>89.3</ele>
    <time>2026-08-12T17:06:17Z</time>
   </trkpt>
   <trkpt lat="44.8194080" lon="20.4660710">
    <ele>89.4</ele>
    <time>2026-08-12T17:06:18Z</time>
   </trkpt>
   <trkpt lat="44.8193470" lon="20.4661240">
    <ele>89.5</ele>
    <time>2026-08-12T17:06:19Z</time>
   </trkpt>
   <trkpt lat="44.8192920" lon="20.4661760">
    <ele>89.7</ele>
    <time>2026-08-12T17:06:20Z</time>
   </trkpt>
   <trkpt lat="44.8192300" lon="20.4662250">
    <ele>89.8</ele>
    <time>2026-08-12T17:06:21Z</time>
   </trkpt>
   <trkpt lat="44.8191820" lon="20.4662430">
    <ele>89.9</ele>
    <time>2026-08-12T17:06:22Z</time>
   </trkpt>
   <trkpt lat="44.8191370" lon="20.4662610">
    <ele>90.0</ele>
    <time>2026-08-12T17:06:23Z</time>
   </trkpt>
   <trkpt lat="44.8191080" lon="20.4662870">
    <ele>90.1</ele>
    <time>2026-08-12T17:06:24Z</time>
   </trkpt>
   <trkpt lat="44.8190750" lon="20.4663140">
    <ele>90.2</ele>
    <time>2026-08-12T17:06:25Z</time>
   </trkpt>
   <trkpt lat="44.8190470" lon="20.4663570">
    <ele>90.3</ele>
    <time>2026-08-12T17:06:26Z</time>
   </trkpt>
   <trkpt lat="44.8189990" lon="20.4663970">
    <ele>90.2</ele>
    <time>2026-08-12T17:06:27Z</time>
   </trkpt>
   <trkpt lat="44.8189720" lon="20.4664340">
    <ele>89.9</ele>
    <time>2026-08-12T17:06:28Z</time>
   </trkpt>
   <trkpt lat="44.8189430" lon="20.4664680">
    <ele>89.6</ele>
    <time>2026-08-12T17:06:29Z</time>
   </trkpt>
   <trkpt lat="44.8189190" lon="20.4665050">
    <ele>89.6</ele>
    <time>2026-08-12T17:06:30Z</time>
   </trkpt>
   <trkpt lat="44.8188880" lon="20.4665400">
    <ele>89.7</ele>
    <time>2026-08-12T17:06:31Z</time>
   </trkpt>
   <trkpt lat="44.8188680" lon="20.4665770">
    <ele>89.7</ele>
    <time>2026-08-12T17:06:32Z</time>
   </trkpt>
   <trkpt lat="44.8188500" lon="20.4666110">
    <ele>89.8</ele>
    <time>2026-08-12T17:06:33Z</time>
   </trkpt>
   <trkpt lat="44.8188250" lon="20.4666460">
    <ele>89.9</ele>
    <time>2026-08-12T17:06:34Z</time>
   </trkpt>
   <trkpt lat="44.8187790" lon="20.4666830">
    <ele>90.0</ele>
    <time>2026-08-12T17:06:35Z</time>
   </trkpt>
   <trkpt lat="44.8187470" lon="20.4667220">
    <ele>90.1</ele>
    <time>2026-08-12T17:06:36Z</time>
   </trkpt>
   <trkpt lat="44.8187070" lon="20.4667640">
    <ele>90.1</ele>
    <time>2026-08-12T17:06:37Z</time>
   </trkpt>
   <trkpt lat="44.8186670" lon="20.4667940">
    <ele>90.2</ele>
    <time>2026-08-12T17:06:38Z</time>
   </trkpt>
   <trkpt lat="44.8186370" lon="20.4668250">
    <ele>90.3</ele>
    <time>2026-08-12T17:06:39Z</time>
   </trkpt>
   <trkpt lat="44.8186020" lon="20.4668470">
    <ele>90.4</ele>
    <time>2026-08-12T17:06:40Z</time>
   </trkpt>
   <trkpt lat="44.8185560" lon="20.4668630">
    <ele>90.5</ele>
    <time>2026-08-12T17:06:41Z</time>
   </trkpt>
   <trkpt lat="44.8185120" lon="20.4668780">
    <ele>90.6</ele>
    <time>2026-08-12T17:06:42Z</time>
   </trkpt>
   <trkpt lat="44.8184690" lon="20.4668890">
    <ele>90.6</ele>
    <time>2026-08-12T17:06:43Z</time>
   </trkpt>
   <trkpt lat="44.8184480" lon="20.4669000">
    <ele>90.6</ele>
    <time>2026-08-12T17:06:44Z</time>
   </trkpt>
   <trkpt lat="44.8184250" lon="20.4669130">
    <ele>90.7</ele>
    <time>2026-08-12T17:06:45Z</time>
   </trkpt>
   <trkpt lat="44.8184090" lon="20.4669420">
    <ele>90.7</ele>
    <time>2026-08-12T17:06:46Z</time>
   </trkpt>
   <trkpt lat="44.8183960" lon="20.4669820">
    <ele>90.8</ele>
    <time>2026-08-12T17:06:47Z</time>
   </trkpt>
   <trkpt lat="44.8183760" lon="20.4670190">
    <ele>90.8</ele>
    <time>2026-08-12T17:06:48Z</time>
   </trkpt>
   <trkpt lat="44.8183530" lon="20.4670510">
    <ele>90.9</ele>
    <time>2026-08-12T17:06:49Z</time>
   </trkpt>
   <trkpt lat="44.8183160" lon="20.4670760">
    <ele>90.9</ele>
    <time>2026-08-12T17:06:50Z</time>
   </trkpt>
   <trkpt lat="44.8183030" lon="20.4671160">
    <ele>91.0</ele>
    <time>2026-08-12T17:06:51Z</time>
   </trkpt>
   <trkpt lat="44.8182850" lon="20.4671590">
    <ele>91.1</ele>
    <time>2026-08-12T17:06:52Z</time>
   </trkpt>
   <trkpt lat="44.8182830" lon="20.4672060">
    <ele>91.1</ele>
    <time>2026-08-12T17:06:53Z</time>
   </trkpt>
   <trkpt lat="44.8182610" lon="20.4672350">
    <ele>91.2</ele>
    <time>2026-08-12T17:06:54Z</time>
   </trkpt>
   <trkpt lat="44.8182380" lon="20.4672570">
    <ele>91.3</ele>
    <time>2026-08-12T17:06:55Z</time>
   </trkpt>
   <trkpt lat="44.8182170" lon="20.4672740">
    <ele>91.3</ele>
    <time>2026-08-12T17:06:56Z</time>
   </trkpt>
   <trkpt lat="44.8181970" lon="20.4673100">
    <ele>91.4</ele>
    <time>2026-08-12T17:06:57Z</time>
   </trkpt>
   <trkpt lat="44.8181820" lon="20.4673430">
    <ele>91.5</ele>
    <time>2026-08-12T17:06:58Z</time>
   </trkpt>
   <trkpt lat="44.8181380" lon="20.4673990">
    <ele>91.6</ele>
    <time>2026-08-12T17:06:59Z</time>
   </trkpt>
   <trkpt lat="44.8181000" lon="20.4674240">
    <ele>91.6</ele>
    <time>2026-08-12T17:07:00Z</time>
   </trkpt>
   <trkpt lat="44.8180780" lon="20.4674430">
    <ele>91.7</ele>
    <time>2026-08-12T17:07:01Z</time>
   </trkpt>
   <trkpt lat="44.8180510" lon="20.4674590">
    <ele>91.7</ele>
    <time>2026-08-12T17:07:02Z</time>
   </trkpt>
   <trkpt lat="44.8180280" lon="20.4674690">
    <ele>91.8</ele>
    <time>2026-08-12T17:07:03Z</time>
   </trkpt>
   <trkpt lat="44.8180080" lon="20.4674860">
    <ele>91.9</ele>
    <time>2026-08-12T17:07:04Z</time>
   </trkpt>
   <trkpt lat="44.8179680" lon="20.4674790">
    <ele>92.1</ele>
    <time>2026-08-12T17:07:05Z</time>
   </trkpt>
   <trkpt lat="44.8179360" lon="20.4674710">
    <ele>92.2</ele>
    <time>2026-08-12T17:07:06Z</time>
   </trkpt>
   <trkpt lat="44.8179020" lon="20.4674660">
    <ele>92.3</ele>
    <time>2026-08-12T17:07:07Z</time>
   </trkpt>
   <trkpt lat="44.8178740" lon="20.4674590">
    <ele>92.4</ele>
    <time>2026-08-12T17:07:08Z</time>
   </trkpt>
   <trkpt lat="44.8178470" lon="20.4674550">
    <ele>92.5</ele>
    <time>2026-08-12T17:07:09Z</time>
   </trkpt>
   <trkpt lat="44.8178240" lon="20.4674540">
    <ele>92.6</ele>
    <time>2026-08-12T17:07:10Z</time>
   </trkpt>
   <trkpt lat="44.8178040" lon="20.4674610">
    <ele>92.7</ele>
    <time>2026-08-12T17:07:11Z</time>
   </trkpt>
   <trkpt lat="44.8177820" lon="20.4674600">
    <ele>92.8</ele>
    <time>2026-08-12T17:07:12Z</time>
   </trkpt>
   <trkpt lat="44.8177580" lon="20.4674410">
    <ele>92.9</ele>
    <time>2026-08-12T17:07:13Z</time>
   </trkpt>
   <trkpt lat="44.8177390" lon="20.4674220">
    <ele>92.9</ele>
    <time>2026-08-12T17:07:14Z</time>
   </trkpt>
   <trkpt lat="44.8177190" lon="20.4674180">
    <ele>93.0</ele>
    <time>2026-08-12T17:07:15Z</time>
   </trkpt>
   <trkpt lat="44.8176920" lon="20.4674090">
    <ele>93.1</ele>
    <time>2026-08-12T17:07:16Z</time>
   </trkpt>
   <trkpt lat="44.8176670" lon="20.4674030">
    <ele>93.1</ele>
    <time>2026-08-12T17:07:17Z</time>
   </trkpt>
   <trkpt lat="44.8176420" lon="20.4674060">
    <ele>93.2</ele>
    <time>2026-08-12T17:07:18Z</time>
   </trkpt>
   <trkpt lat="44.8176220" lon="20.4674010">
    <ele>93.3</ele>
    <time>2026-08-12T17:07:19Z</time>
   </trkpt>
   <trkpt lat="44.8175980" lon="20.4673860">
    <ele>93.3</ele>
    <time>2026-08-12T17:07:20Z</time>
   </trkpt>
   <trkpt lat="44.8175750" lon="20.4673930">
    <ele>93.4</ele>
    <time>2026-08-12T17:07:21Z</time>
   </trkpt>
   <trkpt lat="44.8175550" lon="20.4673900">
    <ele>93.5</ele>
    <time>2026-08-12T17:07:22Z</time>
   </trkpt>
   <trkpt lat="44.8175400" lon="20.4673790">
    <ele>93.5</ele>
    <time>2026-08-12T17:07:23Z</time>
   </trkpt>
   <trkpt lat="44.8174980" lon="20.4673570">
    <ele>93.7</ele>
    <time>2026-08-12T17:07:24Z</time>
   </trkpt>
   <trkpt lat="44.8174800" lon="20.4673870">
    <ele>93.7</ele>
    <time>2026-08-12T17:07:25Z</time>
   </trkpt>
   <trkpt lat="44.8174490" lon="20.4673700">
    <ele>93.8</ele>
    <time>2026-08-12T17:07:26Z</time>
   </trkpt>
   <trkpt lat="44.8174310" lon="20.4673710">
    <ele>93.9</ele>
    <time>2026-08-12T17:07:27Z</time>
   </trkpt>
   <trkpt lat="44.8174120" lon="20.4673670">
    <ele>94.0</ele>
    <time>2026-08-12T17:07:28Z</time>
   </trkpt>
   <trkpt lat="44.8172570" lon="20.4678430">
    <ele>95.4</ele>
    <time>2026-08-12T17:07:29Z</time>
   </trkpt>
   <trkpt lat="44.8171220" lon="20.4682880">
    <ele>96.8</ele>
    <time>2026-08-12T17:07:30Z</time>
   </trkpt>
   <trkpt lat="44.8171220" lon="20.4682880">
    <ele>96.8</ele>
    <time>2026-08-12T17:07:31Z</time>
   </trkpt>
   <trkpt lat="44.8171220" lon="20.4682880">
    <ele>96.8</ele>
    <time>2026-08-12T17:07:32Z</time>
   </trkpt>
   <trkpt lat="44.8171220" lon="20.4682880">
    <ele>96.8</ele>
    <time>2026-08-12T17:07:33Z</time>
   </trkpt>
   <trkpt lat="44.8171220" lon="20.4682880">
    <ele>96.8</ele>
    <time>2026-08-12T17:07:34Z</time>
   </trkpt>
   <trkpt lat="44.8171220" lon="20.4682880">
    <ele>96.8</ele>
    <time>2026-08-12T17:07:35Z</time>
   </trkpt>
   <trkpt lat="44.8171220" lon="20.4682880">
    <ele>96.8</ele>
    <time>2026-08-12T17:07:36Z</time>
   </trkpt>
   <trkpt lat="44.8171220" lon="20.4682880">
    <ele>96.8</ele>
    <time>2026-08-12T17:07:37Z</time>
   </trkpt>
   <trkpt lat="44.8169380" lon="20.4685180">
    <ele>98.2</ele>
    <time>2026-08-12T17:08:04Z</time>
   </trkpt>
   <trkpt lat="44.8169290" lon="20.4685190">
    <ele>98.3</ele>
    <time>2026-08-12T17:08:05Z</time>
   </trkpt>
   <trkpt lat="44.8169220" lon="20.4685220">
    <ele>98.3</ele>
    <time>2026-08-12T17:08:06Z</time>
   </trkpt>
   <trkpt lat="44.8169120" lon="20.4685290">
    <ele>98.3</ele>
    <time>2026-08-12T17:08:07Z</time>
   </trkpt>
   <trkpt lat="44.8168910" lon="20.4685660">
    <ele>98.5</ele>
    <time>2026-08-12T17:08:08Z</time>
   </trkpt>
   <trkpt lat="44.8168780" lon="20.4685990">
    <ele>98.5</ele>
    <time>2026-08-12T17:08:09Z</time>
   </trkpt>
   <trkpt lat="44.8168520" lon="20.4686370">
    <ele>98.5</ele>
    <time>2026-08-12T17:08:10Z</time>
   </trkpt>
   <trkpt lat="44.8168340" lon="20.4686550">
    <ele>98.6</ele>
    <time>2026-08-12T17:08:11Z</time>
   </trkpt>
   <trkpt lat="44.8167980" lon="20.4686940">
    <ele>98.8</ele>
    <time>2026-08-12T17:08:12Z</time>
   </trkpt>
   <trkpt lat="44.8167470" lon="20.4687180">
    <ele>98.9</ele>
    <time>2026-08-12T17:08:13Z</time>
   </trkpt>
   <trkpt lat="44.8167040" lon="20.4687410">
    <ele>99.0</ele>
    <time>2026-08-12T17:08:14Z</time>
   </trkpt>
   <trkpt lat="44.8166890" lon="20.4687790">
    <ele>99.0</ele>
    <time>2026-08-12T17:08:15Z</time>
   </trkpt>
   <trkpt lat="44.8166670" lon="20.4688120">
    <ele>99.0</ele>
    <time>2026-08-12T17:08:16Z</time>
   </trkpt>
   <trkpt lat="44.8166480" lon="20.4688790">
    <ele>99.1</ele>
    <time>2026-08-12T17:08:17Z</time>
   </trkpt>
   <trkpt lat="44.8166230" lon="20.4689230">
    <ele>99.1</ele>
    <time>2026-08-12T17:08:18Z</time>
   </trkpt>
   <trkpt lat="44.8165780" lon="20.4689580">
    <ele>99.2</ele>
    <time>2026-08-12T17:08:19Z</time>
   </trkpt>
   <trkpt lat="44.8165190" lon="20.4689850">
    <ele>99.3</ele>
    <time>2026-08-12T17:08:20Z</time>
   </trkpt>
   <trkpt lat="44.8164920" lon="20.4690140">
    <ele>99.4</ele>
    <time>2026-08-12T17:08:21Z</time>
   </trkpt>
   <trkpt lat="44.8164610" lon="20.4690460">
    <ele>99.5</ele>
    <time>2026-08-12T17:08:22Z</time>
   </trkpt>
   <trkpt lat="44.8164240" lon="20.4690860">
    <ele>99.6</ele>
    <time>2026-08-12T17:08:23Z</time>
   </trkpt>
   <trkpt lat="44.8164450" lon="20.4691160">
    <ele>99.7</ele>
    <time>2026-08-12T17:08:24Z</time>
   </trkpt>
   <trkpt lat="44.8164510" lon="20.4691500">
    <ele>99.8</ele>
    <time>2026-08-12T17:08:25Z</time>
   </trkpt>
   <trkpt lat="44.8164140" lon="20.4691760">
    <ele>99.9</ele>
    <time>2026-08-12T17:08:26Z</time>
   </trkpt>
   <trkpt lat="44.8164120" lon="20.4692080">
    <ele>100.0</ele>
    <time>2026-08-12T17:08:27Z</time>
   </trkpt>
   <trkpt lat="44.8164000" lon="20.4692250">
    <ele>100.1</ele>
    <time>2026-08-12T17:08:28Z</time>
   </trkpt>
   <trkpt lat="44.8163730" lon="20.4692310">
    <ele>100.2</ele>
    <time>2026-08-12T17:08:29Z</time>
   </trkpt>
   <trkpt lat="44.8163580" lon="20.4692720">
    <ele>100.3</ele>
    <time>2026-08-12T17:08:30Z</time>
   </trkpt>
   <trkpt lat="44.8163490" lon="20.4693090">
    <ele>100.4</ele>
    <time>2026-08-12T17:08:31Z</time>
   </trkpt>
   <trkpt lat="44.8163430" lon="20.4693460">
    <ele>100.5</ele>
    <time>2026-08-12T17:08:32Z</time>
   </trkpt>
   <trkpt lat="44.8163380" lon="20.4693810">
    <ele>100.6</ele>
    <time>2026-08-12T17:08:33Z</time>
   </trkpt>
   <trkpt lat="44.8163230" lon="20.4694010">
    <ele>100.6</ele>
    <time>2026-08-12T17:08:34Z</time>
   </trkpt>
   <trkpt lat="44.8162970" lon="20.4694010">
    <ele>100.7</ele>
    <time>2026-08-12T17:08:35Z</time>
   </trkpt>
   <trkpt lat="44.8162920" lon="20.4694180">
    <ele>100.6</ele>
    <time>2026-08-12T17:08:36Z</time>
   </trkpt>
   <trkpt lat="44.8162990" lon="20.4694400">
    <ele>100.5</ele>
    <time>2026-08-12T17:08:37Z</time>
   </trkpt>
   <trkpt lat="44.8163040" lon="20.4694670">
    <ele>100.5</ele>
    <time>2026-08-12T17:08:38Z</time>
   </trkpt>
   <trkpt lat="44.8162860" lon="20.4694870">
    <ele>100.5</ele>
    <time>2026-08-12T17:08:39Z</time>
   </trkpt>
   <trkpt lat="44.8162670" lon="20.4695070">
    <ele>100.6</ele>
    <time>2026-08-12T17:08:40Z</time>
   </trkpt>
   <trkpt lat="44.8162230" lon="20.4695550">
    <ele>100.7</ele>
    <time>2026-08-12T17:08:41Z</time>
   </trkpt>
   <trkpt lat="44.8162120" lon="20.4696030">
    <ele>100.8</ele>
    <time>2026-08-12T17:08:42Z</time>
   </trkpt>
   <trkpt lat="44.8161960" lon="20.4696320">
    <ele>100.9</ele>
    <time>2026-08-12T17:08:43Z</time>
   </trkpt>
   <trkpt lat="44.8161980" lon="20.4696680">
    <ele>101.0</ele>
    <time>2026-08-12T17:08:44Z</time>
   </trkpt>
   <trkpt lat="44.8161780" lon="20.4696920">
    <ele>101.1</ele>
    <time>2026-08-12T17:08:45Z</time>
   </trkpt>
   <trkpt lat="44.8161610" lon="20.4697340">
    <ele>101.2</ele>
    <time>2026-08-12T17:08:46Z</time>
   </trkpt>
   <trkpt lat="44.8161420" lon="20.4697970">
    <ele>101.4</ele>
    <time>2026-08-12T17:08:47Z</time>
   </trkpt>
   <trkpt lat="44.8161280" lon="20.4698250">
    <ele>101.4</ele>
    <time>2026-08-12T17:08:48Z</time>
   </trkpt>
   <trkpt lat="44.8161270" lon="20.4698600">
    <ele>101.5</ele>
    <time>2026-08-12T17:08:49Z</time>
   </trkpt>
   <trkpt lat="44.8159630" lon="20.4699310">
    <ele>102.1</ele>
    <time>2026-08-12T17:08:50Z</time>
   </trkpt>
   <trkpt lat="44.8158950" lon="20.4699840">
    <ele>102.4</ele>
    <time>2026-08-12T17:08:51Z</time>
   </trkpt>
   <trkpt lat="44.8158640" lon="20.4700410">
    <ele>102.6</ele>
    <time>2026-08-12T17:08:52Z</time>
   </trkpt>
   <trkpt lat="44.8158420" lon="20.4700890">
    <ele>102.7</ele>
    <time>2026-08-12T17:08:53Z</time>
   </trkpt>
   <trkpt lat="44.8158330" lon="20.4701240">
    <ele>102.8</ele>
    <time>2026-08-12T17:08:54Z</time>
   </trkpt>
   <trkpt lat="44.8158230" lon="20.4701600">
    <ele>102.9</ele>
    <time>2026-08-12T17:08:55Z</time>
   </trkpt>
   <trkpt lat="44.8157930" lon="20.4702070">
    <ele>103.1</ele>
    <time>2026-08-12T17:08:56Z</time>
   </trkpt>
   <trkpt lat="44.8157280" lon="20.4702310">
    <ele>103.3</ele>
    <time>2026-08-12T17:08:57Z</time>
   </trkpt>
   <trkpt lat="44.8156830" lon="20.4702500">
    <ele>103.5</ele>
    <time>2026-08-12T17:08:58Z</time>
   </trkpt>
   <trkpt lat="44.8156500" lon="20.4702830">
    <ele>103.6</ele>
    <time>2026-08-12T17:08:59Z</time>
   </trkpt>
   <trkpt lat="44.8156120" lon="20.4703170">
    <ele>103.7</ele>
    <time>2026-08-12T17:09:00Z</time>
   </trkpt>
   <trkpt lat="44.8155790" lon="20.4703430">
    <ele>103.9</ele>
    <time>2026-08-12T17:09:01Z</time>
   </trkpt>
   <trkpt lat="44.8155530" lon="20.4703600">
    <ele>103.9</ele>
    <time>2026-08-12T17:09:02Z</time>
   </trkpt>
   <trkpt lat="44.8155200" lon="20.4703760">
    <ele>104.0</ele>
    <time>2026-08-12T17:09:03Z</time>
   </trkpt>
   <trkpt lat="44.8155050" lon="20.4704010">
    <ele>104.1</ele>
    <time>2026-08-12T17:09:04Z</time>
   </trkpt>
   <trkpt lat="44.8154830" lon="20.4704130">
    <ele>104.2</ele>
    <time>2026-08-12T17:09:05Z</time>
   </trkpt>
   <trkpt lat="44.8154640" lon="20.4704430">
    <ele>104.2</ele>
    <time>2026-08-12T17:09:06Z</time>
   </trkpt>
   <trkpt lat="44.8154490" lon="20.4704710">
    <ele>104.3</ele>
    <time>2026-08-12T17:09:07Z</time>
   </trkpt>
   <trkpt lat="44.8154220" lon="20.4704810">
    <ele>104.3</ele>
    <time>2026-08-12T17:09:08Z</time>
   </trkpt>
   <trkpt lat="44.8154100" lon="20.4704870">
    <ele>104.3</ele>
    <time>2026-08-12T17:09:09Z</time>
   </trkpt>
   <trkpt lat="44.8153970" lon="20.4704930">
    <ele>104.4</ele>
    <time>2026-08-12T17:09:10Z</time>
   </trkpt>
   <trkpt lat="44.8153850" lon="20.4704980">
    <ele>104.4</ele>
    <time>2026-08-12T17:09:11Z</time>
   </trkpt>
   <trkpt lat="44.8153720" lon="20.4705040">
    <ele>104.4</ele>
    <time>2026-08-12T17:09:12Z</time>
   </trkpt>
   <trkpt lat="44.8153600" lon="20.4705100">
    <ele>104.4</ele>
    <time>2026-08-12T17:09:13Z</time>
   </trkpt>
   <trkpt lat="44.8153490" lon="20.4705520">
    <ele>104.5</ele>
    <time>2026-08-12T17:09:14Z</time>
   </trkpt>
   <trkpt lat="44.8153350" lon="20.4705680">
    <ele>104.5</ele>
    <time>2026-08-12T17:09:15Z</time>
   </trkpt>
   <trkpt lat="44.8153170" lon="20.4705830">
    <ele>104.6</ele>
    <time>2026-08-12T17:09:16Z</time>
   </trkpt>
   <trkpt lat="44.8152960" lon="20.4705990">
    <ele>104.7</ele>
    <time>2026-08-12T17:09:17Z</time>
   </trkpt>
   <trkpt lat="44.8152770" lon="20.4706100">
    <ele>104.8</ele>
    <time>2026-08-12T17:09:18Z</time>
   </trkpt>
   <trkpt lat="44.8152460" lon="20.4706310">
    <ele>104.9</ele>
    <time>2026-08-12T17:09:19Z</time>
   </trkpt>
   <trkpt lat="44.8152170" lon="20.4706490">
    <ele>105.0</ele>
    <time>2026-08-12T17:09:20Z</time>
   </trkpt>
   <trkpt lat="44.8151910" lon="20.4706670">
    <ele>105.1</ele>
    <time>2026-08-12T17:09:21Z</time>
   </trkpt>
   <trkpt lat="44.8151640" lon="20.4706940">
    <ele>105.3</ele>
    <time>2026-08-12T17:09:22Z</time>
   </trkpt>
   <trkpt lat="44.8151270" lon="20.4707190">
    <ele>105.4</ele>
    <time>2026-08-12T17:09:23Z</time>
   </trkpt>
   <trkpt lat="44.8150790" lon="20.4707530">
    <ele>105.5</ele>
    <time>2026-08-12T17:09:24Z</time>
   </trkpt>
   <trkpt lat="44.8150410" lon="20.4707860">
    <ele>105.6</ele>
    <time>2026-08-12T17:09:25Z</time>
   </trkpt>
   <trkpt lat="44.8150320" lon="20.4707960">
    <ele>105.6</ele>
    <time>2026-08-12T17:09:26Z</time>
   </trkpt>
   <trkpt lat="44.8150230" lon="20.4708050">
    <ele>105.6</ele>
    <time>2026-08-12T17:09:27Z</time>
   </trkpt>
   <trkpt lat="44.8149960" lon="20.4708230">
    <ele>105.6</ele>
    <time>2026-08-12T17:09:28Z</time>
   </trkpt>
   <trkpt lat="44.8149670" lon="20.4708380">
    <ele>105.7</ele>
    <time>2026-08-12T17:09:29Z</time>
   </trkpt>
   <trkpt lat="44.8149210" lon="20.4708630">
    <ele>105.7</ele>
    <time>2026-08-12T17:09:31Z</time>
   </trkpt>
   <trkpt lat="44.8148750" lon="20.4709020">
    <ele>105.8</ele>
    <time>2026-08-12T17:09:32Z</time>
   </trkpt>
   <trkpt lat="44.8148330" lon="20.4709450">
    <ele>105.9</ele>
    <time>2026-08-12T17:09:33Z</time>
   </trkpt>
   <trkpt lat="44.8148150" lon="20.4709590">
    <ele>105.9</ele>
    <time>2026-08-12T17:09:34Z</time>
   </trkpt>
   <trkpt lat="44.8147870" lon="20.4709740">
    <ele>106.0</ele>
    <time>2026-08-12T17:09:35Z</time>
   </trkpt>
   <trkpt lat="44.8147650" lon="20.4709840">
    <ele>106.0</ele>
    <time>2026-08-12T17:09:36Z</time>
   </trkpt>
   <trkpt lat="44.8147300" lon="20.4709960">
    <ele>106.1</ele>
    <time>2026-08-12T17:09:37Z</time>
   </trkpt>
   <trkpt lat="44.8146810" lon="20.4710350">
    <ele>106.2</ele>
    <time>2026-08-12T17:09:38Z</time>
   </trkpt>
   <trkpt lat="44.8146500" lon="20.4710750">
    <ele>106.3</ele>
    <time>2026-08-12T17:09:39Z</time>
   </trkpt>
   <trkpt lat="44.8146160" lon="20.4711020">
    <ele>106.3</ele>
    <time>2026-08-12T17:09:40Z</time>
   </trkpt>
   <trkpt lat="44.8145770" lon="20.4711280">
    <ele>106.4</ele>
    <time>2026-08-12T17:09:41Z</time>
   </trkpt>
   <trkpt lat="44.8145690" lon="20.4711370">
    <ele>106.4</ele>
    <time>2026-08-12T17:09:42Z</time>
   </trkpt>
   <trkpt lat="44.8145540" lon="20.4711490">
    <ele>106.5</ele>
    <time>2026-08-12T17:09:43Z</time>
   </trkpt>
   <trkpt lat="44.8145230" lon="20.4711700">
    <ele>106.5</ele>
    <time>2026-08-12T17:09:44Z</time>
   </trkpt>
   <trkpt lat="44.8145090" lon="20.4711920">
    <ele>106.6</ele>
    <time>2026-08-12T17:09:45Z</time>
   </trkpt>
   <trkpt lat="44.8144810" lon="20.4712160">
    <ele>106.6</ele>
    <time>2026-08-12T17:09:46Z</time>
   </trkpt>
   <trkpt lat="44.8144600" lon="20.4712340">
    <ele>106.7</ele>
    <time>2026-08-12T17:09:47Z</time>
   </trkpt>
   <trkpt lat="44.8144280" lon="20.4712450">
    <ele>106.8</ele>
    <time>2026-08-12T17:09:48Z</time>
   </trkpt>
   <trkpt lat="44.8143940" lon="20.4712540">
    <ele>106.8</ele>
    <time>2026-08-12T17:09:49Z</time>
   </trkpt>
   <trkpt lat="44.8143590" lon="20.4712840">
    <ele>106.9</ele>
    <time>2026-08-12T17:09:50Z</time>
   </trkpt>
   <trkpt lat="44.8143320" lon="20.4713060">
    <ele>107.0</ele>
    <time>2026-08-12T17:09:51Z</time>
   </trkpt>
   <trkpt lat="44.8143090" lon="20.4713380">
    <ele>107.1</ele>
    <time>2026-08-12T17:09:52Z</time>
   </trkpt>
   <trkpt lat="44.8142860" lon="20.4713710">
    <ele>107.2</ele>
    <time>2026-08-12T17:09:53Z</time>
   </trkpt>
   <trkpt lat="44.8142640" lon="20.4713900">
    <ele>107.2</ele>
    <time>2026-08-12T17:09:54Z</time>
   </trkpt>
   <trkpt lat="44.8142350" lon="20.4714100">
    <ele>107.3</ele>
    <time>2026-08-12T17:09:55Z</time>
   </trkpt>
   <trkpt lat="44.8141950" lon="20.4714410">
    <ele>107.4</ele>
    <time>2026-08-12T17:09:56Z</time>
   </trkpt>
   <trkpt lat="44.8141740" lon="20.4714660">
    <ele>107.4</ele>
    <time>2026-08-12T17:09:57Z</time>
   </trkpt>
   <trkpt lat="44.8141490" lon="20.4714760">
    <ele>107.5</ele>
    <time>2026-08-12T17:09:58Z</time>
   </trkpt>
   <trkpt lat="44.8141270" lon="20.4714860">
    <ele>107.5</ele>
    <time>2026-08-12T17:09:59Z</time>
   </trkpt>
   <trkpt lat="44.8141060" lon="20.4714920">
    <ele>107.6</ele>
    <time>2026-08-12T17:10:00Z</time>
   </trkpt>
   <trkpt lat="44.8140840" lon="20.4715020">
    <ele>107.6</ele>
    <time>2026-08-12T17:10:01Z</time>
   </trkpt>
   <trkpt lat="44.8140540" lon="20.4715230">
    <ele>107.7</ele>
    <time>2026-08-12T17:10:02Z</time>
   </trkpt>
   <trkpt lat="44.8140320" lon="20.4715350">
    <ele>107.7</ele>
    <time>2026-08-12T17:10:03Z</time>
   </trkpt>
   <trkpt lat="44.8140070" lon="20.4715760">
    <ele>107.8</ele>
    <time>2026-08-12T17:10:04Z</time>
   </trkpt>
   <trkpt lat="44.8139880" lon="20.4715940">
    <ele>107.9</ele>
    <time>2026-08-12T17:10:05Z</time>
   </trkpt>
   <trkpt lat="44.8139630" lon="20.4715970">
    <ele>107.9</ele>
    <time>2026-08-12T17:10:06Z</time>
   </trkpt>
   <trkpt lat="44.8139420" lon="20.4716160">
    <ele>108.0</ele>
    <time>2026-08-12T17:10:07Z</time>
   </trkpt>
   <trkpt lat="44.8139170" lon="20.4716600">
    <ele>108.0</ele>
    <time>2026-08-12T17:10:08Z</time>
   </trkpt>
   <trkpt lat="44.8139040" lon="20.4717040">
    <ele>108.1</ele>
    <time>2026-08-12T17:10:09Z</time>
   </trkpt>
   <trkpt lat="44.8138820" lon="20.4717150">
    <ele>108.2</ele>
    <time>2026-08-12T17:10:10Z</time>
   </trkpt>
   <trkpt lat="44.8138540" lon="20.4717430">
    <ele>108.2</ele>
    <time>2026-08-12T17:10:11Z</time>
   </trkpt>
   <trkpt lat="44.8138350" lon="20.4717640">
    <ele>108.3</ele>
    <time>2026-08-12T17:10:12Z</time>
   </trkpt>
   <trkpt lat="44.8138000" lon="20.4717850">
    <ele>108.4</ele>
    <time>2026-08-12T17:10:13Z</time>
   </trkpt>
   <trkpt lat="44.8137630" lon="20.4718250">
    <ele>108.5</ele>
    <time>2026-08-12T17:10:14Z</time>
   </trkpt>
   <trkpt lat="44.8137330" lon="20.4718250">
    <ele>108.5</ele>
    <time>2026-08-12T17:10:15Z</time>
   </trkpt>
   <trkpt lat="44.8136970" lon="20.4718300">
    <ele>108.6</ele>
    <time>2026-08-12T17:10:16Z</time>
   </trkpt>
   <trkpt lat="44.8136550" lon="20.4718410">
    <ele>108.7</ele>
    <time>2026-08-12T17:10:17Z</time>
   </trkpt>
   <trkpt lat="44.8136220" lon="20.4718480">
    <ele>108.8</ele>
    <time>2026-08-12T17:10:18Z</time>
   </trkpt>
   <trkpt lat="44.8135900" lon="20.4718480">
    <ele>108.9</ele>
    <time>2026-08-12T17:10:19Z</time>
   </trkpt>
   <trkpt lat="44.8135780" lon="20.4718550">
    <ele>108.9</ele>
    <time>2026-08-12T17:10:20Z</time>
   </trkpt>
   <trkpt lat="44.8135660" lon="20.4718620">
    <ele>108.9</ele>
    <time>2026-08-12T17:10:21Z</time>
   </trkpt>
   <trkpt lat="44.8135540" lon="20.4718690">
    <ele>109.0</ele>
    <time>2026-08-12T17:10:22Z</time>
   </trkpt>
   <trkpt lat="44.8135430" lon="20.4718760">
    <ele>109.0</ele>
    <time>2026-08-12T17:10:23Z</time>
   </trkpt>
   <trkpt lat="44.8135310" lon="20.4718830">
    <ele>109.0</ele>
    <time>2026-08-12T17:10:24Z</time>
   </trkpt>
   <trkpt lat="44.8135190" lon="20.4718900">
    <ele>109.1</ele>
    <time>2026-08-12T17:10:25Z</time>
   </trkpt>
   <trkpt lat="44.8135070" lon="20.4718970">
    <ele>109.1</ele>
    <time>2026-08-12T17:10:26Z</time>
   </trkpt>
   <trkpt lat="44.8134950" lon="20.4719040">
    <ele>109.1</ele>
    <time>2026-08-12T17:10:27Z</time>
   </trkpt>
   <trkpt lat="44.8134950" lon="20.4719040">
    <ele>109.1</ele>
    <time>2026-08-12T17:10:28Z</time>
   </trkpt>
   <trkpt lat="44.8133720" lon="20.4720000">
    <ele>109.4</ele>
    <time>2026-08-12T17:11:44Z</time>
   </trkpt>
   <trkpt lat="44.8133620" lon="20.4720020">
    <ele>109.4</ele>
    <time>2026-08-12T17:11:45Z</time>
   </trkpt>
   <trkpt lat="44.8133370" lon="20.4720030">
    <ele>109.4</ele>
    <time>2026-08-12T17:11:46Z</time>
   </trkpt>
   <trkpt lat="44.8133170" lon="20.4720030">
    <ele>109.4</ele>
    <time>2026-08-12T17:11:47Z</time>
   </trkpt>
   <trkpt lat="44.8133100" lon="20.4719980">
    <ele>109.5</ele>
    <time>2026-08-12T17:11:48Z</time>
   </trkpt>
   <trkpt lat="44.8133180" lon="20.4719930">
    <ele>109.5</ele>
    <time>2026-08-12T17:11:49Z</time>
   </trkpt>
   <trkpt lat="44.8133150" lon="20.4720120">
    <ele>109.5</ele>
    <time>2026-08-12T17:11:50Z</time>
   </trkpt>
   <trkpt lat="44.8133060" lon="20.4720190">
    <ele>109.5</ele>
    <time>2026-08-12T17:11:51Z</time>
   </trkpt>
   <trkpt lat="44.8133130" lon="20.4720450">
    <ele>109.5</ele>
    <time>2026-08-12T17:11:52Z</time>
   </trkpt>
   <trkpt lat="44.8133180" lon="20.4720620">
    <ele>109.6</ele>
    <time>2026-08-12T17:11:53Z</time>
   </trkpt>
   <trkpt lat="44.8133100" lon="20.4720940">
    <ele>109.6</ele>
    <time>2026-08-12T17:11:54Z</time>
   </trkpt>
   <trkpt lat="44.8132990" lon="20.4721410">
    <ele>109.7</ele>
    <time>2026-08-12T17:11:55Z</time>
   </trkpt>
   <trkpt lat="44.8132790" lon="20.4721620">
    <ele>109.7</ele>
    <time>2026-08-12T17:11:56Z</time>
   </trkpt>
   <trkpt lat="44.8132370" lon="20.4721710">
    <ele>109.8</ele>
    <time>2026-08-12T17:11:57Z</time>
   </trkpt>
   <trkpt lat="44.8131960" lon="20.4721950">
    <ele>109.8</ele>
    <time>2026-08-12T17:11:58Z</time>
   </trkpt>
   <trkpt lat="44.8131610" lon="20.4722200">
    <ele>109.9</ele>
    <time>2026-08-12T17:11:59Z</time>
   </trkpt>
   <trkpt lat="44.8131330" lon="20.4722450">
    <ele>109.9</ele>
    <time>2026-08-12T17:12:00Z</time>
   </trkpt>
   <trkpt lat="44.8131130" lon="20.4722760">
    <ele>110.0</ele>
    <time>2026-08-12T17:12:01Z</time>
   </trkpt>
   <trkpt lat="44.8130930" lon="20.4723000">
    <ele>110.0</ele>
    <time>2026-08-12T17:12:02Z</time>
   </trkpt>
   <trkpt lat="44.8130740" lon="20.4723290">
    <ele>110.1</ele>
    <time>2026-08-12T17:12:03Z</time>
   </trkpt>
   <trkpt lat="44.8130470" lon="20.4723720">
    <ele>110.1</ele>
    <time>2026-08-12T17:12:04Z</time>
   </trkpt>
   <trkpt lat="44.8130060" lon="20.4724120">
    <ele>110.2</ele>
    <time>2026-08-12T17:12:05Z</time>
   </trkpt>
   <trkpt lat="44.8129950" lon="20.4724340">
    <ele>110.2</ele>
    <time>2026-08-12T17:12:06Z</time>
   </trkpt>
   <trkpt lat="44.8129550" lon="20.4724570">
    <ele>110.3</ele>
    <time>2026-08-12T17:12:07Z</time>
   </trkpt>
   <trkpt lat="44.8129260" lon="20.4724690">
    <ele>110.4</ele>
    <time>2026-08-12T17:12:08Z</time>
   </trkpt>
   <trkpt lat="44.8129100" lon="20.4724720">
    <ele>110.4</ele>
    <time>2026-08-12T17:12:09Z</time>
   </trkpt>
   <trkpt lat="44.8128930" lon="20.4724790">
    <ele>110.4</ele>
    <time>2026-08-12T17:12:10Z</time>
   </trkpt>
   <trkpt lat="44.8128750" lon="20.4724840">
    <ele>110.5</ele>
    <time>2026-08-12T17:12:11Z</time>
   </trkpt>
   <trkpt lat="44.8128580" lon="20.4724890">
    <ele>110.5</ele>
    <time>2026-08-12T17:12:12Z</time>
   </trkpt>
   <trkpt lat="44.8128430" lon="20.4724990">
    <ele>110.5</ele>
    <time>2026-08-12T17:12:13Z</time>
   </trkpt>
   <trkpt lat="44.8128240" lon="20.4725380">
    <ele>110.6</ele>
    <time>2026-08-12T17:12:14Z</time>
   </trkpt>
   <trkpt lat="44.8128050" lon="20.4725630">
    <ele>110.6</ele>
    <time>2026-08-12T17:12:16Z</time>
   </trkpt>
   <trkpt lat="44.8127930" lon="20.4725970">
    <ele>110.7</ele>
    <time>2026-08-12T17:12:17Z</time>
   </trkpt>
   <trkpt lat="44.8127790" lon="20.4726170">
    <ele>110.7</ele>
    <time>2026-08-12T17:12:18Z</time>
   </trkpt>
   <trkpt lat="44.8127630" lon="20.4726260">
    <ele>110.7</ele>
    <time>2026-08-12T17:12:19Z</time>
   </trkpt>
   <trkpt lat="44.8127410" lon="20.4726390">
    <ele>110.8</ele>
    <time>2026-08-12T17:12:20Z</time>
   </trkpt>
   <trkpt lat="44.8127140" lon="20.4726530">
    <ele>110.8</ele>
    <time>2026-08-12T17:12:21Z</time>
   </trkpt>
   <trkpt lat="44.8126990" lon="20.4726630">
    <ele>110.8</ele>
    <time>2026-08-12T17:12:22Z</time>
   </trkpt>
   <trkpt lat="44.8126860" lon="20.4726730">
    <ele>110.9</ele>
    <time>2026-08-12T17:12:23Z</time>
   </trkpt>
   <trkpt lat="44.8126750" lon="20.4726820">
    <ele>110.9</ele>
    <time>2026-08-12T17:12:24Z</time>
   </trkpt>
   <trkpt lat="44.8126540" lon="20.4726940">
    <ele>110.9</ele>
    <time>2026-08-12T17:12:25Z</time>
   </trkpt>
   <trkpt lat="44.8126290" lon="20.4726990">
    <ele>111.0</ele>
    <time>2026-08-12T17:12:26Z</time>
   </trkpt>
   <trkpt lat="44.8126280" lon="20.4727480">
    <ele>111.0</ele>
    <time>2026-08-12T17:12:27Z</time>
   </trkpt>
   <trkpt lat="44.8126160" lon="20.4727560">
    <ele>111.1</ele>
    <time>2026-08-12T17:12:28Z</time>
   </trkpt>
   <trkpt lat="44.8126040" lon="20.4727650">
    <ele>111.1</ele>
    <time>2026-08-12T17:12:29Z</time>
   </trkpt>
   <trkpt lat="44.8125920" lon="20.4727720">
    <ele>111.1</ele>
    <time>2026-08-12T17:12:30Z</time>
   </trkpt>
   <trkpt lat="44.8125750" lon="20.4727780">
    <ele>111.1</ele>
    <time>2026-08-12T17:12:31Z</time>
   </trkpt>
   <trkpt lat="44.8125600" lon="20.4727830">
    <ele>111.2</ele>
    <time>2026-08-12T17:12:32Z</time>
   </trkpt>
   <trkpt lat="44.8125410" lon="20.4728260">
    <ele>111.3</ele>
    <time>2026-08-12T17:12:33Z</time>
   </trkpt>
   <trkpt lat="44.8125240" lon="20.4728380">
    <ele>111.3</ele>
    <time>2026-08-12T17:12:34Z</time>
   </trkpt>
   <trkpt lat="44.8124990" lon="20.4728380">
    <ele>111.3</ele>
    <time>2026-08-12T17:12:35Z</time>
   </trkpt>
   <trkpt lat="44.8124810" lon="20.4728620">
    <ele>111.4</ele>
    <time>2026-08-12T17:12:36Z</time>
   </trkpt>
   <trkpt lat="44.8124810" lon="20.4728670">
    <ele>111.4</ele>
    <time>2026-08-12T17:12:37Z</time>
   </trkpt>
   <trkpt lat="44.8124730" lon="20.4728780">
    <ele>111.4</ele>
    <time>2026-08-12T17:12:38Z</time>
   </trkpt>
   <trkpt lat="44.8124610" lon="20.4729040">
    <ele>111.5</ele>
    <time>2026-08-12T17:12:39Z</time>
   </trkpt>
   <trkpt lat="44.8124420" lon="20.4729280">
    <ele>111.5</ele>
    <time>2026-08-12T17:12:40Z</time>
   </trkpt>
   <trkpt lat="44.8124420" lon="20.4729280">
    <ele>111.5</ele>
    <time>2026-08-12T17:12:41Z</time>
   </trkpt>
   <trkpt lat="44.8124420" lon="20.4729280">
    <ele>111.5</ele>
    <time>2026-08-12T17:12:42Z</time>
   </trkpt>
   <trkpt lat="44.8124420" lon="20.4729280">
    <ele>111.5</ele>
    <time>2026-08-12T17:12:43Z</time>
   </trkpt>
   <trkpt lat="44.8124420" lon="20.4729280">
    <ele>111.5</ele>
    <time>2026-08-12T17:12:44Z</time>
   </trkpt>
   <trkpt lat="44.8124420" lon="20.4729280">
    <ele>111.5</ele>
    <time>2026-08-12T17:12:45Z</time>
   </trkpt>
   <trkpt lat="44.8124310" lon="20.4729450">
    <ele>111.6</ele>
    <time>2026-08-12T17:12:46Z</time>
   </trkpt>
   <trkpt lat="44.8124140" lon="20.4729700">
    <ele>111.6</ele>
    <time>2026-08-12T17:12:47Z</time>
   </trkpt>
   <trkpt lat="44.8123820" lon="20.4729690">
    <ele>111.7</ele>
    <time>2026-08-12T17:12:48Z</time>
   </trkpt>
   <trkpt lat="44.8123500" lon="20.4729680">
    <ele>111.8</ele>
    <time>2026-08-12T17:12:49Z</time>
   </trkpt>
   <trkpt lat="44.8123250" lon="20.4729630">
    <ele>111.8</ele>
    <time>2026-08-12T17:12:50Z</time>
   </trkpt>
   <trkpt lat="44.8123000" lon="20.4729660">
    <ele>111.9</ele>
    <time>2026-08-12T17:12:51Z</time>
   </trkpt>
   <trkpt lat="44.8122710" lon="20.4729510">
    <ele>112.0</ele>
    <time>2026-08-12T17:12:52Z</time>
   </trkpt>
   <trkpt lat="44.8122000" lon="20.4729530">
    <ele>112.2</ele>
    <time>2026-08-12T17:12:53Z</time>
   </trkpt>
   <trkpt lat="44.8118500" lon="20.4729730">
    <ele>113.5</ele>
    <time>2026-08-12T17:12:54Z</time>
   </trkpt>
   <trkpt lat="44.8116010" lon="20.4730570">
    <ele>113.7</ele>
    <time>2026-08-12T17:12:55Z</time>
   </trkpt>
   <trkpt lat="44.8114970" lon="20.4731060">
    <ele>113.8</ele>
    <time>2026-08-12T17:12:56Z</time>
   </trkpt>
   <trkpt lat="44.8113640" lon="20.4732830">
    <ele>114.0</ele>
    <time>2026-08-12T17:12:57Z</time>
   </trkpt>
   <trkpt lat="44.8113170" lon="20.4733380">
    <ele>114.1</ele>
    <time>2026-08-12T17:12:58Z</time>
   </trkpt>
   <trkpt lat="44.8112690" lon="20.4733930">
    <ele>114.2</ele>
    <time>2026-08-12T17:12:59Z</time>
   </trkpt>
   <trkpt lat="44.8112190" lon="20.4734530">
    <ele>114.3</ele>
    <time>2026-08-12T17:13:00Z</time>
   </trkpt>
   <trkpt lat="44.8111390" lon="20.4735750">
    <ele>114.4</ele>
    <time>2026-08-12T17:13:01Z</time>
   </trkpt>
   <trkpt lat="44.8109880" lon="20.4737160">
    <ele>114.7</ele>
    <time>2026-08-12T17:13:02Z</time>
   </trkpt>
   <trkpt lat="44.8110420" lon="20.4738930">
    <ele>114.8</ele>
    <time>2026-08-12T17:13:03Z</time>
   </trkpt>
   <trkpt lat="44.8110160" lon="20.4739720">
    <ele>114.8</ele>
    <time>2026-08-12T17:13:05Z</time>
   </trkpt>
   <trkpt lat="44.8109760" lon="20.4740200">
    <ele>114.8</ele>
    <time>2026-08-12T17:13:06Z</time>
   </trkpt>
   <trkpt lat="44.8109070" lon="20.4740460">
    <ele>114.8</ele>
    <time>2026-08-12T17:13:07Z</time>
   </trkpt>
   <trkpt lat="44.8108500" lon="20.4741170">
    <ele>114.9</ele>
    <time>2026-08-12T17:13:08Z</time>
   </trkpt>
   <trkpt lat="44.8108220" lon="20.4741450">
    <ele>114.9</ele>
    <time>2026-08-12T17:13:09Z</time>
   </trkpt>
   <trkpt lat="44.8107940" lon="20.4741720">
    <ele>115.0</ele>
    <time>2026-08-12T17:13:10Z</time>
   </trkpt>
   <trkpt lat="44.8107740" lon="20.4741810">
    <ele>115.0</ele>
    <time>2026-08-12T17:13:11Z</time>
   </trkpt>
   <trkpt lat="44.8107460" lon="20.4742160">
    <ele>115.0</ele>
    <time>2026-08-12T17:13:12Z</time>
   </trkpt>
   <trkpt lat="44.8107370" lon="20.4743060">
    <ele>115.1</ele>
    <time>2026-08-12T17:13:13Z</time>
   </trkpt>
   <trkpt lat="44.8106920" lon="20.4743340">
    <ele>115.1</ele>
    <time>2026-08-12T17:13:14Z</time>
   </trkpt>
   <trkpt lat="44.8106660" lon="20.4743710">
    <ele>115.2</ele>
    <time>2026-08-12T17:13:15Z</time>
   </trkpt>
   <trkpt lat="44.8106480" lon="20.4744040">
    <ele>115.2</ele>
    <time>2026-08-12T17:13:16Z</time>
   </trkpt>
   <trkpt lat="44.8106300" lon="20.4744460">
    <ele>115.2</ele>
    <time>2026-08-12T17:13:17Z</time>
   </trkpt>
   <trkpt lat="44.8106080" lon="20.4744630">
    <ele>115.3</ele>
    <time>2026-08-12T17:13:18Z</time>
   </trkpt>
   <trkpt lat="44.8105770" lon="20.4744780">
    <ele>115.4</ele>
    <time>2026-08-12T17:13:19Z</time>
   </trkpt>
   <trkpt lat="44.8105380" lon="20.4744910">
    <ele>115.5</ele>
    <time>2026-08-12T17:13:20Z</time>
   </trkpt>
   <trkpt lat="44.8105120" lon="20.4745080">
    <ele>115.5</ele>
    <time>2026-08-12T17:13:21Z</time>
   </trkpt>
   <trkpt lat="44.8104770" lon="20.4745250">
    <ele>115.6</ele>
    <time>2026-08-12T17:13:22Z</time>
   </trkpt>
   <trkpt lat="44.8104440" lon="20.4745300">
    <ele>115.7</ele>
    <time>2026-08-12T17:13:23Z</time>
   </trkpt>
   <trkpt lat="44.8104190" lon="20.4745720">
    <ele>115.8</ele>
    <time>2026-08-12T17:13:24Z</time>
   </trkpt>
   <trkpt lat="44.8104170" lon="20.4745960">
    <ele>115.8</ele>
    <time>2026-08-12T17:13:25Z</time>
   </trkpt>
   <trkpt lat="44.8104140" lon="20.4746390">
    <ele>115.9</ele>
    <time>2026-08-12T17:13:26Z</time>
   </trkpt>
   <trkpt lat="44.8104010" lon="20.4746570">
    <ele>116.0</ele>
    <time>2026-08-12T17:13:27Z</time>
   </trkpt>
   <trkpt lat="44.8103880" lon="20.4746720">
    <ele>116.0</ele>
    <time>2026-08-12T17:13:28Z</time>
   </trkpt>
   <trkpt lat="44.8103760" lon="20.4746850">
    <ele>116.0</ele>
    <time>2026-08-12T17:13:29Z</time>
   </trkpt>
   <trkpt lat="44.8103500" lon="20.4747350">
    <ele>116.1</ele>
    <time>2026-08-12T17:13:30Z</time>
   </trkpt>
   <trkpt lat="44.8103180" lon="20.4747540">
    <ele>116.2</ele>
    <time>2026-08-12T17:13:31Z</time>
   </trkpt>
   <trkpt lat="44.8103090" lon="20.4747880">
    <ele>116.3</ele>
    <time>2026-08-12T17:13:32Z</time>
   </trkpt>
   <trkpt lat="44.8102950" lon="20.4748100">
    <ele>116.3</ele>
    <time>2026-08-12T17:13:33Z</time>
   </trkpt>
   <trkpt lat="44.8102780" lon="20.4748690">
    <ele>116.5</ele>
    <time>2026-08-12T17:13:34Z</time>
   </trkpt>
   <trkpt lat="44.8102610" lon="20.4748840">
    <ele>116.5</ele>
    <time>2026-08-12T17:13:35Z</time>
   </trkpt>
   <trkpt lat="44.8102370" lon="20.4749100">
    <ele>116.6</ele>
    <time>2026-08-12T17:13:36Z</time>
   </trkpt>
   <trkpt lat="44.8102140" lon="20.4749280">
    <ele>116.7</ele>
    <time>2026-08-12T17:13:37Z</time>
   </trkpt>
   <trkpt lat="44.8101990" lon="20.4749430">
    <ele>116.7</ele>
    <time>2026-08-12T17:13:38Z</time>
   </trkpt>
   <trkpt lat="44.8101630" lon="20.4749840">
    <ele>116.8</ele>
    <time>2026-08-12T17:13:39Z</time>
   </trkpt>
   <trkpt lat="44.8101440" lon="20.4749950">
    <ele>116.9</ele>
    <time>2026-08-12T17:13:40Z</time>
   </trkpt>
   <trkpt lat="44.8101060" lon="20.4749870">
    <ele>117.0</ele>
    <time>2026-08-12T17:13:41Z</time>
   </trkpt>
   <trkpt lat="44.8100900" lon="20.4749980">
    <ele>117.1</ele>
    <time>2026-08-12T17:13:42Z</time>
   </trkpt>
   <trkpt lat="44.8100410" lon="20.4749840">
    <ele>117.2</ele>
    <time>2026-08-12T17:13:43Z</time>
   </trkpt>
   <trkpt lat="44.8099740" lon="20.4749880">
    <ele>117.3</ele>
    <time>2026-08-12T17:13:44Z</time>
   </trkpt>
   <trkpt lat="44.8099190" lon="20.4750140">
    <ele>117.5</ele>
    <time>2026-08-12T17:13:45Z</time>
   </trkpt>
   <trkpt lat="44.8099130" lon="20.4750100">
    <ele>117.5</ele>
    <time>2026-08-12T17:13:46Z</time>
   </trkpt>
   <trkpt lat="44.8099040" lon="20.4750120">
    <ele>117.5</ele>
    <time>2026-08-12T17:13:47Z</time>
   </trkpt>
   <trkpt lat="44.8099120" lon="20.4750230">
    <ele>117.5</ele>
    <time>2026-08-12T17:13:48Z</time>
   </trkpt>
   <trkpt lat="44.8098940" lon="20.4750490">
    <ele>117.6</ele>
    <time>2026-08-12T17:13:49Z</time>
   </trkpt>
   <trkpt lat="44.8098930" lon="20.4750480">
    <ele>117.6</ele>
    <time>2026-08-12T17:13:50Z</time>
   </trkpt>
   <trkpt lat="44.8098920" lon="20.4750610">
    <ele>117.6</ele>
    <time>2026-08-12T17:13:51Z</time>
   </trkpt>
   <trkpt lat="44.8098890" lon="20.4750660">
    <ele>117.6</ele>
    <time>2026-08-12T17:13:52Z</time>
   </trkpt>
   <trkpt lat="44.8098910" lon="20.4750650">
    <ele>117.6</ele>
    <time>2026-08-12T17:13:53Z</time>
   </trkpt>
   <trkpt lat="44.8098680" lon="20.4750580">
    <ele>117.7</ele>
    <time>2026-08-12T17:13:54Z</time>
   </trkpt>
   <trkpt lat="44.8098570" lon="20.4750670">
    <ele>117.7</ele>
    <time>2026-08-12T17:13:55Z</time>
   </trkpt>
   <trkpt lat="44.8098190" lon="20.4750990">
    <ele>117.8</ele>
    <time>2026-08-12T17:13:56Z</time>
   </trkpt>
   <trkpt lat="44.8097990" lon="20.4751260">
    <ele>117.9</ele>
    <time>2026-08-12T17:13:57Z</time>
   </trkpt>
   <trkpt lat="44.8097850" lon="20.4751490">
    <ele>117.9</ele>
    <time>2026-08-12T17:13:58Z</time>
   </trkpt>
   <trkpt lat="44.8097590" lon="20.4751710">
    <ele>118.0</ele>
    <time>2026-08-12T17:13:59Z</time>
   </trkpt>
   <trkpt lat="44.8097150" lon="20.4752050">
    <ele>118.1</ele>
    <time>2026-08-12T17:14:00Z</time>
   </trkpt>
   <trkpt lat="44.8096680" lon="20.4752540">
    <ele>118.2</ele>
    <time>2026-08-12T17:14:01Z</time>
   </trkpt>
   <trkpt lat="44.8095650" lon="20.4753350">
    <ele>118.4</ele>
    <time>2026-08-12T17:14:02Z</time>
   </trkpt>
   <trkpt lat="44.8094940" lon="20.4754010">
    <ele>118.6</ele>
    <time>2026-08-12T17:14:03Z</time>
   </trkpt>
   <trkpt lat="44.8094660" lon="20.4754330">
    <ele>118.7</ele>
    <time>2026-08-12T17:14:04Z</time>
   </trkpt>
   <trkpt lat="44.8094360" lon="20.4754770">
    <ele>118.8</ele>
    <time>2026-08-12T17:14:05Z</time>
   </trkpt>
   <trkpt lat="44.8094020" lon="20.4755160">
    <ele>118.9</ele>
    <time>2026-08-12T17:14:06Z</time>
   </trkpt>
   <trkpt lat="44.8093660" lon="20.4755420">
    <ele>118.9</ele>
    <time>2026-08-12T17:14:07Z</time>
   </trkpt>
   <trkpt lat="44.8093460" lon="20.4755640">
    <ele>119.0</ele>
    <time>2026-08-12T17:14:08Z</time>
   </trkpt>
   <trkpt lat="44.8093180" lon="20.4755720">
    <ele>119.0</ele>
    <time>2026-08-12T17:14:09Z</time>
   </trkpt>
   <trkpt lat="44.8092870" lon="20.4756100">
    <ele>119.1</ele>
    <time>2026-08-12T17:14:10Z</time>
   </trkpt>
   <trkpt lat="44.8092590" lon="20.4756180">
    <ele>119.2</ele>
    <time>2026-08-12T17:14:11Z</time>
   </trkpt>
   <trkpt lat="44.8092490" lon="20.4756420">
    <ele>119.2</ele>
    <time>2026-08-12T17:14:12Z</time>
   </trkpt>
   <trkpt lat="44.8092220" lon="20.4756630">
    <ele>119.3</ele>
    <time>2026-08-12T17:14:13Z</time>
   </trkpt>
   <trkpt lat="44.8091860" lon="20.4756660">
    <ele>119.4</ele>
    <time>2026-08-12T17:14:14Z</time>
   </trkpt>
   <trkpt lat="44.8091650" lon="20.4756910">
    <ele>119.4</ele>
    <time>2026-08-12T17:14:15Z</time>
   </trkpt>
   <trkpt lat="44.8091040" lon="20.4756980">
    <ele>119.5</ele>
    <time>2026-08-12T17:14:16Z</time>
   </trkpt>
   <trkpt lat="44.8090660" lon="20.4757130">
    <ele>119.6</ele>
    <time>2026-08-12T17:14:17Z</time>
   </trkpt>
   <trkpt lat="44.8090300" lon="20.4757450">
    <ele>119.7</ele>
    <time>2026-08-12T17:14:18Z</time>
   </trkpt>
   <trkpt lat="44.8090010" lon="20.4757870">
    <ele>119.8</ele>
    <time>2026-08-12T17:14:19Z</time>
   </trkpt>
   <trkpt lat="44.8089710" lon="20.4758060">
    <ele>119.8</ele>
    <time>2026-08-12T17:14:20Z</time>
   </trkpt>
   <trkpt lat="44.8089470" lon="20.4758310">
    <ele>119.9</ele>
    <time>2026-08-12T17:14:21Z</time>
   </trkpt>
   <trkpt lat="44.8089240" lon="20.4758710">
    <ele>120.0</ele>
    <time>2026-08-12T17:14:22Z</time>
   </trkpt>
   <trkpt lat="44.8089030" lon="20.4759030">
    <ele>120.0</ele>
    <time>2026-08-12T17:14:23Z</time>
   </trkpt>
   <trkpt lat="44.8088840" lon="20.4759240">
    <ele>120.0</ele>
    <time>2026-08-12T17:14:24Z</time>
   </trkpt>
   <trkpt lat="44.8088670" lon="20.4759400">
    <ele>120.1</ele>
    <time>2026-08-12T17:14:25Z</time>
   </trkpt>
   <trkpt lat="44.8088350" lon="20.4759700">
    <ele>120.2</ele>
    <time>2026-08-12T17:14:26Z</time>
   </trkpt>
   <trkpt lat="44.8088170" lon="20.4759860">
    <ele>120.2</ele>
    <time>2026-08-12T17:14:27Z</time>
   </trkpt>
   <trkpt lat="44.8088000" lon="20.4760040">
    <ele>120.2</ele>
    <time>2026-08-12T17:14:28Z</time>
   </trkpt>
   <trkpt lat="44.8087750" lon="20.4760270">
    <ele>120.3</ele>
    <time>2026-08-12T17:14:29Z</time>
   </trkpt>
   <trkpt lat="44.8087590" lon="20.4760430">
    <ele>120.3</ele>
    <time>2026-08-12T17:14:30Z</time>
   </trkpt>
   <trkpt lat="44.8087360" lon="20.4760610">
    <ele>120.4</ele>
    <time>2026-08-12T17:14:31Z</time>
   </trkpt>
   <trkpt lat="44.8087130" lon="20.4760850">
    <ele>120.5</ele>
    <time>2026-08-12T17:14:32Z</time>
   </trkpt>
   <trkpt lat="44.8086890" lon="20.4761350">
    <ele>120.6</ele>
    <time>2026-08-12T17:14:33Z</time>
   </trkpt>
   <trkpt lat="44.8086790" lon="20.4761730">
    <ele>120.6</ele>
    <time>2026-08-12T17:14:34Z</time>
   </trkpt>
   <trkpt lat="44.8086580" lon="20.4761930">
    <ele>120.7</ele>
    <time>2026-08-12T17:14:35Z</time>
   </trkpt>
   <trkpt lat="44.8086200" lon="20.4762150">
    <ele>120.7</ele>
    <time>2026-08-12T17:14:36Z</time>
   </trkpt>
   <trkpt lat="44.8085850" lon="20.4762330">
    <ele>120.8</ele>
    <time>2026-08-12T17:14:37Z</time>
   </trkpt>
   <trkpt lat="44.8085630" lon="20.4762480">
    <ele>120.9</ele>
    <time>2026-08-12T17:14:38Z</time>
   </trkpt>
   <trkpt lat="44.8085410" lon="20.4762670">
    <ele>120.9</ele>
    <time>2026-08-12T17:14:39Z</time>
   </trkpt>
   <trkpt lat="44.8085230" lon="20.4763000">
    <ele>121.0</ele>
    <time>2026-08-12T17:14:40Z</time>
   </trkpt>
   <trkpt lat="44.8084960" lon="20.4763110">
    <ele>121.0</ele>
    <time>2026-08-12T17:14:41Z</time>
   </trkpt>
   <trkpt lat="44.8084690" lon="20.4763360">
    <ele>121.1</ele>
    <time>2026-08-12T17:14:42Z</time>
   </trkpt>
   <trkpt lat="44.8084450" lon="20.4763550">
    <ele>121.2</ele>
    <time>2026-08-12T17:14:43Z</time>
   </trkpt>
   <trkpt lat="44.8084210" lon="20.4763810">
    <ele>121.3</ele>
    <time>2026-08-12T17:14:44Z</time>
   </trkpt>
   <trkpt lat="44.8083940" lon="20.4764140">
    <ele>121.4</ele>
    <time>2026-08-12T17:14:45Z</time>
   </trkpt>
   <trkpt lat="44.8083730" lon="20.4764380">
    <ele>121.5</ele>
    <time>2026-08-12T17:14:46Z</time>
   </trkpt>
   <trkpt lat="44.8083540" lon="20.4764570">
    <ele>121.5</ele>
    <time>2026-08-12T17:14:47Z</time>
   </trkpt>
   <trkpt lat="44.8083310" lon="20.4764830">
    <ele>121.6</ele>
    <time>2026-08-12T17:14:48Z</time>
   </trkpt>
   <trkpt lat="44.8083100" lon="20.4764950">
    <ele>121.7</ele>
    <time>2026-08-12T17:14:49Z</time>
   </trkpt>
   <trkpt lat="44.8082960" lon="20.4765220">
    <ele>121.8</ele>
    <time>2026-08-12T17:14:50Z</time>
   </trkpt>
   <trkpt lat="44.8082710" lon="20.4765510">
    <ele>121.9</ele>
    <time>2026-08-12T17:14:51Z</time>
   </trkpt>
   <trkpt lat="44.8082280" lon="20.4765750">
    <ele>122.1</ele>
    <time>2026-08-12T17:14:52Z</time>
   </trkpt>
   <trkpt lat="44.8081920" lon="20.4766140">
    <ele>122.1</ele>
    <time>2026-08-12T17:14:53Z</time>
   </trkpt>
   <trkpt lat="44.8081660" lon="20.4766490">
    <ele>122.2</ele>
    <time>2026-08-12T17:14:54Z</time>
   </trkpt>
   <trkpt lat="44.8081350" lon="20.4766740">
    <ele>122.3</ele>
    <time>2026-08-12T17:14:55Z</time>
   </trkpt>
   <trkpt lat="44.8081040" lon="20.4766970">
    <ele>122.3</ele>
    <time>2026-08-12T17:14:56Z</time>
   </trkpt>
   <trkpt lat="44.8080680" lon="20.4767200">
    <ele>122.4</ele>
    <time>2026-08-12T17:14:57Z</time>
   </trkpt>
   <trkpt lat="44.8080290" lon="20.4767700">
    <ele>122.5</ele>
    <time>2026-08-12T17:14:58Z</time>
   </trkpt>
   <trkpt lat="44.8080000" lon="20.4768000">
    <ele>122.6</ele>
    <time>2026-08-12T17:14:59Z</time>
   </trkpt>
   <trkpt lat="44.8079830" lon="20.4768280">
    <ele>122.6</ele>
    <time>2026-08-12T17:15:00Z</time>
   </trkpt>
   <trkpt lat="44.8079670" lon="20.4768560">
    <ele>122.7</ele>
    <time>2026-08-12T17:15:01Z</time>
   </trkpt>
   <trkpt lat="44.8079550" lon="20.4768890">
    <ele>122.7</ele>
    <time>2026-08-12T17:15:02Z</time>
   </trkpt>
   <trkpt lat="44.8079380" lon="20.4769020">
    <ele>122.7</ele>
    <time>2026-08-12T17:15:03Z</time>
   </trkpt>
   <trkpt lat="44.8079220" lon="20.4769160">
    <ele>122.8</ele>
    <time>2026-08-12T17:15:04Z</time>
   </trkpt>
   <trkpt lat="44.8079020" lon="20.4769220">
    <ele>122.8</ele>
    <time>2026-08-12T17:15:05Z</time>
   </trkpt>
   <trkpt lat="44.8078860" lon="20.4769330">
    <ele>122.8</ele>
    <time>2026-08-12T17:15:06Z</time>
   </trkpt>
   <trkpt lat="44.8078710" lon="20.4769470">
    <ele>122.9</ele>
    <time>2026-08-12T17:15:07Z</time>
   </trkpt>
   <trkpt lat="44.8078540" lon="20.4769580">
    <ele>122.9</ele>
    <time>2026-08-12T17:15:08Z</time>
   </trkpt>
   <trkpt lat="44.8078410" lon="20.4769770">
    <ele>122.9</ele>
    <time>2026-08-12T17:15:09Z</time>
   </trkpt>
   <trkpt lat="44.8078290" lon="20.4769980">
    <ele>123.0</ele>
    <time>2026-08-12T17:15:10Z</time>
   </trkpt>
   <trkpt lat="44.8078120" lon="20.4770080">
    <ele>123.0</ele>
    <time>2026-08-12T17:15:11Z</time>
   </trkpt>
   <trkpt lat="44.8077950" lon="20.4770170">
    <ele>123.1</ele>
    <time>2026-08-12T17:15:12Z</time>
   </trkpt>
   <trkpt lat="44.8077830" lon="20.4770380">
    <ele>123.1</ele>
    <time>2026-08-12T17:15:13Z</time>
   </trkpt>
   <trkpt lat="44.8077650" lon="20.4770420">
    <ele>123.1</ele>
    <time>2026-08-12T17:15:14Z</time>
   </trkpt>
   <trkpt lat="44.8077650" lon="20.4770830">
    <ele>123.2</ele>
    <time>2026-08-12T17:15:15Z</time>
   </trkpt>
   <trkpt lat="44.8077470" lon="20.4770950">
    <ele>123.2</ele>
    <time>2026-08-12T17:15:16Z</time>
   </trkpt>
   <trkpt lat="44.8077330" lon="20.4771010">
    <ele>123.3</ele>
    <time>2026-08-12T17:15:17Z</time>
   </trkpt>
   <trkpt lat="44.8076980" lon="20.4770650">
    <ele>123.4</ele>
    <time>2026-08-12T17:15:18Z</time>
   </trkpt>
   <trkpt lat="44.8076940" lon="20.4770930">
    <ele>123.4</ele>
    <time>2026-08-12T17:15:19Z</time>
   </trkpt>
   <trkpt lat="44.8076630" lon="20.4770970">
    <ele>123.5</ele>
    <time>2026-08-12T17:15:20Z</time>
   </trkpt>
   <trkpt lat="44.8076490" lon="20.4771020">
    <ele>123.5</ele>
    <time>2026-08-12T17:15:21Z</time>
   </trkpt>
   <trkpt lat="44.8076370" lon="20.4771170">
    <ele>123.6</ele>
    <time>2026-08-12T17:15:22Z</time>
   </trkpt>
   <trkpt lat="44.8076300" lon="20.4771350">
    <ele>123.6</ele>
    <time>2026-08-12T17:15:23Z</time>
   </trkpt>
   <trkpt lat="44.8076120" lon="20.4771520">
    <ele>123.6</ele>
    <time>2026-08-12T17:15:24Z</time>
   </trkpt>
   <trkpt lat="44.8075950" lon="20.4771700">
    <ele>123.7</ele>
    <time>2026-08-12T17:15:25Z</time>
   </trkpt>
   <trkpt lat="44.8075690" lon="20.4772170">
    <ele>123.8</ele>
    <time>2026-08-12T17:15:26Z</time>
   </trkpt>
   <trkpt lat="44.8075570" lon="20.4772510">
    <ele>123.8</ele>
    <time>2026-08-12T17:15:27Z</time>
   </trkpt>
   <trkpt lat="44.8075510" lon="20.4772890">
    <ele>123.9</ele>
    <time>2026-08-12T17:15:28Z</time>
   </trkpt>
   <trkpt lat="44.8075000" lon="20.4772650">
    <ele>124.0</ele>
    <time>2026-08-12T17:15:29Z</time>
   </trkpt>
   <trkpt lat="44.8074730" lon="20.4772880">
    <ele>124.1</ele>
    <time>2026-08-12T17:15:30Z</time>
   </trkpt>
   <trkpt lat="44.8074400" lon="20.4773150">
    <ele>124.2</ele>
    <time>2026-08-12T17:15:31Z</time>
   </trkpt>
   <trkpt lat="44.8074150" lon="20.4773400">
    <ele>124.2</ele>
    <time>2026-08-12T17:15:32Z</time>
   </trkpt>
   <trkpt lat="44.8074360" lon="20.4773130">
    <ele>124.3</ele>
    <time>2026-08-12T17:15:33Z</time>
   </trkpt>
   <trkpt lat="44.8074180" lon="20.4773890">
    <ele>124.4</ele>
    <time>2026-08-12T17:15:34Z</time>
   </trkpt>
   <trkpt lat="44.8074040" lon="20.4774270">
    <ele>124.5</ele>
    <time>2026-08-12T17:15:35Z</time>
   </trkpt>
   <trkpt lat="44.8073890" lon="20.4774650">
    <ele>124.5</ele>
    <time>2026-08-12T17:15:36Z</time>
   </trkpt>
   <trkpt lat="44.8073770" lon="20.4774740">
    <ele>124.6</ele>
    <time>2026-08-12T17:15:37Z</time>
   </trkpt>
   <trkpt lat="44.8073610" lon="20.4774850">
    <ele>124.6</ele>
    <time>2026-08-12T17:15:38Z</time>
   </trkpt>
   <trkpt lat="44.8073440" lon="20.4774910">
    <ele>124.6</ele>
    <time>2026-08-12T17:15:39Z</time>
   </trkpt>
   <trkpt lat="44.8073260" lon="20.4775030">
    <ele>124.6</ele>
    <time>2026-08-12T17:15:40Z</time>
   </trkpt>
   <trkpt lat="44.8072960" lon="20.4775090">
    <ele>124.6</ele>
    <time>2026-08-12T17:15:41Z</time>
   </trkpt>
   <trkpt lat="44.8072920" lon="20.4775230">
    <ele>124.7</ele>
    <time>2026-08-12T17:15:42Z</time>
   </trkpt>
   <trkpt lat="44.8072620" lon="20.4775660">
    <ele>124.8</ele>
    <time>2026-08-12T17:15:43Z</time>
   </trkpt>
   <trkpt lat="44.8072450" lon="20.4775770">
    <ele>124.8</ele>
    <time>2026-08-12T17:15:44Z</time>
   </trkpt>
   <trkpt lat="44.8072290" lon="20.4776220">
    <ele>124.9</ele>
    <time>2026-08-12T17:15:45Z</time>
   </trkpt>
   <trkpt lat="44.8072060" lon="20.4776600">
    <ele>125.0</ele>
    <time>2026-08-12T17:15:46Z</time>
   </trkpt>
   <trkpt lat="44.8071430" lon="20.4777630">
    <ele>125.2</ele>
    <time>2026-08-12T17:15:47Z</time>
   </trkpt>
   <trkpt lat="44.8071260" lon="20.4777600">
    <ele>125.3</ele>
    <time>2026-08-12T17:15:48Z</time>
   </trkpt>
   <trkpt lat="44.8071050" lon="20.4778180">
    <ele>125.3</ele>
    <time>2026-08-12T17:15:49Z</time>
   </trkpt>
   <trkpt lat="44.8070810" lon="20.4778270">
    <ele>125.4</ele>
    <time>2026-08-12T17:15:50Z</time>
   </trkpt>
   <trkpt lat="44.8070650" lon="20.4778290">
    <ele>125.4</ele>
    <time>2026-08-12T17:15:51Z</time>
   </trkpt>
   <trkpt lat="44.8070500" lon="20.4778380">
    <ele>125.4</ele>
    <time>2026-08-12T17:15:52Z</time>
   </trkpt>
   <trkpt lat="44.8070340" lon="20.4778450">
    <ele>125.4</ele>
    <time>2026-08-12T17:15:53Z</time>
   </trkpt>
   <trkpt lat="44.8070380" lon="20.4778390">
    <ele>125.5</ele>
    <time>2026-08-12T17:15:54Z</time>
   </trkpt>
   <trkpt lat="44.8070370" lon="20.4778380">
    <ele>125.5</ele>
    <time>2026-08-12T17:15:55Z</time>
   </trkpt>
   <trkpt lat="44.8070090" lon="20.4778060">
    <ele>125.5</ele>
    <time>2026-08-12T17:15:56Z</time>
   </trkpt>
   <trkpt lat="44.8069990" lon="20.4778070">
    <ele>125.5</ele>
    <time>2026-08-12T17:15:57Z</time>
   </trkpt>
   <trkpt lat="44.8069800" lon="20.4777920">
    <ele>125.6</ele>
    <time>2026-08-12T17:15:58Z</time>
   </trkpt>
   <trkpt lat="44.8069660" lon="20.4777890">
    <ele>125.6</ele>
    <time>2026-08-12T17:15:59Z</time>
   </trkpt>
   <trkpt lat="44.8069480" lon="20.4777840">
    <ele>125.6</ele>
    <time>2026-08-12T17:16:00Z</time>
   </trkpt>
   <trkpt lat="44.8069270" lon="20.4777770">
    <ele>125.6</ele>
    <time>2026-08-12T17:16:01Z</time>
   </trkpt>
   <trkpt lat="44.8069050" lon="20.4777700">
    <ele>125.7</ele>
    <time>2026-08-12T17:16:02Z</time>
   </trkpt>
   <trkpt lat="44.8068840" lon="20.4777630">
    <ele>125.7</ele>
    <time>2026-08-12T17:16:03Z</time>
   </trkpt>
   <trkpt lat="44.8068620" lon="20.4777560">
    <ele>125.7</ele>
    <time>2026-08-12T17:16:04Z</time>
   </trkpt>
   <trkpt lat="44.8068610" lon="20.4777600">
    <ele>125.7</ele>
    <time>2026-08-12T17:16:05Z</time>
   </trkpt>
   <trkpt lat="44.8068610" lon="20.4777600">
    <ele>125.7</ele>
    <time>2026-08-12T17:16:06Z</time>
   </trkpt>
   <trkpt lat="44.8068610" lon="20.4777600">
    <ele>125.7</ele>
    <time>2026-08-12T17:16:07Z</time>
   </trkpt>
   <trkpt lat="44.8068610" lon="20.4777600">
    <ele>125.7</ele>
    <time>2026-08-12T17:16:08Z</time>
   </trkpt>
   <trkpt lat="44.8068610" lon="20.4777600">
    <ele>125.7</ele>
    <time>2026-08-12T17:16:09Z</time>
   </trkpt>
   <trkpt lat="44.8068610" lon="20.4777600">
    <ele>125.7</ele>
    <time>2026-08-12T17:16:10Z</time>
   </trkpt>
   <trkpt lat="44.8068610" lon="20.4777600">
    <ele>125.7</ele>
    <time>2026-08-12T17:16:11Z</time>
   </trkpt>
   <trkpt lat="44.8058360" lon="20.4784590">
    <ele>128.3</ele>
    <time>2026-08-12T17:17:08Z</time>
   </trkpt>
   <trkpt lat="44.8057950" lon="20.4784970">
    <ele>128.5</ele>
    <time>2026-08-12T17:17:09Z</time>
   </trkpt>
   <trkpt lat="44.8057650" lon="20.4785430">
    <ele>128.4</ele>
    <time>2026-08-12T17:17:10Z</time>
   </trkpt>
   <trkpt lat="44.8057350" lon="20.4785800">
    <ele>128.4</ele>
    <time>2026-08-12T17:17:11Z</time>
   </trkpt>
   <trkpt lat="44.8057060" lon="20.4786090">
    <ele>128.4</ele>
    <time>2026-08-12T17:17:12Z</time>
   </trkpt>
   <trkpt lat="44.8056810" lon="20.4786350">
    <ele>128.5</ele>
    <time>2026-08-12T17:17:13Z</time>
   </trkpt>
   <trkpt lat="44.8056600" lon="20.4786630">
    <ele>128.5</ele>
    <time>2026-08-12T17:17:14Z</time>
   </trkpt>
   <trkpt lat="44.8056220" lon="20.4786890">
    <ele>128.4</ele>
    <time>2026-08-12T17:17:15Z</time>
   </trkpt>
   <trkpt lat="44.8055830" lon="20.4787110">
    <ele>128.5</ele>
    <time>2026-08-12T17:17:16Z</time>
   </trkpt>
   <trkpt lat="44.8055470" lon="20.4787310">
    <ele>128.6</ele>
    <time>2026-08-12T17:17:17Z</time>
   </trkpt>
   <trkpt lat="44.8055210" lon="20.4787620">
    <ele>128.7</ele>
    <time>2026-08-12T17:17:18Z</time>
   </trkpt>
   <trkpt lat="44.8054990" lon="20.4787940">
    <ele>128.8</ele>
    <time>2026-08-12T17:17:19Z</time>
   </trkpt>
   <trkpt lat="44.8054790" lon="20.4788480">
    <ele>129.0</ele>
    <time>2026-08-12T17:17:20Z</time>
   </trkpt>
   <trkpt lat="44.8054500" lon="20.4788590">
    <ele>129.1</ele>
    <time>2026-08-12T17:17:21Z</time>
   </trkpt>
   <trkpt lat="44.8054070" lon="20.4789040">
    <ele>129.2</ele>
    <time>2026-08-12T17:17:22Z</time>
   </trkpt>
   <trkpt lat="44.8053780" lon="20.4789140">
    <ele>129.3</ele>
    <time>2026-08-12T17:17:23Z</time>
   </trkpt>
   <trkpt lat="44.8053510" lon="20.4789460">
    <ele>129.4</ele>
    <time>2026-08-12T17:17:24Z</time>
   </trkpt>
   <trkpt lat="44.8053230" lon="20.4789800">
    <ele>129.5</ele>
    <time>2026-08-12T17:17:25Z</time>
   </trkpt>
   <trkpt lat="44.8053170" lon="20.4789860">
    <ele>129.5</ele>
    <time>2026-08-12T17:17:26Z</time>
   </trkpt>
   <trkpt lat="44.8052960" lon="20.4790010">
    <ele>129.6</ele>
    <time>2026-08-12T17:17:27Z</time>
   </trkpt>
   <trkpt lat="44.8052780" lon="20.4790130">
    <ele>129.6</ele>
    <time>2026-08-12T17:17:28Z</time>
   </trkpt>
   <trkpt lat="44.8052610" lon="20.4790390">
    <ele>129.7</ele>
    <time>2026-08-12T17:17:29Z</time>
   </trkpt>
   <trkpt lat="44.8052490" lon="20.4790640">
    <ele>129.8</ele>
    <time>2026-08-12T17:17:30Z</time>
   </trkpt>
   <trkpt lat="44.8052330" lon="20.4790850">
    <ele>129.8</ele>
    <time>2026-08-12T17:17:31Z</time>
   </trkpt>
   <trkpt lat="44.8052180" lon="20.4791020">
    <ele>129.9</ele>
    <time>2026-08-12T17:17:32Z</time>
   </trkpt>
   <trkpt lat="44.8052070" lon="20.4791270">
    <ele>129.9</ele>
    <time>2026-08-12T17:17:33Z</time>
   </trkpt>
   <trkpt lat="44.8051910" lon="20.4791510">
    <ele>130.0</ele>
    <time>2026-08-12T17:17:34Z</time>
   </trkpt>
   <trkpt lat="44.8051690" lon="20.4791650">
    <ele>130.0</ele>
    <time>2026-08-12T17:17:35Z</time>
   </trkpt>
   <trkpt lat="44.8051530" lon="20.4791840">
    <ele>130.1</ele>
    <time>2026-08-12T17:17:36Z</time>
   </trkpt>
   <trkpt lat="44.8051370" lon="20.4792110">
    <ele>130.2</ele>
    <time>2026-08-12T17:17:37Z</time>
   </trkpt>
   <trkpt lat="44.8051130" lon="20.4792170">
    <ele>130.2</ele>
    <time>2026-08-12T17:17:38Z</time>
   </trkpt>
   <trkpt lat="44.8050920" lon="20.4792270">
    <ele>130.3</ele>
    <time>2026-08-12T17:17:39Z</time>
   </trkpt>
   <trkpt lat="44.8050760" lon="20.4792510">
    <ele>130.3</ele>
    <time>2026-08-12T17:17:40Z</time>
   </trkpt>
   <trkpt lat="44.8050570" lon="20.4792730">
    <ele>130.4</ele>
    <time>2026-08-12T17:17:41Z</time>
   </trkpt>
   <trkpt lat="44.8050440" lon="20.4792880">
    <ele>130.4</ele>
    <time>2026-08-12T17:17:42Z</time>
   </trkpt>
   <trkpt lat="44.8050310" lon="20.4793020">
    <ele>130.5</ele>
    <time>2026-08-12T17:17:43Z</time>
   </trkpt>
   <trkpt lat="44.8050190" lon="20.4793100">
    <ele>130.5</ele>
    <time>2026-08-12T17:17:44Z</time>
   </trkpt>
   <trkpt lat="44.8049930" lon="20.4793430">
    <ele>130.6</ele>
    <time>2026-08-12T17:17:45Z</time>
   </trkpt>
   <trkpt lat="44.8049880" lon="20.4793510">
    <ele>130.6</ele>
    <time>2026-08-12T17:17:46Z</time>
   </trkpt>
   <trkpt lat="44.8049710" lon="20.4793600">
    <ele>130.6</ele>
    <time>2026-08-12T17:17:47Z</time>
   </trkpt>
   <trkpt lat="44.8049450" lon="20.4793740">
    <ele>130.7</ele>
    <time>2026-08-12T17:17:48Z</time>
   </trkpt>
   <trkpt lat="44.8049420" lon="20.4793910">
    <ele>130.7</ele>
    <time>2026-08-12T17:17:49Z</time>
   </trkpt>
   <trkpt lat="44.8049250" lon="20.4794060">
    <ele>130.8</ele>
    <time>2026-08-12T17:17:50Z</time>
   </trkpt>
   <trkpt lat="44.8049110" lon="20.4794150">
    <ele>130.8</ele>
    <time>2026-08-12T17:17:51Z</time>
   </trkpt>
   <trkpt lat="44.8048880" lon="20.4794260">
    <ele>130.9</ele>
    <time>2026-08-12T17:17:52Z</time>
   </trkpt>
   <trkpt lat="44.8048780" lon="20.4794410">
    <ele>130.9</ele>
    <time>2026-08-12T17:17:53Z</time>
   </trkpt>
   <trkpt lat="44.8048590" lon="20.4794800">
    <ele>131.0</ele>
    <time>2026-08-12T17:17:54Z</time>
   </trkpt>
   <trkpt lat="44.8048520" lon="20.4795090">
    <ele>131.0</ele>
    <time>2026-08-12T17:17:55Z</time>
   </trkpt>
   <trkpt lat="44.8048270" lon="20.4795230">
    <ele>131.1</ele>
    <time>2026-08-12T17:17:56Z</time>
   </trkpt>
   <trkpt lat="44.8048100" lon="20.4795350">
    <ele>131.2</ele>
    <time>2026-08-12T17:17:57Z</time>
   </trkpt>
   <trkpt lat="44.8047900" lon="20.4795500">
    <ele>131.2</ele>
    <time>2026-08-12T17:17:58Z</time>
   </trkpt>
   <trkpt lat="44.8047710" lon="20.4795610">
    <ele>131.3</ele>
    <time>2026-08-12T17:17:59Z</time>
   </trkpt>
   <trkpt lat="44.8047490" lon="20.4795650">
    <ele>131.4</ele>
    <time>2026-08-12T17:18:00Z</time>
   </trkpt>
   <trkpt lat="44.8047280" lon="20.4795670">
    <ele>131.4</ele>
    <time>2026-08-12T17:18:01Z</time>
   </trkpt>
   <trkpt lat="44.8047080" lon="20.4795720">
    <ele>131.5</ele>
    <time>2026-08-12T17:18:02Z</time>
   </trkpt>
   <trkpt lat="44.8046880" lon="20.4795780">
    <ele>131.6</ele>
    <time>2026-08-12T17:18:03Z</time>
   </trkpt>
   <trkpt lat="44.8046720" lon="20.4795970">
    <ele>131.6</ele>
    <time>2026-08-12T17:18:04Z</time>
   </trkpt>
   <trkpt lat="44.8046500" lon="20.4796090">
    <ele>131.7</ele>
    <time>2026-08-12T17:18:05Z</time>
   </trkpt>
   <trkpt lat="44.8046320" lon="20.4796170">
    <ele>131.7</ele>
    <time>2026-08-12T17:18:06Z</time>
   </trkpt>
   <trkpt lat="44.8046100" lon="20.4796160">
    <ele>131.8</ele>
    <time>2026-08-12T17:18:07Z</time>
   </trkpt>
   <trkpt lat="44.8045900" lon="20.4796210">
    <ele>131.9</ele>
    <time>2026-08-12T17:18:08Z</time>
   </trkpt>
   <trkpt lat="44.8045680" lon="20.4796260">
    <ele>131.9</ele>
    <time>2026-08-12T17:18:09Z</time>
   </trkpt>
   <trkpt lat="44.8045500" lon="20.4796330">
    <ele>132.0</ele>
    <time>2026-08-12T17:18:10Z</time>
   </trkpt>
   <trkpt lat="44.8045320" lon="20.4796410">
    <ele>132.0</ele>
    <time>2026-08-12T17:18:11Z</time>
   </trkpt>
   <trkpt lat="44.8045130" lon="20.4796500">
    <ele>132.1</ele>
    <time>2026-08-12T17:18:12Z</time>
   </trkpt>
   <trkpt lat="44.8044950" lon="20.4796600">
    <ele>132.2</ele>
    <time>2026-08-12T17:18:13Z</time>
   </trkpt>
   <trkpt lat="44.8044770" lon="20.4796650">
    <ele>132.2</ele>
    <time>2026-08-12T17:18:14Z</time>
   </trkpt>
   <trkpt lat="44.8044550" lon="20.4796610">
    <ele>132.3</ele>
    <time>2026-08-12T17:18:15Z</time>
   </trkpt>
   <trkpt lat="44.8044370" lon="20.4796700">
    <ele>132.4</ele>
    <time>2026-08-12T17:18:16Z</time>
   </trkpt>
   <trkpt lat="44.8044220" lon="20.4796770">
    <ele>132.4</ele>
    <time>2026-08-12T17:18:17Z</time>
   </trkpt>
   <trkpt lat="44.8044050" lon="20.4796960">
    <ele>132.5</ele>
    <time>2026-08-12T17:18:18Z</time>
   </trkpt>
   <trkpt lat="44.8043900" lon="20.4797080">
    <ele>132.6</ele>
    <time>2026-08-12T17:18:19Z</time>
   </trkpt>
   <trkpt lat="44.8043710" lon="20.4797080">
    <ele>132.6</ele>
    <time>2026-08-12T17:18:20Z</time>
   </trkpt>
   <trkpt lat="44.8043610" lon="20.4797090">
    <ele>132.7</ele>
    <time>2026-08-12T17:18:21Z</time>
   </trkpt>
   <trkpt lat="44.8043370" lon="20.4796870">
    <ele>132.8</ele>
    <time>2026-08-12T17:18:22Z</time>
   </trkpt>
   <trkpt lat="44.8043060" lon="20.4796650">
    <ele>133.0</ele>
    <time>2026-08-12T17:18:23Z</time>
   </trkpt>
   <trkpt lat="44.8042890" lon="20.4796400">
    <ele>133.1</ele>
    <time>2026-08-12T17:18:24Z</time>
   </trkpt>
   <trkpt lat="44.8042720" lon="20.4796150">
    <ele>133.3</ele>
    <time>2026-08-12T17:18:25Z</time>
   </trkpt>
   <trkpt lat="44.8042700" lon="20.4796760">
    <ele>133.4</ele>
    <time>2026-08-12T17:18:26Z</time>
   </trkpt>
   <trkpt lat="44.8042390" lon="20.4796900">
    <ele>133.5</ele>
    <time>2026-08-12T17:18:27Z</time>
   </trkpt>
   <trkpt lat="44.8041760" lon="20.4798350">
    <ele>133.9</ele>
    <time>2026-08-12T17:18:28Z</time>
   </trkpt>
   <trkpt lat="44.8041030" lon="20.4798250">
    <ele>134.2</ele>
    <time>2026-08-12T17:18:29Z</time>
   </trkpt>
   <trkpt lat="44.8040580" lon="20.4798230">
    <ele>134.4</ele>
    <time>2026-08-12T17:18:30Z</time>
   </trkpt>
   <trkpt lat="44.8040340" lon="20.4798450">
    <ele>134.5</ele>
    <time>2026-08-12T17:18:31Z</time>
   </trkpt>
   <trkpt lat="44.8040180" lon="20.4799460">
    <ele>134.7</ele>
    <time>2026-08-12T17:18:32Z</time>
   </trkpt>
   <trkpt lat="44.8040190" lon="20.4799920">
    <ele>134.9</ele>
    <time>2026-08-12T17:18:33Z</time>
   </trkpt>
   <trkpt lat="44.8040100" lon="20.4800540">
    <ele>135.0</ele>
    <time>2026-08-12T17:18:34Z</time>
   </trkpt>
   <trkpt lat="44.8039680" lon="20.4801170">
    <ele>135.3</ele>
    <time>2026-08-12T17:18:35Z</time>
   </trkpt>
   <trkpt lat="44.8039380" lon="20.4801480">
    <ele>135.4</ele>
    <time>2026-08-12T17:18:36Z</time>
   </trkpt>
   <trkpt lat="44.8039150" lon="20.4802020">
    <ele>135.6</ele>
    <time>2026-08-12T17:18:37Z</time>
   </trkpt>
   <trkpt lat="44.8038850" lon="20.4802170">
    <ele>135.8</ele>
    <time>2026-08-12T17:18:38Z</time>
   </trkpt>
   <trkpt lat="44.8038420" lon="20.4802210">
    <ele>135.9</ele>
    <time>2026-08-12T17:18:39Z</time>
   </trkpt>
   <trkpt lat="44.8038020" lon="20.4802260">
    <ele>136.0</ele>
    <time>2026-08-12T17:18:40Z</time>
   </trkpt>
   <trkpt lat="44.8037800" lon="20.4802290">
    <ele>136.1</ele>
    <time>2026-08-12T17:18:41Z</time>
   </trkpt>
   <trkpt lat="44.8037390" lon="20.4802500">
    <ele>136.2</ele>
    <time>2026-08-12T17:18:42Z</time>
   </trkpt>
   <trkpt lat="44.8036850" lon="20.4802700">
    <ele>136.4</ele>
    <time>2026-08-12T17:18:43Z</time>
   </trkpt>
   <trkpt lat="44.8036310" lon="20.4802900">
    <ele>136.5</ele>
    <time>2026-08-12T17:18:44Z</time>
   </trkpt>
   <trkpt lat="44.8036140" lon="20.4803000">
    <ele>136.6</ele>
    <time>2026-08-12T17:18:45Z</time>
   </trkpt>
   <trkpt lat="44.8036140" lon="20.4803000">
    <ele>136.6</ele>
    <time>2026-08-12T17:18:46Z</time>
   </trkpt>
   <trkpt lat="44.8036140" lon="20.4803000">
    <ele>136.6</ele>
    <time>2026-08-12T17:18:47Z</time>
   </trkpt>
   <trkpt lat="44.8036140" lon="20.4803000">
    <ele>136.6</ele>
    <time>2026-08-12T17:18:48Z</time>
   </trkpt>
   <trkpt lat="44.8036140" lon="20.4803000">
    <ele>136.6</ele>
    <time>2026-08-12T17:18:49Z</time>
   </trkpt>
   <trkpt lat="44.8036140" lon="20.4803000">
    <ele>136.6</ele>
    <time>2026-08-12T17:18:50Z</time>
   </trkpt>
   <trkpt lat="44.8034810" lon="20.4803510">
    <ele>136.9</ele>
    <time>2026-08-12T17:19:05Z</time>
   </trkpt>
   <trkpt lat="44.8034660" lon="20.4803410">
    <ele>136.9</ele>
    <time>2026-08-12T17:19:06Z</time>
   </trkpt>
   <trkpt lat="44.8034380" lon="20.4803170">
    <ele>137.0</ele>
    <time>2026-08-12T17:19:07Z</time>
   </trkpt>
   <trkpt lat="44.8034150" lon="20.4803080">
    <ele>137.0</ele>
    <time>2026-08-12T17:19:08Z</time>
   </trkpt>
   <trkpt lat="44.8033970" lon="20.4802960">
    <ele>137.0</ele>
    <time>2026-08-12T17:19:09Z</time>
   </trkpt>
   <trkpt lat="44.8033720" lon="20.4802860">
    <ele>137.0</ele>
    <time>2026-08-12T17:19:10Z</time>
   </trkpt>
   <trkpt lat="44.8033290" lon="20.4803070">
    <ele>137.0</ele>
    <time>2026-08-12T17:19:11Z</time>
   </trkpt>
   <trkpt lat="44.8033250" lon="20.4803470">
    <ele>137.1</ele>
    <time>2026-08-12T17:19:12Z</time>
   </trkpt>
   <trkpt lat="44.8033130" lon="20.4803830">
    <ele>137.1</ele>
    <time>2026-08-12T17:19:13Z</time>
   </trkpt>
   <trkpt lat="44.8032960" lon="20.4804030">
    <ele>137.1</ele>
    <time>2026-08-12T17:19:14Z</time>
   </trkpt>
   <trkpt lat="44.8032640" lon="20.4804050">
    <ele>137.2</ele>
    <time>2026-08-12T17:19:15Z</time>
   </trkpt>
   <trkpt lat="44.8032420" lon="20.4804360">
    <ele>137.2</ele>
    <time>2026-08-12T17:19:16Z</time>
   </trkpt>
   <trkpt lat="44.8032260" lon="20.4804770">
    <ele>137.3</ele>
    <time>2026-08-12T17:19:17Z</time>
   </trkpt>
   <trkpt lat="44.8032080" lon="20.4805050">
    <ele>137.3</ele>
    <time>2026-08-12T17:19:18Z</time>
   </trkpt>
   <trkpt lat="44.8031960" lon="20.4805540">
    <ele>137.4</ele>
    <time>2026-08-12T17:19:19Z</time>
   </trkpt>
   <trkpt lat="44.8031850" lon="20.4806400">
    <ele>137.5</ele>
    <time>2026-08-12T17:19:20Z</time>
   </trkpt>
   <trkpt lat="44.8031740" lon="20.4806850">
    <ele>137.5</ele>
    <time>2026-08-12T17:19:21Z</time>
   </trkpt>
   <trkpt lat="44.8031630" lon="20.4807210">
    <ele>137.6</ele>
    <time>2026-08-12T17:19:22Z</time>
   </trkpt>
   <trkpt lat="44.8031710" lon="20.4807240">
    <ele>137.6</ele>
    <time>2026-08-12T17:19:23Z</time>
   </trkpt>
   <trkpt lat="44.8031590" lon="20.4807410">
    <ele>137.6</ele>
    <time>2026-08-12T17:19:24Z</time>
   </trkpt>
   <trkpt lat="44.8031520" lon="20.4807670">
    <ele>137.7</ele>
    <time>2026-08-12T17:19:25Z</time>
   </trkpt>
   <trkpt lat="44.8031430" lon="20.4807940">
    <ele>137.7</ele>
    <time>2026-08-12T17:19:26Z</time>
   </trkpt>
   <trkpt lat="44.8031300" lon="20.4808150">
    <ele>137.7</ele>
    <time>2026-08-12T17:19:27Z</time>
   </trkpt>
   <trkpt lat="44.8030980" lon="20.4808710">
    <ele>137.8</ele>
    <time>2026-08-12T17:19:28Z</time>
   </trkpt>
   <trkpt lat="44.8030610" lon="20.4808920">
    <ele>137.9</ele>
    <time>2026-08-12T17:19:29Z</time>
   </trkpt>
   <trkpt lat="44.8030190" lon="20.4809220">
    <ele>138.0</ele>
    <time>2026-08-12T17:19:30Z</time>
   </trkpt>
   <trkpt lat="44.8029680" lon="20.4809700">
    <ele>138.1</ele>
    <time>2026-08-12T17:19:31Z</time>
   </trkpt>
   <trkpt lat="44.8029310" lon="20.4810350">
    <ele>138.2</ele>
    <time>2026-08-12T17:19:32Z</time>
   </trkpt>
   <trkpt lat="44.8029080" lon="20.4810540">
    <ele>138.3</ele>
    <time>2026-08-12T17:19:33Z</time>
   </trkpt>
   <trkpt lat="44.8029010" lon="20.4811030">
    <ele>138.3</ele>
    <time>2026-08-12T17:19:34Z</time>
   </trkpt>
   <trkpt lat="44.8028860" lon="20.4811490">
    <ele>138.4</ele>
    <time>2026-08-12T17:19:35Z</time>
   </trkpt>
   <trkpt lat="44.8028670" lon="20.4811790">
    <ele>138.5</ele>
    <time>2026-08-12T17:19:36Z</time>
   </trkpt>
   <trkpt lat="44.8028420" lon="20.4811970">
    <ele>138.5</ele>
    <time>2026-08-12T17:19:38Z</time>
   </trkpt>
   <trkpt lat="44.8028380" lon="20.4812370">
    <ele>138.6</ele>
    <time>2026-08-12T17:19:39Z</time>
   </trkpt>
   <trkpt lat="44.8028330" lon="20.4812820">
    <ele>138.7</ele>
    <time>2026-08-12T17:19:40Z</time>
   </trkpt>
   <trkpt lat="44.8028290" lon="20.4813370">
    <ele>138.7</ele>
    <time>2026-08-12T17:19:41Z</time>
   </trkpt>
   <trkpt lat="44.8028120" lon="20.4813760">
    <ele>138.8</ele>
    <time>2026-08-12T17:19:42Z</time>
   </trkpt>
   <trkpt lat="44.8028000" lon="20.4814120">
    <ele>138.9</ele>
    <time>2026-08-12T17:19:43Z</time>
   </trkpt>
   <trkpt lat="44.8027840" lon="20.4814380">
    <ele>139.0</ele>
    <time>2026-08-12T17:19:44Z</time>
   </trkpt>
   <trkpt lat="44.8027600" lon="20.4814560">
    <ele>139.0</ele>
    <time>2026-08-12T17:19:45Z</time>
   </trkpt>
   <trkpt lat="44.8027480" lon="20.4814780">
    <ele>139.1</ele>
    <time>2026-08-12T17:19:46Z</time>
   </trkpt>
   <trkpt lat="44.8027290" lon="20.4815030">
    <ele>139.1</ele>
    <time>2026-08-12T17:19:47Z</time>
   </trkpt>
   <trkpt lat="44.8027070" lon="20.4815290">
    <ele>139.2</ele>
    <time>2026-08-12T17:19:48Z</time>
   </trkpt>
   <trkpt lat="44.8026740" lon="20.4815560">
    <ele>139.3</ele>
    <time>2026-08-12T17:19:49Z</time>
   </trkpt>
   <trkpt lat="44.8026280" lon="20.4815910">
    <ele>139.4</ele>
    <time>2026-08-12T17:19:50Z</time>
   </trkpt>
   <trkpt lat="44.8025880" lon="20.4816500">
    <ele>139.6</ele>
    <time>2026-08-12T17:19:51Z</time>
   </trkpt>
   <trkpt lat="44.8025820" lon="20.4817550">
    <ele>139.8</ele>
    <time>2026-08-12T17:19:52Z</time>
   </trkpt>
   <trkpt lat="44.8025500" lon="20.4818240">
    <ele>139.9</ele>
    <time>2026-08-12T17:19:53Z</time>
   </trkpt>
   <trkpt lat="44.8024990" lon="20.4818710">
    <ele>140.0</ele>
    <time>2026-08-12T17:19:54Z</time>
   </trkpt>
   <trkpt lat="44.8024700" lon="20.4819430">
    <ele>140.0</ele>
    <time>2026-08-12T17:19:55Z</time>
   </trkpt>
   <trkpt lat="44.8024310" lon="20.4820290">
    <ele>140.2</ele>
    <time>2026-08-12T17:19:56Z</time>
   </trkpt>
   <trkpt lat="44.8024090" lon="20.4821010">
    <ele>140.3</ele>
    <time>2026-08-12T17:19:57Z</time>
   </trkpt>
   <trkpt lat="44.8023790" lon="20.4821590">
    <ele>140.4</ele>
    <time>2026-08-12T17:19:58Z</time>
   </trkpt>
   <trkpt lat="44.8023690" lon="20.4822150">
    <ele>140.4</ele>
    <time>2026-08-12T17:19:59Z</time>
   </trkpt>
   <trkpt lat="44.8023550" lon="20.4822610">
    <ele>140.5</ele>
    <time>2026-08-12T17:20:00Z</time>
   </trkpt>
   <trkpt lat="44.8023520" lon="20.4823040">
    <ele>140.6</ele>
    <time>2026-08-12T17:20:01Z</time>
   </trkpt>
   <trkpt lat="44.8023430" lon="20.4823410">
    <ele>140.6</ele>
    <time>2026-08-12T17:20:02Z</time>
   </trkpt>
   <trkpt lat="44.8023350" lon="20.4823710">
    <ele>140.7</ele>
    <time>2026-08-12T17:20:03Z</time>
   </trkpt>
   <trkpt lat="44.8023340" lon="20.4824040">
    <ele>140.7</ele>
    <time>2026-08-12T17:20:04Z</time>
   </trkpt>
   <trkpt lat="44.8023400" lon="20.4824410">
    <ele>140.8</ele>
    <time>2026-08-12T17:20:05Z</time>
   </trkpt>
   <trkpt lat="44.8023580" lon="20.4825030">
    <ele>140.9</ele>
    <time>2026-08-12T17:20:06Z</time>
   </trkpt>
   <trkpt lat="44.8023540" lon="20.4825300">
    <ele>140.9</ele>
    <time>2026-08-12T17:20:07Z</time>
   </trkpt>
   <trkpt lat="44.8023500" lon="20.4825560">
    <ele>141.0</ele>
    <time>2026-08-12T17:20:08Z</time>
   </trkpt>
   <trkpt lat="44.8023420" lon="20.4825930">
    <ele>141.0</ele>
    <time>2026-08-12T17:20:09Z</time>
   </trkpt>
   <trkpt lat="44.8023330" lon="20.4826460">
    <ele>141.1</ele>
    <time>2026-08-12T17:20:10Z</time>
   </trkpt>
   <trkpt lat="44.8023400" lon="20.4826500">
    <ele>141.1</ele>
    <time>2026-08-12T17:20:11Z</time>
   </trkpt>
   <trkpt lat="44.8023370" lon="20.4826700">
    <ele>141.2</ele>
    <time>2026-08-12T17:20:12Z</time>
   </trkpt>
   <trkpt lat="44.8023390" lon="20.4827040">
    <ele>141.2</ele>
    <time>2026-08-12T17:20:13Z</time>
   </trkpt>
   <trkpt lat="44.8023340" lon="20.4827420">
    <ele>141.3</ele>
    <time>2026-08-12T17:20:14Z</time>
   </trkpt>
   <trkpt lat="44.8023200" lon="20.4827680">
    <ele>141.3</ele>
    <time>2026-08-12T17:20:15Z</time>
   </trkpt>
   <trkpt lat="44.8022680" lon="20.4828040">
    <ele>141.5</ele>
    <time>2026-08-12T17:20:16Z</time>
   </trkpt>
   <trkpt lat="44.8022670" lon="20.4828510">
    <ele>141.5</ele>
    <time>2026-08-12T17:20:17Z</time>
   </trkpt>
   <trkpt lat="44.8022310" lon="20.4828890">
    <ele>141.6</ele>
    <time>2026-08-12T17:20:18Z</time>
   </trkpt>
   <trkpt lat="44.8022060" lon="20.4829360">
    <ele>141.7</ele>
    <time>2026-08-12T17:20:19Z</time>
   </trkpt>
   <trkpt lat="44.8022020" lon="20.4829720">
    <ele>141.8</ele>
    <time>2026-08-12T17:20:20Z</time>
   </trkpt>
   <trkpt lat="44.8021980" lon="20.4830010">
    <ele>141.8</ele>
    <time>2026-08-12T17:20:21Z</time>
   </trkpt>
   <trkpt lat="44.8021920" lon="20.4830310">
    <ele>141.9</ele>
    <time>2026-08-12T17:20:22Z</time>
   </trkpt>
   <trkpt lat="44.8021770" lon="20.4830690">
    <ele>141.9</ele>
    <time>2026-08-12T17:20:23Z</time>
   </trkpt>
   <trkpt lat="44.8021650" lon="20.4831180">
    <ele>142.0</ele>
    <time>2026-08-12T17:20:24Z</time>
   </trkpt>
   <trkpt lat="44.8021530" lon="20.4831610">
    <ele>142.1</ele>
    <time>2026-08-12T17:20:25Z</time>
   </trkpt>
   <trkpt lat="44.8021410" lon="20.4832050">
    <ele>142.2</ele>
    <time>2026-08-12T17:20:26Z</time>
   </trkpt>
   <trkpt lat="44.8021290" lon="20.4832530">
    <ele>142.2</ele>
    <time>2026-08-12T17:20:27Z</time>
   </trkpt>
   <trkpt lat="44.8021190" lon="20.4832960">
    <ele>142.3</ele>
    <time>2026-08-12T17:20:28Z</time>
   </trkpt>
   <trkpt lat="44.8021090" lon="20.4833400">
    <ele>142.4</ele>
    <time>2026-08-12T17:20:29Z</time>
   </trkpt>
   <trkpt lat="44.8020790" lon="20.4833860">
    <ele>142.5</ele>
    <time>2026-08-12T17:20:30Z</time>
   </trkpt>
   <trkpt lat="44.8020550" lon="20.4834320">
    <ele>142.6</ele>
    <time>2026-08-12T17:20:31Z</time>
   </trkpt>
   <trkpt lat="44.8020390" lon="20.4834670">
    <ele>142.6</ele>
    <time>2026-08-12T17:20:32Z</time>
   </trkpt>
   <trkpt lat="44.8020290" lon="20.4834960">
    <ele>142.7</ele>
    <time>2026-08-12T17:20:33Z</time>
   </trkpt>
   <trkpt lat="44.8019950" lon="20.4835460">
    <ele>142.8</ele>
    <time>2026-08-12T17:20:34Z</time>
   </trkpt>
   <trkpt lat="44.8019610" lon="20.4835870">
    <ele>142.9</ele>
    <time>2026-08-12T17:20:35Z</time>
   </trkpt>
   <trkpt lat="44.8019270" lon="20.4836270">
    <ele>143.0</ele>
    <time>2026-08-12T17:20:36Z</time>
   </trkpt>
   <trkpt lat="44.8018960" lon="20.4836620">
    <ele>143.1</ele>
    <time>2026-08-12T17:20:37Z</time>
   </trkpt>
   <trkpt lat="44.8018780" lon="20.4836950">
    <ele>143.2</ele>
    <time>2026-08-12T17:20:38Z</time>
   </trkpt>
   <trkpt lat="44.8018570" lon="20.4837460">
    <ele>143.3</ele>
    <time>2026-08-12T17:20:39Z</time>
   </trkpt>
   <trkpt lat="44.8018040" lon="20.4838070">
    <ele>143.5</ele>
    <time>2026-08-12T17:20:40Z</time>
   </trkpt>
   <trkpt lat="44.8018110" lon="20.4838690">
    <ele>143.6</ele>
    <time>2026-08-12T17:20:41Z</time>
   </trkpt>
   <trkpt lat="44.8018100" lon="20.4839050">
    <ele>143.6</ele>
    <time>2026-08-12T17:20:42Z</time>
   </trkpt>
   <trkpt lat="44.8018070" lon="20.4839300">
    <ele>143.6</ele>
    <time>2026-08-12T17:20:43Z</time>
   </trkpt>
   <trkpt lat="44.8018130" lon="20.4839660">
    <ele>143.7</ele>
    <time>2026-08-12T17:20:44Z</time>
   </trkpt>
   <trkpt lat="44.8018090" lon="20.4840230">
    <ele>143.7</ele>
    <time>2026-08-12T17:20:45Z</time>
   </trkpt>
   <trkpt lat="44.8017630" lon="20.4840740">
    <ele>143.8</ele>
    <time>2026-08-12T17:20:46Z</time>
   </trkpt>
   <trkpt lat="44.8017640" lon="20.4840560">
    <ele>143.8</ele>
    <time>2026-08-12T17:20:47Z</time>
   </trkpt>
   <trkpt lat="44.8017590" lon="20.4840770">
    <ele>143.9</ele>
    <time>2026-08-12T17:20:48Z</time>
   </trkpt>
   <trkpt lat="44.8017560" lon="20.4841000">
    <ele>143.9</ele>
    <time>2026-08-12T17:20:49Z</time>
   </trkpt>
   <trkpt lat="44.8017480" lon="20.4841320">
    <ele>143.9</ele>
    <time>2026-08-12T17:20:50Z</time>
   </trkpt>
   <trkpt lat="44.8017450" lon="20.4841550">
    <ele>143.9</ele>
    <time>2026-08-12T17:20:51Z</time>
   </trkpt>
   <trkpt lat="44.8017440" lon="20.4841860">
    <ele>144.0</ele>
    <time>2026-08-12T17:20:52Z</time>
   </trkpt>
   <trkpt lat="44.8016860" lon="20.4841870">
    <ele>144.1</ele>
    <time>2026-08-12T17:20:53Z</time>
   </trkpt>
   <trkpt lat="44.8016660" lon="20.4842160">
    <ele>144.1</ele>
    <time>2026-08-12T17:20:54Z</time>
   </trkpt>
   <trkpt lat="44.8016540" lon="20.4842390">
    <ele>144.2</ele>
    <time>2026-08-12T17:20:55Z</time>
   </trkpt>
   <trkpt lat="44.8016590" lon="20.4843030">
    <ele>144.3</ele>
    <time>2026-08-12T17:20:56Z</time>
   </trkpt>
   <trkpt lat="44.8016560" lon="20.4843350">
    <ele>144.3</ele>
    <time>2026-08-12T17:20:57Z</time>
   </trkpt>
   <trkpt lat="44.8015780" lon="20.4844750">
    <ele>144.6</ele>
    <time>2026-08-12T17:20:58Z</time>
   </trkpt>
   <trkpt lat="44.8015440" lon="20.4845640">
    <ele>144.8</ele>
    <time>2026-08-12T17:20:59Z</time>
   </trkpt>
   <trkpt lat="44.8014850" lon="20.4846720">
    <ele>145.0</ele>
    <time>2026-08-12T17:21:00Z</time>
   </trkpt>
   <trkpt lat="44.8013230" lon="20.4848740">
    <ele>145.5</ele>
    <time>2026-08-12T17:21:01Z</time>
   </trkpt>
   <trkpt lat="44.8012710" lon="20.4850740">
    <ele>145.9</ele>
    <time>2026-08-12T17:21:02Z</time>
   </trkpt>
   <trkpt lat="44.8012330" lon="20.4852110">
    <ele>146.1</ele>
    <time>2026-08-12T17:21:03Z</time>
   </trkpt>
   <trkpt lat="44.8012100" lon="20.4852650">
    <ele>146.2</ele>
    <time>2026-08-12T17:21:04Z</time>
   </trkpt>
   <trkpt lat="44.8011860" lon="20.4853170">
    <ele>146.3</ele>
    <time>2026-08-12T17:21:05Z</time>
   </trkpt>
   <trkpt lat="44.8011800" lon="20.4853580">
    <ele>146.3</ele>
    <time>2026-08-12T17:21:06Z</time>
   </trkpt>
   <trkpt lat="44.8011670" lon="20.4854180">
    <ele>146.4</ele>
    <time>2026-08-12T17:21:07Z</time>
   </trkpt>
   <trkpt lat="44.8011460" lon="20.4854610">
    <ele>146.5</ele>
    <time>2026-08-12T17:21:08Z</time>
   </trkpt>
   <trkpt lat="44.8011260" lon="20.4854920">
    <ele>146.5</ele>
    <time>2026-08-12T17:21:09Z</time>
   </trkpt>
   <trkpt lat="44.8011190" lon="20.4855200">
    <ele>146.6</ele>
    <time>2026-08-12T17:21:10Z</time>
   </trkpt>
   <trkpt lat="44.8011120" lon="20.4855610">
    <ele>146.6</ele>
    <time>2026-08-12T17:21:11Z</time>
   </trkpt>
   <trkpt lat="44.8011000" lon="20.4855790">
    <ele>146.7</ele>
    <time>2026-08-12T17:21:12Z</time>
   </trkpt>
   <trkpt lat="44.8010860" lon="20.4856130">
    <ele>146.7</ele>
    <time>2026-08-12T17:21:13Z</time>
   </trkpt>
   <trkpt lat="44.8010810" lon="20.4856450">
    <ele>146.8</ele>
    <time>2026-08-12T17:21:14Z</time>
   </trkpt>
   <trkpt lat="44.8010490" lon="20.4856620">
    <ele>146.8</ele>
    <time>2026-08-12T17:21:15Z</time>
   </trkpt>
   <trkpt lat="44.8010170" lon="20.4856770">
    <ele>146.9</ele>
    <time>2026-08-12T17:21:16Z</time>
   </trkpt>
   <trkpt lat="44.8009820" lon="20.4856910">
    <ele>147.0</ele>
    <time>2026-08-12T17:21:17Z</time>
   </trkpt>
   <trkpt lat="44.8009830" lon="20.4857470">
    <ele>147.1</ele>
    <time>2026-08-12T17:21:18Z</time>
   </trkpt>
   <trkpt lat="44.8009750" lon="20.4857950">
    <ele>147.1</ele>
    <time>2026-08-12T17:21:19Z</time>
   </trkpt>
   <trkpt lat="44.8009570" lon="20.4858360">
    <ele>147.2</ele>
    <time>2026-08-12T17:21:20Z</time>
   </trkpt>
   <trkpt lat="44.8009570" lon="20.4858860">
    <ele>147.3</ele>
    <time>2026-08-12T17:21:21Z</time>
   </trkpt>
   <trkpt lat="44.8009620" lon="20.4859420">
    <ele>147.4</ele>
    <time>2026-08-12T17:21:22Z</time>
   </trkpt>
   <trkpt lat="44.8009560" lon="20.4859930">
    <ele>147.4</ele>
    <time>2026-08-12T17:21:23Z</time>
   </trkpt>
   <trkpt lat="44.8009390" lon="20.4860350">
    <ele>147.5</ele>
    <time>2026-08-12T17:21:24Z</time>
   </trkpt>
   <trkpt lat="44.8009200" lon="20.4860710">
    <ele>147.6</ele>
    <time>2026-08-12T17:21:25Z</time>
   </trkpt>
   <trkpt lat="44.8008960" lon="20.4861430">
    <ele>147.7</ele>
    <time>2026-08-12T17:21:26Z</time>
   </trkpt>
   <trkpt lat="44.8008810" lon="20.4861810">
    <ele>147.7</ele>
    <time>2026-08-12T17:21:27Z</time>
   </trkpt>
   <trkpt lat="44.8008590" lon="20.4862110">
    <ele>147.8</ele>
    <time>2026-08-12T17:21:28Z</time>
   </trkpt>
   <trkpt lat="44.8008420" lon="20.4862500">
    <ele>147.9</ele>
    <time>2026-08-12T17:21:29Z</time>
   </trkpt>
   <trkpt lat="44.8008230" lon="20.4862960">
    <ele>147.9</ele>
    <time>2026-08-12T17:21:30Z</time>
   </trkpt>
   <trkpt lat="44.8008070" lon="20.4863370">
    <ele>148.0</ele>
    <time>2026-08-12T17:21:31Z</time>
   </trkpt>
   <trkpt lat="44.8007940" lon="20.4863730">
    <ele>148.1</ele>
    <time>2026-08-12T17:21:32Z</time>
   </trkpt>
   <trkpt lat="44.8007740" lon="20.4864080">
    <ele>148.1</ele>
    <time>2026-08-12T17:21:33Z</time>
   </trkpt>
   <trkpt lat="44.8007330" lon="20.4864390">
    <ele>148.2</ele>
    <time>2026-08-12T17:21:34Z</time>
   </trkpt>
   <trkpt lat="44.8006840" lon="20.4864790">
    <ele>148.3</ele>
    <time>2026-08-12T17:21:35Z</time>
   </trkpt>
   <trkpt lat="44.8006470" lon="20.4865390">
    <ele>148.4</ele>
    <time>2026-08-12T17:21:36Z</time>
   </trkpt>
   <trkpt lat="44.8006130" lon="20.4865990">
    <ele>148.5</ele>
    <time>2026-08-12T17:21:37Z</time>
   </trkpt>
   <trkpt lat="44.8006070" lon="20.4866410">
    <ele>148.6</ele>
    <time>2026-08-12T17:21:38Z</time>
   </trkpt>
   <trkpt lat="44.8005990" lon="20.4866710">
    <ele>148.6</ele>
    <time>2026-08-12T17:21:39Z</time>
   </trkpt>
   <trkpt lat="44.8005930" lon="20.4867000">
    <ele>148.7</ele>
    <time>2026-08-12T17:21:40Z</time>
   </trkpt>
   <trkpt lat="44.8005930" lon="20.4867310">
    <ele>148.7</ele>
    <time>2026-08-12T17:21:41Z</time>
   </trkpt>
   <trkpt lat="44.8005870" lon="20.4867600">
    <ele>148.7</ele>
    <time>2026-08-12T17:21:42Z</time>
   </trkpt>
   <trkpt lat="44.8005810" lon="20.4867890">
    <ele>148.8</ele>
    <time>2026-08-12T17:21:43Z</time>
   </trkpt>
   <trkpt lat="44.8005800" lon="20.4868200">
    <ele>148.8</ele>
    <time>2026-08-12T17:21:44Z</time>
   </trkpt>
   <trkpt lat="44.8005770" lon="20.4868500">
    <ele>148.9</ele>
    <time>2026-08-12T17:21:45Z</time>
   </trkpt>
   <trkpt lat="44.8005660" lon="20.4868770">
    <ele>148.9</ele>
    <time>2026-08-12T17:21:46Z</time>
   </trkpt>
   <trkpt lat="44.8005610" lon="20.4869060">
    <ele>149.0</ele>
    <time>2026-08-12T17:21:47Z</time>
   </trkpt>
   <trkpt lat="44.8005610" lon="20.4869370">
    <ele>149.0</ele>
    <time>2026-08-12T17:21:48Z</time>
   </trkpt>
   <trkpt lat="44.8005630" lon="20.4869700">
    <ele>149.1</ele>
    <time>2026-08-12T17:21:49Z</time>
   </trkpt>
   <trkpt lat="44.8005600" lon="20.4869990">
    <ele>149.1</ele>
    <time>2026-08-12T17:21:50Z</time>
   </trkpt>
   <trkpt lat="44.8005540" lon="20.4870260">
    <ele>149.2</ele>
    <time>2026-08-12T17:21:52Z</time>
   </trkpt>
   <trkpt lat="44.8005500" lon="20.4870530">
    <ele>149.2</ele>
    <time>2026-08-12T17:21:53Z</time>
   </trkpt>
   <trkpt lat="44.8005460" lon="20.4870800">
    <ele>149.2</ele>
    <time>2026-08-12T17:21:54Z</time>
   </trkpt>
   <trkpt lat="44.8005500" lon="20.4871130">
    <ele>149.3</ele>
    <time>2026-08-12T17:21:55Z</time>
   </trkpt>
   <trkpt lat="44.8005080" lon="20.4871440">
    <ele>149.4</ele>
    <time>2026-08-12T17:21:56Z</time>
   </trkpt>
   <trkpt lat="44.8004880" lon="20.4871780">
    <ele>149.5</ele>
    <time>2026-08-12T17:21:57Z</time>
   </trkpt>
   <trkpt lat="44.8004720" lon="20.4872180">
    <ele>149.6</ele>
    <time>2026-08-12T17:21:58Z</time>
   </trkpt>
   <trkpt lat="44.8004640" lon="20.4872770">
    <ele>149.7</ele>
    <time>2026-08-12T17:21:59Z</time>
   </trkpt>
   <trkpt lat="44.8004530" lon="20.4873230">
    <ele>149.7</ele>
    <time>2026-08-12T17:22:00Z</time>
   </trkpt>
   <trkpt lat="44.8004210" lon="20.4873760">
    <ele>149.9</ele>
    <time>2026-08-12T17:22:01Z</time>
   </trkpt>
   <trkpt lat="44.8003920" lon="20.4874210">
    <ele>150.0</ele>
    <time>2026-08-12T17:22:02Z</time>
   </trkpt>
   <trkpt lat="44.8003690" lon="20.4874510">
    <ele>150.0</ele>
    <time>2026-08-12T17:22:03Z</time>
   </trkpt>
   <trkpt lat="44.8003500" lon="20.4874740">
    <ele>150.1</ele>
    <time>2026-08-12T17:22:04Z</time>
   </trkpt>
   <trkpt lat="44.8003430" lon="20.4874990">
    <ele>150.2</ele>
    <time>2026-08-12T17:22:05Z</time>
   </trkpt>
   <trkpt lat="44.8003350" lon="20.4875250">
    <ele>150.2</ele>
    <time>2026-08-12T17:22:06Z</time>
   </trkpt>
   <trkpt lat="44.8003300" lon="20.4875590">
    <ele>150.3</ele>
    <time>2026-08-12T17:22:07Z</time>
   </trkpt>
   <trkpt lat="44.8003100" lon="20.4875880">
    <ele>150.4</ele>
    <time>2026-08-12T17:22:08Z</time>
   </trkpt>
   <trkpt lat="44.8002970" lon="20.4876190">
    <ele>150.4</ele>
    <time>2026-08-12T17:22:09Z</time>
   </trkpt>
   <trkpt lat="44.8002720" lon="20.4876420">
    <ele>150.5</ele>
    <time>2026-08-12T17:22:10Z</time>
   </trkpt>
   <trkpt lat="44.8002580" lon="20.4876790">
    <ele>150.6</ele>
    <time>2026-08-12T17:22:11Z</time>
   </trkpt>
   <trkpt lat="44.8002500" lon="20.4877230">
    <ele>150.7</ele>
    <time>2026-08-12T17:22:12Z</time>
   </trkpt>
   <trkpt lat="44.8002370" lon="20.4877600">
    <ele>150.8</ele>
    <time>2026-08-12T17:22:13Z</time>
   </trkpt>
   <trkpt lat="44.8002150" lon="20.4877960">
    <ele>150.9</ele>
    <time>2026-08-12T17:22:14Z</time>
   </trkpt>
   <trkpt lat="44.8001950" lon="20.4878280">
    <ele>151.0</ele>
    <time>2026-08-12T17:22:15Z</time>
   </trkpt>
   <trkpt lat="44.8001720" lon="20.4878570">
    <ele>151.0</ele>
    <time>2026-08-12T17:22:16Z</time>
   </trkpt>
   <trkpt lat="44.8001520" lon="20.4878850">
    <ele>151.1</ele>
    <time>2026-08-12T17:22:17Z</time>
   </trkpt>
   <trkpt lat="44.8001320" lon="20.4879120">
    <ele>151.2</ele>
    <time>2026-08-12T17:22:18Z</time>
   </trkpt>
   <trkpt lat="44.8001140" lon="20.4879470">
    <ele>151.2</ele>
    <time>2026-08-12T17:22:19Z</time>
   </trkpt>
   <trkpt lat="44.8000850" lon="20.4879690">
    <ele>151.3</ele>
    <time>2026-08-12T17:22:20Z</time>
   </trkpt>
   <trkpt lat="44.8000570" lon="20.4879780">
    <ele>151.4</ele>
    <time>2026-08-12T17:22:21Z</time>
   </trkpt>
   <trkpt lat="44.8000310" lon="20.4879840">
    <ele>151.4</ele>
    <time>2026-08-12T17:22:22Z</time>
   </trkpt>
   <trkpt lat="44.8000460" lon="20.4880470">
    <ele>151.5</ele>
    <time>2026-08-12T17:22:23Z</time>
   </trkpt>
   <trkpt lat="44.8000420" lon="20.4880500">
    <ele>151.5</ele>
    <time>2026-08-12T17:22:24Z</time>
   </trkpt>
   <trkpt lat="44.8000520" lon="20.4880660">
    <ele>151.6</ele>
    <time>2026-08-12T17:22:25Z</time>
   </trkpt>
   <trkpt lat="44.8000480" lon="20.4880890">
    <ele>151.6</ele>
    <time>2026-08-12T17:22:26Z</time>
   </trkpt>
   <trkpt lat="44.8000410" lon="20.4881230">
    <ele>151.7</ele>
    <time>2026-08-12T17:22:27Z</time>
   </trkpt>
   <trkpt lat="44.8000370" lon="20.4881530">
    <ele>151.7</ele>
    <time>2026-08-12T17:22:28Z</time>
   </trkpt>
   <trkpt lat="44.8000350" lon="20.4881690">
    <ele>151.7</ele>
    <time>2026-08-12T17:22:29Z</time>
   </trkpt>
   <trkpt lat="44.8000320" lon="20.4881990">
    <ele>151.8</ele>
    <time>2026-08-12T17:22:30Z</time>
   </trkpt>
   <trkpt lat="44.8000140" lon="20.4882170">
    <ele>151.9</ele>
    <time>2026-08-12T17:22:31Z</time>
   </trkpt>
   <trkpt lat="44.8000170" lon="20.4882460">
    <ele>152.0</ele>
    <time>2026-08-12T17:22:32Z</time>
   </trkpt>
   <trkpt lat="44.7999760" lon="20.4883660">
    <ele>152.3</ele>
    <time>2026-08-12T17:22:33Z</time>
   </trkpt>
   <trkpt lat="44.7999450" lon="20.4884660">
    <ele>152.6</ele>
    <time>2026-08-12T17:22:34Z</time>
   </trkpt>
   <trkpt lat="44.7999340" lon="20.4885020">
    <ele>152.7</ele>
    <time>2026-08-12T17:22:35Z</time>
   </trkpt>
   <trkpt lat="44.7999340" lon="20.4885020">
    <ele>152.7</ele>
    <time>2026-08-12T17:22:36Z</time>
   </trkpt>
   <trkpt lat="44.7999340" lon="20.4885020">
    <ele>152.7</ele>
    <time>2026-08-12T17:22:37Z</time>
   </trkpt>
   <trkpt lat="44.7998080" lon="20.4886500">
    <ele>153.4</ele>
    <time>2026-08-12T17:22:50Z</time>
   </trkpt>
   <trkpt lat="44.7997990" lon="20.4886720">
    <ele>153.4</ele>
    <time>2026-08-12T17:22:51Z</time>
   </trkpt>
   <trkpt lat="44.7997870" lon="20.4886870">
    <ele>153.5</ele>
    <time>2026-08-12T17:22:52Z</time>
   </trkpt>
   <trkpt lat="44.7997720" lon="20.4887110">
    <ele>153.5</ele>
    <time>2026-08-12T17:22:53Z</time>
   </trkpt>
   <trkpt lat="44.7997630" lon="20.4887260">
    <ele>153.5</ele>
    <time>2026-08-12T17:22:54Z</time>
   </trkpt>
   <trkpt lat="44.7997590" lon="20.4887370">
    <ele>153.6</ele>
    <time>2026-08-12T17:22:55Z</time>
   </trkpt>
   <trkpt lat="44.7997510" lon="20.4887570">
    <ele>153.6</ele>
    <time>2026-08-12T17:22:56Z</time>
   </trkpt>
   <trkpt lat="44.7997310" lon="20.4887840">
    <ele>153.8</ele>
    <time>2026-08-12T17:22:57Z</time>
   </trkpt>
   <trkpt lat="44.7997210" lon="20.4888200">
    <ele>153.9</ele>
    <time>2026-08-12T17:22:58Z</time>
   </trkpt>
   <trkpt lat="44.7997130" lon="20.4888490">
    <ele>154.0</ele>
    <time>2026-08-12T17:22:59Z</time>
   </trkpt>
   <trkpt lat="44.7997090" lon="20.4888630">
    <ele>154.0</ele>
    <time>2026-08-12T17:23:00Z</time>
   </trkpt>
   <trkpt lat="44.7996930" lon="20.4888780">
    <ele>154.1</ele>
    <time>2026-08-12T17:23:01Z</time>
   </trkpt>
   <trkpt lat="44.7996830" lon="20.4888930">
    <ele>154.2</ele>
    <time>2026-08-12T17:23:02Z</time>
   </trkpt>
   <trkpt lat="44.7996760" lon="20.4889150">
    <ele>154.2</ele>
    <time>2026-08-12T17:23:03Z</time>
   </trkpt>
   <trkpt lat="44.7996660" lon="20.4889400">
    <ele>154.3</ele>
    <time>2026-08-12T17:23:04Z</time>
   </trkpt>
   <trkpt lat="44.7996480" lon="20.4889610">
    <ele>154.4</ele>
    <time>2026-08-12T17:23:05Z</time>
   </trkpt>
   <trkpt lat="44.7996220" lon="20.4889780">
    <ele>154.6</ele>
    <time>2026-08-12T17:23:06Z</time>
   </trkpt>
   <trkpt lat="44.7996030" lon="20.4889860">
    <ele>154.7</ele>
    <time>2026-08-12T17:23:07Z</time>
   </trkpt>
   <trkpt lat="44.7995890" lon="20.4889970">
    <ele>154.7</ele>
    <time>2026-08-12T17:23:08Z</time>
   </trkpt>
   <trkpt lat="44.7995750" lon="20.4890170">
    <ele>154.8</ele>
    <time>2026-08-12T17:23:09Z</time>
   </trkpt>
   <trkpt lat="44.7995680" lon="20.4890480">
    <ele>154.9</ele>
    <time>2026-08-12T17:23:10Z</time>
   </trkpt>
   <trkpt lat="44.7995600" lon="20.4890770">
    <ele>155.0</ele>
    <time>2026-08-12T17:23:11Z</time>
   </trkpt>
   <trkpt lat="44.7995490" lon="20.4890990">
    <ele>155.1</ele>
    <time>2026-08-12T17:23:12Z</time>
   </trkpt>
   <trkpt lat="44.7995320" lon="20.4891570">
    <ele>155.3</ele>
    <time>2026-08-12T17:23:13Z</time>
   </trkpt>
   <trkpt lat="44.7995260" lon="20.4891900">
    <ele>155.5</ele>
    <time>2026-08-12T17:23:14Z</time>
   </trkpt>
   <trkpt lat="44.7995220" lon="20.4892300">
    <ele>155.6</ele>
    <time>2026-08-12T17:23:15Z</time>
   </trkpt>
   <trkpt lat="44.7995130" lon="20.4892630">
    <ele>155.7</ele>
    <time>2026-08-12T17:23:16Z</time>
   </trkpt>
   <trkpt lat="44.7995090" lon="20.4893020">
    <ele>155.8</ele>
    <time>2026-08-12T17:23:17Z</time>
   </trkpt>
   <trkpt lat="44.7995020" lon="20.4893370">
    <ele>156.0</ele>
    <time>2026-08-12T17:23:18Z</time>
   </trkpt>
   <trkpt lat="44.7994910" lon="20.4893690">
    <ele>156.1</ele>
    <time>2026-08-12T17:23:19Z</time>
   </trkpt>
   <trkpt lat="44.7994830" lon="20.4893960">
    <ele>156.2</ele>
    <time>2026-08-12T17:23:20Z</time>
   </trkpt>
   <trkpt lat="44.7994710" lon="20.4894200">
    <ele>156.3</ele>
    <time>2026-08-12T17:23:21Z</time>
   </trkpt>
   <trkpt lat="44.7994590" lon="20.4894420">
    <ele>156.4</ele>
    <time>2026-08-12T17:23:22Z</time>
   </trkpt>
   <trkpt lat="44.7994480" lon="20.4894600">
    <ele>156.4</ele>
    <time>2026-08-12T17:23:23Z</time>
   </trkpt>
   <trkpt lat="44.7994390" lon="20.4894800">
    <ele>156.5</ele>
    <time>2026-08-12T17:23:24Z</time>
   </trkpt>
   <trkpt lat="44.7994250" lon="20.4895000">
    <ele>156.6</ele>
    <time>2026-08-12T17:23:25Z</time>
   </trkpt>
   <trkpt lat="44.7994220" lon="20.4895280">
    <ele>156.7</ele>
    <time>2026-08-12T17:23:26Z</time>
   </trkpt>
   <trkpt lat="44.7994080" lon="20.4895430">
    <ele>156.8</ele>
    <time>2026-08-12T17:23:27Z</time>
   </trkpt>
   <trkpt lat="44.7993940" lon="20.4895600">
    <ele>156.9</ele>
    <time>2026-08-12T17:23:28Z</time>
   </trkpt>
   <trkpt lat="44.7993790" lon="20.4895750">
    <ele>157.0</ele>
    <time>2026-08-12T17:23:29Z</time>
   </trkpt>
   <trkpt lat="44.7993660" lon="20.4895910">
    <ele>157.1</ele>
    <time>2026-08-12T17:23:30Z</time>
   </trkpt>
   <trkpt lat="44.7993390" lon="20.4895980">
    <ele>157.2</ele>
    <time>2026-08-12T17:23:31Z</time>
   </trkpt>
   <trkpt lat="44.7992980" lon="20.4896190">
    <ele>157.5</ele>
    <time>2026-08-12T17:23:32Z</time>
   </trkpt>
   <trkpt lat="44.7992850" lon="20.4896400">
    <ele>157.6</ele>
    <time>2026-08-12T17:23:33Z</time>
   </trkpt>
   <trkpt lat="44.7992660" lon="20.4896570">
    <ele>157.7</ele>
    <time>2026-08-12T17:23:34Z</time>
   </trkpt>
   <trkpt lat="44.7992700" lon="20.4897140">
    <ele>157.9</ele>
    <time>2026-08-12T17:23:35Z</time>
   </trkpt>
   <trkpt lat="44.7992780" lon="20.4897740">
    <ele>158.0</ele>
    <time>2026-08-12T17:23:36Z</time>
   </trkpt>
   <trkpt lat="44.7992880" lon="20.4898310">
    <ele>158.2</ele>
    <time>2026-08-12T17:23:37Z</time>
   </trkpt>
   <trkpt lat="44.7992930" lon="20.4898760">
    <ele>158.3</ele>
    <time>2026-08-12T17:23:38Z</time>
   </trkpt>
   <trkpt lat="44.7992970" lon="20.4899180">
    <ele>158.4</ele>
    <time>2026-08-12T17:23:39Z</time>
   </trkpt>
   <trkpt lat="44.7993010" lon="20.4899550">
    <ele>158.5</ele>
    <time>2026-08-12T17:23:40Z</time>
   </trkpt>
   <trkpt lat="44.7993040" lon="20.4899910">
    <ele>158.6</ele>
    <time>2026-08-12T17:23:41Z</time>
   </trkpt>
   <trkpt lat="44.7993080" lon="20.4900300">
    <ele>158.8</ele>
    <time>2026-08-12T17:23:42Z</time>
   </trkpt>
   <trkpt lat="44.7992860" lon="20.4900590">
    <ele>158.9</ele>
    <time>2026-08-12T17:23:43Z</time>
   </trkpt>
   <trkpt lat="44.7992680" lon="20.4900790">
    <ele>159.0</ele>
    <time>2026-08-12T17:23:44Z</time>
   </trkpt>
   <trkpt lat="44.7992410" lon="20.4900960">
    <ele>159.1</ele>
    <time>2026-08-12T17:23:45Z</time>
   </trkpt>
   <trkpt lat="44.7992180" lon="20.4901180">
    <ele>159.2</ele>
    <time>2026-08-12T17:23:46Z</time>
   </trkpt>
   <trkpt lat="44.7991920" lon="20.4901370">
    <ele>159.3</ele>
    <time>2026-08-12T17:23:47Z</time>
   </trkpt>
   <trkpt lat="44.7991730" lon="20.4901670">
    <ele>159.4</ele>
    <time>2026-08-12T17:23:48Z</time>
   </trkpt>
   <trkpt lat="44.7991510" lon="20.4901960">
    <ele>159.6</ele>
    <time>2026-08-12T17:23:49Z</time>
   </trkpt>
   <trkpt lat="44.7991220" lon="20.4902090">
    <ele>159.7</ele>
    <time>2026-08-12T17:23:50Z</time>
   </trkpt>
   <trkpt lat="44.7991020" lon="20.4902290">
    <ele>159.8</ele>
    <time>2026-08-12T17:23:51Z</time>
   </trkpt>
   <trkpt lat="44.7990870" lon="20.4902520">
    <ele>159.9</ele>
    <time>2026-08-12T17:23:52Z</time>
   </trkpt>
   <trkpt lat="44.7990850" lon="20.4902970">
    <ele>160.0</ele>
    <time>2026-08-12T17:23:53Z</time>
   </trkpt>
   <trkpt lat="44.7990790" lon="20.4903350">
    <ele>160.1</ele>
    <time>2026-08-12T17:23:54Z</time>
   </trkpt>
   <trkpt lat="44.7990690" lon="20.4903700">
    <ele>160.2</ele>
    <time>2026-08-12T17:23:55Z</time>
   </trkpt>
   <trkpt lat="44.7990560" lon="20.4903940">
    <ele>160.3</ele>
    <time>2026-08-12T17:23:56Z</time>
   </trkpt>
   <trkpt lat="44.7990470" lon="20.4904210">
    <ele>160.4</ele>
    <time>2026-08-12T17:23:57Z</time>
   </trkpt>
   <trkpt lat="44.7990370" lon="20.4904480">
    <ele>160.6</ele>
    <time>2026-08-12T17:23:58Z</time>
   </trkpt>
   <trkpt lat="44.7990240" lon="20.4904720">
    <ele>160.7</ele>
    <time>2026-08-12T17:23:59Z</time>
   </trkpt>
   <trkpt lat="44.7990070" lon="20.4904920">
    <ele>160.8</ele>
    <time>2026-08-12T17:24:00Z</time>
   </trkpt>
   <trkpt lat="44.7989730" lon="20.4905150">
    <ele>161.0</ele>
    <time>2026-08-12T17:24:01Z</time>
   </trkpt>
   <trkpt lat="44.7989550" lon="20.4905370">
    <ele>161.2</ele>
    <time>2026-08-12T17:24:02Z</time>
   </trkpt>
   <trkpt lat="44.7989420" lon="20.4905590">
    <ele>161.3</ele>
    <time>2026-08-12T17:24:03Z</time>
   </trkpt>
   <trkpt lat="44.7989330" lon="20.4905940">
    <ele>161.4</ele>
    <time>2026-08-12T17:24:04Z</time>
   </trkpt>
   <trkpt lat="44.7989240" lon="20.4906160">
    <ele>161.6</ele>
    <time>2026-08-12T17:24:05Z</time>
   </trkpt>
   <trkpt lat="44.7989100" lon="20.4906460">
    <ele>161.7</ele>
    <time>2026-08-12T17:24:06Z</time>
   </trkpt>
   <trkpt lat="44.7988950" lon="20.4906610">
    <ele>161.8</ele>
    <time>2026-08-12T17:24:07Z</time>
   </trkpt>
   <trkpt lat="44.7988780" lon="20.4906830">
    <ele>162.0</ele>
    <time>2026-08-12T17:24:08Z</time>
   </trkpt>
   <trkpt lat="44.7988630" lon="20.4907000">
    <ele>162.1</ele>
    <time>2026-08-12T17:24:09Z</time>
   </trkpt>
   <trkpt lat="44.7988490" lon="20.4907220">
    <ele>162.2</ele>
    <time>2026-08-12T17:24:10Z</time>
   </trkpt>
   <trkpt lat="44.7988350" lon="20.4907400">
    <ele>162.2</ele>
    <time>2026-08-12T17:24:11Z</time>
   </trkpt>
   <trkpt lat="44.7988220" lon="20.4907600">
    <ele>162.3</ele>
    <time>2026-08-12T17:24:12Z</time>
   </trkpt>
   <trkpt lat="44.7988120" lon="20.4907860">
    <ele>162.4</ele>
    <time>2026-08-12T17:24:13Z</time>
   </trkpt>
   <trkpt lat="44.7988050" lon="20.4908130">
    <ele>162.4</ele>
    <time>2026-08-12T17:24:14Z</time>
   </trkpt>
   <trkpt lat="44.7987960" lon="20.4908360">
    <ele>162.4</ele>
    <time>2026-08-12T17:24:15Z</time>
   </trkpt>
   <trkpt lat="44.7987920" lon="20.4908630">
    <ele>162.5</ele>
    <time>2026-08-12T17:24:16Z</time>
   </trkpt>
   <trkpt lat="44.7987760" lon="20.4908800">
    <ele>162.5</ele>
    <time>2026-08-12T17:24:17Z</time>
   </trkpt>
   <trkpt lat="44.7987560" lon="20.4908920">
    <ele>162.6</ele>
    <time>2026-08-12T17:24:18Z</time>
   </trkpt>
   <trkpt lat="44.7987460" lon="20.4909110">
    <ele>162.6</ele>
    <time>2026-08-12T17:24:19Z</time>
   </trkpt>
   <trkpt lat="44.7987340" lon="20.4909290">
    <ele>162.6</ele>
    <time>2026-08-12T17:24:20Z</time>
   </trkpt>
   <trkpt lat="44.7987240" lon="20.4909480">
    <ele>162.7</ele>
    <time>2026-08-12T17:24:21Z</time>
   </trkpt>
   <trkpt lat="44.7987100" lon="20.4909650">
    <ele>162.8</ele>
    <time>2026-08-12T17:24:22Z</time>
   </trkpt>
   <trkpt lat="44.7986980" lon="20.4909830">
    <ele>162.9</ele>
    <time>2026-08-12T17:24:23Z</time>
   </trkpt>
   <trkpt lat="44.7986880" lon="20.4910030">
    <ele>163.0</ele>
    <time>2026-08-12T17:24:25Z</time>
   </trkpt>
   <trkpt lat="44.7986820" lon="20.4910260">
    <ele>163.1</ele>
    <time>2026-08-12T17:24:26Z</time>
   </trkpt>
   <trkpt lat="44.7986650" lon="20.4910390">
    <ele>163.1</ele>
    <time>2026-08-12T17:24:27Z</time>
   </trkpt>
   <trkpt lat="44.7986470" lon="20.4910500">
    <ele>163.4</ele>
    <time>2026-08-12T17:24:28Z</time>
   </trkpt>
   <trkpt lat="44.7986310" lon="20.4910610">
    <ele>163.4</ele>
    <time>2026-08-12T17:24:29Z</time>
   </trkpt>
   <trkpt lat="44.7986110" lon="20.4910710">
    <ele>163.4</ele>
    <time>2026-08-12T17:24:30Z</time>
   </trkpt>
   <trkpt lat="44.7985970" lon="20.4910870">
    <ele>163.4</ele>
    <time>2026-08-12T17:24:31Z</time>
   </trkpt>
   <trkpt lat="44.7985880" lon="20.4911070">
    <ele>163.6</ele>
    <time>2026-08-12T17:24:32Z</time>
   </trkpt>
   <trkpt lat="44.7985760" lon="20.4911250">
    <ele>163.7</ele>
    <time>2026-08-12T17:24:33Z</time>
   </trkpt>
   <trkpt lat="44.7985600" lon="20.4911350">
    <ele>163.8</ele>
    <time>2026-08-12T17:24:34Z</time>
   </trkpt>
   <trkpt lat="44.7985490" lon="20.4911510">
    <ele>163.9</ele>
    <time>2026-08-12T17:24:35Z</time>
   </trkpt>
   <trkpt lat="44.7985400" lon="20.4911710">
    <ele>163.9</ele>
    <time>2026-08-12T17:24:36Z</time>
   </trkpt>
   <trkpt lat="44.7985290" lon="20.4911880">
    <ele>164.0</ele>
    <time>2026-08-12T17:24:37Z</time>
   </trkpt>
   <trkpt lat="44.7985150" lon="20.4912010">
    <ele>164.0</ele>
    <time>2026-08-12T17:24:38Z</time>
   </trkpt>
   <trkpt lat="44.7985020" lon="20.4912150">
    <ele>164.0</ele>
    <time>2026-08-12T17:24:39Z</time>
   </trkpt>
   <trkpt lat="44.7984960" lon="20.4912380">
    <ele>164.2</ele>
    <time>2026-08-12T17:24:40Z</time>
   </trkpt>
   <trkpt lat="44.7984880" lon="20.4912580">
    <ele>164.2</ele>
    <time>2026-08-12T17:24:41Z</time>
   </trkpt>
   <trkpt lat="44.7984780" lon="20.4912760">
    <ele>164.4</ele>
    <time>2026-08-12T17:24:42Z</time>
   </trkpt>
   <trkpt lat="44.7984640" lon="20.4912910">
    <ele>164.4</ele>
    <time>2026-08-12T17:24:43Z</time>
   </trkpt>
   <trkpt lat="44.7984500" lon="20.4913050">
    <ele>164.5</ele>
    <time>2026-08-12T17:24:44Z</time>
   </trkpt>
   <trkpt lat="44.7984360" lon="20.4913190">
    <ele>164.5</ele>
    <time>2026-08-12T17:24:45Z</time>
   </trkpt>
   <trkpt lat="44.7984280" lon="20.4913390">
    <ele>164.6</ele>
    <time>2026-08-12T17:24:46Z</time>
   </trkpt>
   <trkpt lat="44.7984230" lon="20.4913640">
    <ele>164.7</ele>
    <time>2026-08-12T17:24:47Z</time>
   </trkpt>
   <trkpt lat="44.7984040" lon="20.4913810">
    <ele>164.7</ele>
    <time>2026-08-12T17:24:48Z</time>
   </trkpt>
   <trkpt lat="44.7983850" lon="20.4913840">
    <ele>164.7</ele>
    <time>2026-08-12T17:24:49Z</time>
   </trkpt>
   <trkpt lat="44.7983650" lon="20.4913990">
    <ele>164.9</ele>
    <time>2026-08-12T17:24:50Z</time>
   </trkpt>
   <trkpt lat="44.7983560" lon="20.4914150">
    <ele>164.9</ele>
    <time>2026-08-12T17:24:51Z</time>
   </trkpt>
   <trkpt lat="44.7983370" lon="20.4914270">
    <ele>165.0</ele>
    <time>2026-08-12T17:24:52Z</time>
   </trkpt>
   <trkpt lat="44.7983260" lon="20.4914450">
    <ele>165.1</ele>
    <time>2026-08-12T17:24:53Z</time>
   </trkpt>
   <trkpt lat="44.7983200" lon="20.4914690">
    <ele>165.1</ele>
    <time>2026-08-12T17:24:54Z</time>
   </trkpt>
   <trkpt lat="44.7983070" lon="20.4914850">
    <ele>165.4</ele>
    <time>2026-08-12T17:24:55Z</time>
   </trkpt>
   <trkpt lat="44.7982950" lon="20.4915010">
    <ele>165.4</ele>
    <time>2026-08-12T17:24:56Z</time>
   </trkpt>
   <trkpt lat="44.7982830" lon="20.4915170">
    <ele>165.4</ele>
    <time>2026-08-12T17:24:57Z</time>
   </trkpt>
   <trkpt lat="44.7982700" lon="20.4915320">
    <ele>165.7</ele>
    <time>2026-08-12T17:24:58Z</time>
   </trkpt>
   <trkpt lat="44.7982540" lon="20.4915430">
    <ele>165.7</ele>
    <time>2026-08-12T17:24:59Z</time>
   </trkpt>
   <trkpt lat="44.7982370" lon="20.4915500">
    <ele>165.8</ele>
    <time>2026-08-12T17:25:00Z</time>
   </trkpt>
   <trkpt lat="44.7982220" lon="20.4915550">
    <ele>165.8</ele>
    <time>2026-08-12T17:25:01Z</time>
   </trkpt>
   <trkpt lat="44.7982140" lon="20.4915480">
    <ele>165.9</ele>
    <time>2026-08-12T17:25:02Z</time>
   </trkpt>
   <trkpt lat="44.7982060" lon="20.4915400">
    <ele>165.9</ele>
    <time>2026-08-12T17:25:03Z</time>
   </trkpt>
   <trkpt lat="44.7981860" lon="20.4915180">
    <ele>165.8</ele>
    <time>2026-08-12T17:25:04Z</time>
   </trkpt>
   <trkpt lat="44.7981720" lon="20.4915050">
    <ele>165.8</ele>
    <time>2026-08-12T17:25:05Z</time>
   </trkpt>
   <trkpt lat="44.7981590" lon="20.4914920">
    <ele>165.9</ele>
    <time>2026-08-12T17:25:06Z</time>
   </trkpt>
   <trkpt lat="44.7981350" lon="20.4914630">
    <ele>165.8</ele>
    <time>2026-08-12T17:25:07Z</time>
   </trkpt>
   <trkpt lat="44.7981250" lon="20.4914550">
    <ele>165.9</ele>
    <time>2026-08-12T17:25:08Z</time>
   </trkpt>
   <trkpt lat="44.7981150" lon="20.4914500">
    <ele>165.9</ele>
    <time>2026-08-12T17:25:09Z</time>
   </trkpt>
   <trkpt lat="44.7981090" lon="20.4914510">
    <ele>165.9</ele>
    <time>2026-08-12T17:25:10Z</time>
   </trkpt>
   <trkpt lat="44.7981000" lon="20.4914480">
    <ele>165.9</ele>
    <time>2026-08-12T17:25:11Z</time>
   </trkpt>
   <trkpt lat="44.7980880" lon="20.4914440">
    <ele>166.1</ele>
    <time>2026-08-12T17:25:12Z</time>
   </trkpt>
   <trkpt lat="44.7980680" lon="20.4914340">
    <ele>166.2</ele>
    <time>2026-08-12T17:25:13Z</time>
   </trkpt>
   <trkpt lat="44.7980510" lon="20.4914260">
    <ele>166.1</ele>
    <time>2026-08-12T17:25:14Z</time>
   </trkpt>
   <trkpt lat="44.7980360" lon="20.4914220">
    <ele>166.2</ele>
    <time>2026-08-12T17:25:15Z</time>
   </trkpt>
   <trkpt lat="44.7980220" lon="20.4914180">
    <ele>166.2</ele>
    <time>2026-08-12T17:25:16Z</time>
   </trkpt>
   <trkpt lat="44.7980050" lon="20.4914090">
    <ele>166.4</ele>
    <time>2026-08-12T17:25:17Z</time>
   </trkpt>
   <trkpt lat="44.7979710" lon="20.4913800">
    <ele>166.4</ele>
    <time>2026-08-12T17:25:18Z</time>
   </trkpt>
   <trkpt lat="44.7979370" lon="20.4913510">
    <ele>166.5</ele>
    <time>2026-08-12T17:25:19Z</time>
   </trkpt>
   <trkpt lat="44.7979070" lon="20.4913450">
    <ele>166.5</ele>
    <time>2026-08-12T17:25:20Z</time>
   </trkpt>
   <trkpt lat="44.7979010" lon="20.4913290">
    <ele>166.5</ele>
    <time>2026-08-12T17:25:21Z</time>
   </trkpt>
   <trkpt lat="44.7978790" lon="20.4913290">
    <ele>166.6</ele>
    <time>2026-08-12T17:25:22Z</time>
   </trkpt>
   <trkpt lat="44.7978480" lon="20.4913630">
    <ele>166.8</ele>
    <time>2026-08-12T17:25:23Z</time>
   </trkpt>
   <trkpt lat="44.7978090" lon="20.4913700">
    <ele>166.8</ele>
    <time>2026-08-12T17:25:24Z</time>
   </trkpt>
   <trkpt lat="44.7977460" lon="20.4913840">
    <ele>167.0</ele>
    <time>2026-08-12T17:25:25Z</time>
   </trkpt>
   <trkpt lat="44.7977060" lon="20.4914940">
    <ele>167.4</ele>
    <time>2026-08-12T17:25:26Z</time>
   </trkpt>
   <trkpt lat="44.7976580" lon="20.4915180">
    <ele>167.5</ele>
    <time>2026-08-12T17:25:27Z</time>
   </trkpt>
   <trkpt lat="44.7976030" lon="20.4915820">
    <ele>167.8</ele>
    <time>2026-08-12T17:25:28Z</time>
   </trkpt>
   <trkpt lat="44.7975440" lon="20.4917040">
    <ele>168.4</ele>
    <time>2026-08-12T17:25:29Z</time>
   </trkpt>
   <trkpt lat="44.7974950" lon="20.4917640">
    <ele>168.6</ele>
    <time>2026-08-12T17:25:30Z</time>
   </trkpt>
   <trkpt lat="44.7974280" lon="20.4918770">
    <ele>169.1</ele>
    <time>2026-08-12T17:25:31Z</time>
   </trkpt>
   <trkpt lat="44.7974140" lon="20.4919410">
    <ele>169.3</ele>
    <time>2026-08-12T17:25:32Z</time>
   </trkpt>
   <trkpt lat="44.7973710" lon="20.4920410">
    <ele>169.7</ele>
    <time>2026-08-12T17:25:33Z</time>
   </trkpt>
   <trkpt lat="44.7973290" lon="20.4921450">
    <ele>170.0</ele>
    <time>2026-08-12T17:25:34Z</time>
   </trkpt>
   <trkpt lat="44.7972890" lon="20.4922330">
    <ele>170.3</ele>
    <time>2026-08-12T17:25:35Z</time>
   </trkpt>
   <trkpt lat="44.7972450" lon="20.4923350">
    <ele>170.7</ele>
    <time>2026-08-12T17:25:36Z</time>
   </trkpt>
   <trkpt lat="44.7971970" lon="20.4924480">
    <ele>171.0</ele>
    <time>2026-08-12T17:25:37Z</time>
   </trkpt>
   <trkpt lat="44.7970980" lon="20.4926760">
    <ele>171.2</ele>
    <time>2026-08-12T17:25:38Z</time>
   </trkpt>
   <trkpt lat="44.7970440" lon="20.4927460">
    <ele>171.2</ele>
    <time>2026-08-12T17:25:39Z</time>
   </trkpt>
   <trkpt lat="44.7969910" lon="20.4928360">
    <ele>171.1</ele>
    <time>2026-08-12T17:25:40Z</time>
   </trkpt>
   <trkpt lat="44.7969350" lon="20.4929520">
    <ele>171.1</ele>
    <time>2026-08-12T17:25:41Z</time>
   </trkpt>
   <trkpt lat="44.7968840" lon="20.4930360">
    <ele>171.1</ele>
    <time>2026-08-12T17:25:42Z</time>
   </trkpt>
   <trkpt lat="44.7968280" lon="20.4931120">
    <ele>171.2</ele>
    <time>2026-08-12T17:25:43Z</time>
   </trkpt>
   <trkpt lat="44.7967850" lon="20.4931850">
    <ele>171.2</ele>
    <time>2026-08-12T17:25:44Z</time>
   </trkpt>
   <trkpt lat="44.7967470" lon="20.4932390">
    <ele>171.3</ele>
    <time>2026-08-12T17:25:45Z</time>
   </trkpt>
   <trkpt lat="44.7967110" lon="20.4933060">
    <ele>171.3</ele>
    <time>2026-08-12T17:25:46Z</time>
   </trkpt>
   <trkpt lat="44.7967080" lon="20.4933660">
    <ele>171.4</ele>
    <time>2026-08-12T17:25:47Z</time>
   </trkpt>
   <trkpt lat="44.7966800" lon="20.4934410">
    <ele>171.5</ele>
    <time>2026-08-12T17:25:48Z</time>
   </trkpt>
   <trkpt lat="44.7966720" lon="20.4934970">
    <ele>171.5</ele>
    <time>2026-08-12T17:25:49Z</time>
   </trkpt>
   <trkpt lat="44.7966530" lon="20.4935360">
    <ele>171.6</ele>
    <time>2026-08-12T17:25:50Z</time>
   </trkpt>
   <trkpt lat="44.7966420" lon="20.4935780">
    <ele>171.6</ele>
    <time>2026-08-12T17:25:51Z</time>
   </trkpt>
   <trkpt lat="44.7966210" lon="20.4936670">
    <ele>171.8</ele>
    <time>2026-08-12T17:25:52Z</time>
   </trkpt>
   <trkpt lat="44.7965970" lon="20.4936570">
    <ele>171.9</ele>
    <time>2026-08-12T17:25:53Z</time>
   </trkpt>
   <trkpt lat="44.7965550" lon="20.4937010">
    <ele>172.0</ele>
    <time>2026-08-12T17:25:54Z</time>
   </trkpt>
   <trkpt lat="44.7965180" lon="20.4937520">
    <ele>172.1</ele>
    <time>2026-08-12T17:25:55Z</time>
   </trkpt>
   <trkpt lat="44.7964950" lon="20.4938210">
    <ele>172.2</ele>
    <time>2026-08-12T17:25:56Z</time>
   </trkpt>
   <trkpt lat="44.7964690" lon="20.4938710">
    <ele>172.3</ele>
    <time>2026-08-12T17:25:57Z</time>
   </trkpt>
   <trkpt lat="44.7964500" lon="20.4939210">
    <ele>172.4</ele>
    <time>2026-08-12T17:25:58Z</time>
   </trkpt>
   <trkpt lat="44.7964260" lon="20.4939490">
    <ele>172.5</ele>
    <time>2026-08-12T17:25:59Z</time>
   </trkpt>
   <trkpt lat="44.7964150" lon="20.4939840">
    <ele>172.5</ele>
    <time>2026-08-12T17:26:00Z</time>
   </trkpt>
   <trkpt lat="44.7964110" lon="20.4940250">
    <ele>172.6</ele>
    <time>2026-08-12T17:26:01Z</time>
   </trkpt>
   <trkpt lat="44.7964080" lon="20.4940710">
    <ele>172.7</ele>
    <time>2026-08-12T17:26:02Z</time>
   </trkpt>
   <trkpt lat="44.7963760" lon="20.4941190">
    <ele>172.8</ele>
    <time>2026-08-12T17:26:03Z</time>
   </trkpt>
   <trkpt lat="44.7963520" lon="20.4941540">
    <ele>172.8</ele>
    <time>2026-08-12T17:26:04Z</time>
   </trkpt>
   <trkpt lat="44.7963390" lon="20.4941710">
    <ele>172.9</ele>
    <time>2026-08-12T17:26:05Z</time>
   </trkpt>
   <trkpt lat="44.7963230" lon="20.4942090">
    <ele>172.9</ele>
    <time>2026-08-12T17:26:06Z</time>
   </trkpt>
   <trkpt lat="44.7963090" lon="20.4942360">
    <ele>173.0</ele>
    <time>2026-08-12T17:26:07Z</time>
   </trkpt>
   <trkpt lat="44.7963160" lon="20.4943040">
    <ele>173.0</ele>
    <time>2026-08-12T17:26:08Z</time>
   </trkpt>
   <trkpt lat="44.7963070" lon="20.4943470">
    <ele>173.1</ele>
    <time>2026-08-12T17:26:09Z</time>
   </trkpt>
   <trkpt lat="44.7962990" lon="20.4943900">
    <ele>173.2</ele>
    <time>2026-08-12T17:26:10Z</time>
   </trkpt>
   <trkpt lat="44.7962950" lon="20.4944370">
    <ele>173.2</ele>
    <time>2026-08-12T17:26:11Z</time>
   </trkpt>
   <trkpt lat="44.7962920" lon="20.4944870">
    <ele>173.3</ele>
    <time>2026-08-12T17:26:12Z</time>
   </trkpt>
   <trkpt lat="44.7962890" lon="20.4945140">
    <ele>173.3</ele>
    <time>2026-08-12T17:26:13Z</time>
   </trkpt>
   <trkpt lat="44.7963070" lon="20.4945820">
    <ele>173.4</ele>
    <time>2026-08-12T17:26:14Z</time>
   </trkpt>
   <trkpt lat="44.7963020" lon="20.4946250">
    <ele>173.4</ele>
    <time>2026-08-12T17:26:15Z</time>
   </trkpt>
   <trkpt lat="44.7962480" lon="20.4946780">
    <ele>173.5</ele>
    <time>2026-08-12T17:26:16Z</time>
   </trkpt>
   <trkpt lat="44.7962550" lon="20.4947310">
    <ele>173.6</ele>
    <time>2026-08-12T17:26:17Z</time>
   </trkpt>
   <trkpt lat="44.7962650" lon="20.4948210">
    <ele>173.7</ele>
    <time>2026-08-12T17:26:18Z</time>
   </trkpt>
   <trkpt lat="44.7961990" lon="20.4948480">
    <ele>173.8</ele>
    <time>2026-08-12T17:26:19Z</time>
   </trkpt>
   <trkpt lat="44.7961730" lon="20.4948790">
    <ele>173.9</ele>
    <time>2026-08-12T17:26:20Z</time>
   </trkpt>
   <trkpt lat="44.7961500" lon="20.4949130">
    <ele>173.9</ele>
    <time>2026-08-12T17:26:21Z</time>
   </trkpt>
   <trkpt lat="44.7961300" lon="20.4949400">
    <ele>173.9</ele>
    <time>2026-08-12T17:26:22Z</time>
   </trkpt>
   <trkpt lat="44.7961190" lon="20.4949930">
    <ele>174.0</ele>
    <time>2026-08-12T17:26:23Z</time>
   </trkpt>
   <trkpt lat="44.7961030" lon="20.4950430">
    <ele>174.0</ele>
    <time>2026-08-12T17:26:24Z</time>
   </trkpt>
   <trkpt lat="44.7960930" lon="20.4950760">
    <ele>174.1</ele>
    <time>2026-08-12T17:26:25Z</time>
   </trkpt>
   <trkpt lat="44.7960790" lon="20.4951100">
    <ele>174.1</ele>
    <time>2026-08-12T17:26:26Z</time>
   </trkpt>
   <trkpt lat="44.7960510" lon="20.4951550">
    <ele>174.2</ele>
    <time>2026-08-12T17:26:27Z</time>
   </trkpt>
   <trkpt lat="44.7960290" lon="20.4951990">
    <ele>174.2</ele>
    <time>2026-08-12T17:26:28Z</time>
   </trkpt>
   <trkpt lat="44.7960150" lon="20.4952370">
    <ele>174.3</ele>
    <time>2026-08-12T17:26:29Z</time>
   </trkpt>
   <trkpt lat="44.7959990" lon="20.4952820">
    <ele>174.3</ele>
    <time>2026-08-12T17:26:31Z</time>
   </trkpt>
   <trkpt lat="44.7959800" lon="20.4953070">
    <ele>174.4</ele>
    <time>2026-08-12T17:26:32Z</time>
   </trkpt>
   <trkpt lat="44.7959680" lon="20.4953430">
    <ele>174.5</ele>
    <time>2026-08-12T17:26:33Z</time>
   </trkpt>
   <trkpt lat="44.7959590" lon="20.4953810">
    <ele>174.5</ele>
    <time>2026-08-12T17:26:34Z</time>
   </trkpt>
   <trkpt lat="44.7959510" lon="20.4954170">
    <ele>174.6</ele>
    <time>2026-08-12T17:26:35Z</time>
   </trkpt>
   <trkpt lat="44.7959520" lon="20.4954590">
    <ele>174.7</ele>
    <time>2026-08-12T17:26:36Z</time>
   </trkpt>
   <trkpt lat="44.7959410" lon="20.4954900">
    <ele>174.7</ele>
    <time>2026-08-12T17:26:37Z</time>
   </trkpt>
   <trkpt lat="44.7959270" lon="20.4955170">
    <ele>174.8</ele>
    <time>2026-08-12T17:26:38Z</time>
   </trkpt>
   <trkpt lat="44.7959170" lon="20.4955490">
    <ele>174.9</ele>
    <time>2026-08-12T17:26:39Z</time>
   </trkpt>
   <trkpt lat="44.7959090" lon="20.4955840">
    <ele>175.0</ele>
    <time>2026-08-12T17:26:40Z</time>
   </trkpt>
   <trkpt lat="44.7958920" lon="20.4956080">
    <ele>175.0</ele>
    <time>2026-08-12T17:26:41Z</time>
   </trkpt>
   <trkpt lat="44.7958950" lon="20.4956490">
    <ele>175.1</ele>
    <time>2026-08-12T17:26:42Z</time>
   </trkpt>
   <trkpt lat="44.7958900" lon="20.4956850">
    <ele>175.2</ele>
    <time>2026-08-12T17:26:43Z</time>
   </trkpt>
   <trkpt lat="44.7958760" lon="20.4957060">
    <ele>175.2</ele>
    <time>2026-08-12T17:26:44Z</time>
   </trkpt>
   <trkpt lat="44.7958630" lon="20.4957270">
    <ele>175.3</ele>
    <time>2026-08-12T17:26:45Z</time>
   </trkpt>
   <trkpt lat="44.7958440" lon="20.4957410">
    <ele>175.3</ele>
    <time>2026-08-12T17:26:46Z</time>
   </trkpt>
   <trkpt lat="44.7958250" lon="20.4957560">
    <ele>175.4</ele>
    <time>2026-08-12T17:26:47Z</time>
   </trkpt>
   <trkpt lat="44.7958100" lon="20.4957780">
    <ele>175.4</ele>
    <time>2026-08-12T17:26:48Z</time>
   </trkpt>
   <trkpt lat="44.7957970" lon="20.4958000">
    <ele>175.5</ele>
    <time>2026-08-12T17:26:49Z</time>
   </trkpt>
   <trkpt lat="44.7957960" lon="20.4958370">
    <ele>175.6</ele>
    <time>2026-08-12T17:26:50Z</time>
   </trkpt>
   <trkpt lat="44.7958070" lon="20.4958780">
    <ele>175.7</ele>
    <time>2026-08-12T17:26:51Z</time>
   </trkpt>
   <trkpt lat="44.7958170" lon="20.4959100">
    <ele>176.0</ele>
    <time>2026-08-12T17:26:52Z</time>
   </trkpt>
   <trkpt lat="44.7958340" lon="20.4959370">
    <ele>176.1</ele>
    <time>2026-08-12T17:26:53Z</time>
   </trkpt>
   <trkpt lat="44.7958480" lon="20.4959610">
    <ele>176.1</ele>
    <time>2026-08-12T17:26:54Z</time>
   </trkpt>
   <trkpt lat="44.7958640" lon="20.4959770">
    <ele>176.2</ele>
    <time>2026-08-12T17:26:55Z</time>
   </trkpt>
   <trkpt lat="44.7958740" lon="20.4959950">
    <ele>176.3</ele>
    <time>2026-08-12T17:26:56Z</time>
   </trkpt>
   <trkpt lat="44.7958830" lon="20.4960240">
    <ele>176.4</ele>
    <time>2026-08-12T17:26:57Z</time>
   </trkpt>
   <trkpt lat="44.7958920" lon="20.4960530">
    <ele>176.4</ele>
    <time>2026-08-12T17:26:58Z</time>
   </trkpt>
   <trkpt lat="44.7959100" lon="20.4960690">
    <ele>176.5</ele>
    <time>2026-08-12T17:26:59Z</time>
   </trkpt>
   <trkpt lat="44.7959260" lon="20.4960870">
    <ele>176.6</ele>
    <time>2026-08-12T17:27:00Z</time>
   </trkpt>
   <trkpt lat="44.7959370" lon="20.4961020">
    <ele>176.7</ele>
    <time>2026-08-12T17:27:01Z</time>
   </trkpt>
   <trkpt lat="44.7959520" lon="20.4961040">
    <ele>176.7</ele>
    <time>2026-08-12T17:27:02Z</time>
   </trkpt>
   <trkpt lat="44.7959650" lon="20.4961110">
    <ele>176.8</ele>
    <time>2026-08-12T17:27:03Z</time>
   </trkpt>
   <trkpt lat="44.7959770" lon="20.4961220">
    <ele>176.8</ele>
    <time>2026-08-12T17:27:04Z</time>
   </trkpt>
   <trkpt lat="44.7959870" lon="20.4961230">
    <ele>176.9</ele>
    <time>2026-08-12T17:27:05Z</time>
   </trkpt>
   <trkpt lat="44.7959950" lon="20.4961270">
    <ele>176.9</ele>
    <time>2026-08-12T17:27:06Z</time>
   </trkpt>
   <trkpt lat="44.7960050" lon="20.4961310">
    <ele>176.9</ele>
    <time>2026-08-12T17:27:07Z</time>
   </trkpt>
   <trkpt lat="44.7960210" lon="20.4961460">
    <ele>177.0</ele>
    <time>2026-08-12T17:27:08Z</time>
   </trkpt>
   <trkpt lat="44.7960400" lon="20.4961590">
    <ele>177.1</ele>
    <time>2026-08-12T17:27:09Z</time>
   </trkpt>
   <trkpt lat="44.7960580" lon="20.4961640">
    <ele>177.1</ele>
    <time>2026-08-12T17:27:10Z</time>
   </trkpt>
   <trkpt lat="44.7960690" lon="20.4961710">
    <ele>177.2</ele>
    <time>2026-08-12T17:27:11Z</time>
   </trkpt>
   <trkpt lat="44.7960860" lon="20.4961750">
    <ele>177.2</ele>
    <time>2026-08-12T17:27:12Z</time>
   </trkpt>
   <trkpt lat="44.7961000" lon="20.4961810">
    <ele>177.3</ele>
    <time>2026-08-12T17:27:13Z</time>
   </trkpt>
   <trkpt lat="44.7961160" lon="20.4961830">
    <ele>177.3</ele>
    <time>2026-08-12T17:27:14Z</time>
   </trkpt>
   <trkpt lat="44.7961600" lon="20.4962210">
    <ele>177.5</ele>
    <time>2026-08-12T17:27:15Z</time>
   </trkpt>
   <trkpt lat="44.7961880" lon="20.4962360">
    <ele>177.6</ele>
    <time>2026-08-12T17:27:16Z</time>
   </trkpt>
   <trkpt lat="44.7962160" lon="20.4962490">
    <ele>177.7</ele>
    <time>2026-08-12T17:27:17Z</time>
   </trkpt>
   <trkpt lat="44.7962340" lon="20.4962610">
    <ele>177.8</ele>
    <time>2026-08-12T17:27:18Z</time>
   </trkpt>
   <trkpt lat="44.7962490" lon="20.4962710">
    <ele>177.8</ele>
    <time>2026-08-12T17:27:19Z</time>
   </trkpt>
   <trkpt lat="44.7962680" lon="20.4962780">
    <ele>177.9</ele>
    <time>2026-08-12T17:27:20Z</time>
   </trkpt>
   <trkpt lat="44.7960190" lon="20.4962590">
    <ele>178.6</ele>
    <time>2026-08-12T17:27:21Z</time>
   </trkpt>
   <trkpt lat="44.7960180" lon="20.4962580">
    <ele>178.6</ele>
    <time>2026-08-12T17:27:22Z</time>
   </trkpt>
   <trkpt lat="44.7960180" lon="20.4962590">
    <ele>178.6</ele>
    <time>2026-08-12T17:27:23Z</time>
   </trkpt>
   <trkpt lat="44.7960440" lon="20.4961460">
    <ele>178.9</ele>
    <time>2026-08-12T17:27:28Z</time>
   </trkpt>
  </trkseg>
 </trk>
</gpx>
