<?xml version="1.0" encoding="UTF-8"?>
<gpx version="1.1" creator="vlandivir-gps-tracker" xmlns="http://www.topografix.com/GPX/1/1" xmlns:xsi="http://www.w3.org/2001/XMLSchema-instance" xsi:schemaLocation="http://www.topografix.com/GPX/1/1 http://www.topografix.com/GPX/1/1/gpx.xsd">
  <metadata>
    <name>Track 2026-08-12 21:20</name>
    <time>2026-08-12T19:20:42Z</time>
  </metadata>
  <trk>
    <name>Track 2026-08-12 21:20</name>
    <trkseg>
      <trkpt lat="44.7960440" lon="20.4961459">
        <ele>183.0096629</ele>
        <time>2026-08-12T19:20:39Z</time>
      </trkpt>
      <trkpt lat="44.7960440" lon="20.4961459">
        <ele>183.0096629</ele>
        <time>2026-08-12T19:20:45Z</time>
      </trkpt>
      <trkpt lat="44.7960440" lon="20.4961459">
        <ele>183.0096629</ele>
        <time>2026-08-12T19:20:45Z</time>
      </trkpt>
      <trkpt lat="44.7960440" lon="20.4961459">
        <ele>183.0096629</ele>
        <time>2026-08-12T19:20:51Z</time>
      </trkpt>
      <trkpt lat="44.7960440" lon="20.4961459">
        <ele>183.0096629</ele>
        <time>2026-08-12T19:20:51Z</time>
      </trkpt>
      <trkpt lat="44.7963896" lon="20.4962157">
        <ele>178.3988138</ele>
        <time>2026-08-12T19:20:57Z</time>
      </trkpt>
      <trkpt lat="44.7963879" lon="20.4962152">
        <ele>178.3988138</ele>
        <time>2026-08-12T19:20:58Z</time>
      </trkpt>
      <trkpt lat="44.7961124" lon="20.4961529">
        <ele>181.2855829</ele>
        <time>2026-08-12T19:21:00Z</time>
      </trkpt>
      <trkpt lat="44.7961287" lon="20.4961639">
        <ele>178.4666576</ele>
        <time>2026-08-12T19:21:01Z</time>
      </trkpt>
      <trkpt lat="44.7961334" lon="20.4961765">
        <ele>178.2266733</ele>
        <time>2026-08-12T19:21:02Z</time>
      </trkpt>
      <trkpt lat="44.7961348" lon="20.4961925">
        <ele>178.2436814</ele>
        <time>2026-08-12T19:21:03Z</time>
      </trkpt>
      <trkpt lat="44.7961291" lon="20.4962204">
        <ele>178.2969355</ele>
        <time>2026-08-12T19:21:04Z</time>
      </trkpt>
      <trkpt lat="44.7961262" lon="20.4962356">
        <ele>178.3929531</ele>
        <time>2026-08-12T19:21:05Z</time>
      </trkpt>
      <trkpt lat="44.7961319" lon="20.4962448">
        <ele>178.4514852</ele>
        <time>2026-08-12T19:21:06Z</time>
      </trkpt>
      <trkpt lat="44.7961297" lon="20.4962472">
        <ele>178.4871525</ele>
        <time>2026-08-12T19:21:07Z</time>
      </trkpt>
      <trkpt lat="44.7961318" lon="20.4962507">
        <ele>178.4985608</ele>
        <time>2026-08-12T19:21:08Z</time>
      </trkpt>
      <trkpt lat="44.7961309" lon="20.4962612">
        <ele>178.5111274</ele>
        <time>2026-08-12T19:21:09Z</time>
      </trkpt>
      <trkpt lat="44.7961400" lon="20.4962638">
        <ele>178.5463455</ele>
        <time>2026-08-12T19:21:10Z</time>
      </trkpt>
      <trkpt lat="44.7961597" lon="20.4962685">
        <ele>178.5581895</ele>
        <time>2026-08-12T19:21:11Z</time>
      </trkpt>
      <trkpt lat="44.7961597" lon="20.4962685">
        <ele>178.5581895</ele>
        <time>2026-08-12T19:21:12Z</time>
      </trkpt>
      <trkpt lat="44.7961728" lon="20.4962794">
        <ele>178.5748509</ele>
        <time>2026-08-12T19:21:13Z</time>
      </trkpt>
      <trkpt lat="44.7961810" lon="20.4963063">
        <ele>178.6118793</ele>
        <time>2026-08-12T19:21:14Z</time>
      </trkpt>
      <trkpt lat="44.7963078" lon="20.4964930">
        <ele>178.8549191</ele>
        <time>2026-08-12T19:21:15Z</time>
      </trkpt>
      <trkpt lat="44.7963575" lon="20.4964380">
        <ele>178.9239333</ele>
        <time>2026-08-12T19:21:15Z</time>
      </trkpt>
      <trkpt lat="44.7963561" lon="20.4964690">
        <ele>178.9025890</ele>
        <time>2026-08-12T19:21:16Z</time>
      </trkpt>
      <trkpt lat="44.7963617" lon="20.4964935">
        <ele>178.8027977</ele>
        <time>2026-08-12T19:21:17Z</time>
      </trkpt>
      <trkpt lat="44.7963534" lon="20.4965294">
        <ele>178.8192372</ele>
        <time>2026-08-12T19:21:18Z</time>
      </trkpt>
      <trkpt lat="44.7963591" lon="20.4965411">
        <ele>178.9548267</ele>
        <time>2026-08-12T19:21:19Z</time>
      </trkpt>
      <trkpt lat="44.7963670" lon="20.4965490">
        <ele>178.9633927</ele>
        <time>2026-08-12T19:21:20Z</time>
      </trkpt>
      <trkpt lat="44.7963699" lon="20.4965619">
        <ele>178.8783706</ele>
        <time>2026-08-12T19:21:21Z</time>
      </trkpt>
      <trkpt lat="44.7963815" lon="20.4965659">
        <ele>178.7627104</ele>
        <time>2026-08-12T19:21:22Z</time>
      </trkpt>
      <trkpt lat="44.7963941" lon="20.4965642">
        <ele>178.8359686</ele>
        <time>2026-08-12T19:21:23Z</time>
      </trkpt>
      <trkpt lat="44.7964087" lon="20.4965571">
        <ele>178.8674110</ele>
        <time>2026-08-12T19:21:24Z</time>
      </trkpt>
      <trkpt lat="44.7964233" lon="20.4965486">
        <ele>178.8470818</ele>
        <time>2026-08-12T19:21:25Z</time>
      </trkpt>
      <trkpt lat="44.7964368" lon="20.4965417">
        <ele>178.8889689</ele>
        <time>2026-08-12T19:21:26Z</time>
      </trkpt>
      <trkpt lat="44.7964472" lon="20.4965261">
        <ele>178.8689703</ele>
        <time>2026-08-12T19:21:27Z</time>
      </trkpt>
      <trkpt lat="44.7964823" lon="20.4964982">
        <ele>178.7884656</ele>
        <time>2026-08-12T19:21:28Z</time>
      </trkpt>
      <trkpt lat="44.7964912" lon="20.4964849">
        <ele>178.7377299</ele>
        <time>2026-08-12T19:21:29Z</time>
      </trkpt>
      <trkpt lat="44.7964993" lon="20.4964849">
        <ele>178.7377300</ele>
        <time>2026-08-12T19:21:30Z</time>
      </trkpt>
      <trkpt lat="44.7964756" lon="20.4964417">
        <ele>178.6547939</ele>
        <time>2026-08-12T19:21:31Z</time>
      </trkpt>
      <trkpt lat="44.7964847" lon="20.4964336">
        <ele>178.5915631</ele>
        <time>2026-08-12T19:21:32Z</time>
      </trkpt>
      <trkpt lat="44.7964935" lon="20.4964259">
        <ele>178.6861356</ele>
        <time>2026-08-12T19:21:33Z</time>
      </trkpt>
      <trkpt lat="44.7964988" lon="20.4964128">
        <ele>178.7974280</ele>
        <time>2026-08-12T19:21:34Z</time>
      </trkpt>
      <trkpt lat="44.7965021" lon="20.4964034">
        <ele>178.7699747</ele>
        <time>2026-08-12T19:21:35Z</time>
      </trkpt>
      <trkpt lat="44.7965032" lon="20.4963919">
        <ele>178.7263163</ele>
        <time>2026-08-12T19:21:36Z</time>
      </trkpt>
      <trkpt lat="44.7965115" lon="20.4963912">
        <ele>178.6361775</ele>
        <time>2026-08-12T19:21:37Z</time>
      </trkpt>
      <trkpt lat="44.7965182" lon="20.4963866">
        <ele>178.6481037</ele>
        <time>2026-08-12T19:21:38Z</time>
      </trkpt>
      <trkpt lat="44.7965305" lon="20.4963746">
        <ele>178.6189147</ele>
        <time>2026-08-12T19:21:39Z</time>
      </trkpt>
      <trkpt lat="44.7965371" lon="20.4963612">
        <ele>178.6681338</ele>
        <time>2026-08-12T19:21:40Z</time>
      </trkpt>
      <trkpt lat="44.7965502" lon="20.4963452">
        <ele>178.6630945</ele>
        <time>2026-08-12T19:21:41Z</time>
      </trkpt>
      <trkpt lat="44.7965630" lon="20.4963357">
        <ele>178.7485831</ele>
        <time>2026-08-12T19:21:42Z</time>
      </trkpt>
      <trkpt lat="44.7965742" lon="20.4963254">
        <ele>178.7450026</ele>
        <time>2026-08-12T19:21:43Z</time>
      </trkpt>
      <trkpt lat="44.7965864" lon="20.4963116">
        <ele>178.8053507</ele>
        <time>2026-08-12T19:21:44Z</time>
      </trkpt>
      <trkpt lat="44.7965974" lon="20.4962986">
        <ele>178.7153829</ele>
        <time>2026-08-12T19:21:45Z</time>
      </trkpt>
      <trkpt lat="44.7966070" lon="20.4962890">
        <ele>178.5007665</ele>
        <time>2026-08-12T19:21:46Z</time>
      </trkpt>
      <trkpt lat="44.7966260" lon="20.4962795">
        <ele>178.3801751</ele>
        <time>2026-08-12T19:21:47Z</time>
      </trkpt>
      <trkpt lat="44.7966434" lon="20.4962690">
        <ele>178.2378771</ele>
        <time>2026-08-12T19:21:48Z</time>
      </trkpt>
      <trkpt lat="44.7966598" lon="20.4962591">
        <ele>178.1477709</ele>
        <time>2026-08-12T19:21:49Z</time>
      </trkpt>
      <trkpt lat="44.7966731" lon="20.4962542">
        <ele>178.6858651</ele>
        <time>2026-08-12T19:21:50Z</time>
      </trkpt>
      <trkpt lat="44.7966821" lon="20.4962542">
        <ele>178.7139898</ele>
        <time>2026-08-12T19:21:51Z</time>
      </trkpt>
      <trkpt lat="44.7967050" lon="20.4962451">
        <ele>178.7505842</ele>
        <time>2026-08-12T19:21:52Z</time>
      </trkpt>
      <trkpt lat="44.7967248" lon="20.4962384">
        <ele>178.1077618</ele>
        <time>2026-08-12T19:21:53Z</time>
      </trkpt>
      <trkpt lat="44.7967397" lon="20.4962299">
        <ele>178.2915885</ele>
        <time>2026-08-12T19:21:55Z</time>
      </trkpt>
      <trkpt lat="44.7967495" lon="20.4962151">
        <ele>178.2697297</ele>
        <time>2026-08-12T19:21:56Z</time>
      </trkpt>
      <trkpt lat="44.7967608" lon="20.4961885">
        <ele>178.0309310</ele>
        <time>2026-08-12T19:21:57Z</time>
      </trkpt>
      <trkpt lat="44.7967723" lon="20.4961678">
        <ele>177.6940121</ele>
        <time>2026-08-12T19:21:58Z</time>
      </trkpt>
      <trkpt lat="44.7967805" lon="20.4961441">
        <ele>178.1056142</ele>
        <time>2026-08-12T19:21:59Z</time>
      </trkpt>
      <trkpt lat="44.7967822" lon="20.4961348">
        <ele>177.8001185</ele>
        <time>2026-08-12T19:22:00Z</time>
      </trkpt>
      <trkpt lat="44.7967898" lon="20.4961275">
        <ele>178.1994031</ele>
        <time>2026-08-12T19:22:01Z</time>
      </trkpt>
      <trkpt lat="44.7967935" lon="20.4961106">
        <ele>178.4020839</ele>
        <time>2026-08-12T19:22:02Z</time>
      </trkpt>
      <trkpt lat="44.7967988" lon="20.4960923">
        <ele>178.0672931</ele>
        <time>2026-08-12T19:22:03Z</time>
      </trkpt>
      <trkpt lat="44.7968005" lon="20.4960676">
        <ele>177.9483379</ele>
        <time>2026-08-12T19:22:04Z</time>
      </trkpt>
      <trkpt lat="44.7968037" lon="20.4960492">
        <ele>177.7332122</ele>
        <time>2026-08-12T19:22:05Z</time>
      </trkpt>
      <trkpt lat="44.7968095" lon="20.4960383">
        <ele>177.5729481</ele>
        <time>2026-08-12T19:22:06Z</time>
      </trkpt>
      <trkpt lat="44.7968144" lon="20.4960234">
        <ele>177.3776206</ele>
        <time>2026-08-12T19:22:07Z</time>
      </trkpt>
      <trkpt lat="44.7968244" lon="20.4960083">
        <ele>177.2147742</ele>
        <time>2026-08-12T19:22:08Z</time>
      </trkpt>
      <trkpt lat="44.7968326" lon="20.4959864">
        <ele>177.4927931</ele>
        <time>2026-08-12T19:22:09Z</time>
      </trkpt>
      <trkpt lat="44.7968407" lon="20.4959724">
        <ele>177.6242815</ele>
        <time>2026-08-12T19:22:10Z</time>
      </trkpt>
      <trkpt lat="44.7968576" lon="20.4959558">
        <ele>177.7369446</ele>
        <time>2026-08-12T19:22:11Z</time>
      </trkpt>
      <trkpt lat="44.7968657" lon="20.4959475">
        <ele>177.5996189</ele>
        <time>2026-08-12T19:22:12Z</time>
      </trkpt>
      <trkpt lat="44.7968626" lon="20.4959223">
        <ele>177.5443189</ele>
        <time>2026-08-12T19:22:13Z</time>
      </trkpt>
      <trkpt lat="44.7968721" lon="20.4959018">
        <ele>177.5459227</ele>
        <time>2026-08-12T19:22:14Z</time>
      </trkpt>
      <trkpt lat="44.7968821" lon="20.4958847">
        <ele>177.2490652</ele>
        <time>2026-08-12T19:22:15Z</time>
      </trkpt>
      <trkpt lat="44.7968899" lon="20.4958732">
        <ele>177.2619702</ele>
        <time>2026-08-12T19:22:16Z</time>
      </trkpt>
      <trkpt lat="44.7968948" lon="20.4958649">
        <ele>177.4844747</ele>
        <time>2026-08-12T19:22:17Z</time>
      </trkpt>
      <trkpt lat="44.7968970" lon="20.4958523">
        <ele>177.4778844</ele>
        <time>2026-08-12T19:22:18Z</time>
      </trkpt>
      <trkpt lat="44.7969050" lon="20.4958345">
        <ele>177.3904562</ele>
        <time>2026-08-12T19:22:19Z</time>
      </trkpt>
      <trkpt lat="44.7969128" lon="20.4958164">
        <ele>177.3335044</ele>
        <time>2026-08-12T19:22:20Z</time>
      </trkpt>
      <trkpt lat="44.7969222" lon="20.4958040">
        <ele>177.3657918</ele>
        <time>2026-08-12T19:22:21Z</time>
      </trkpt>
      <trkpt lat="44.7969342" lon="20.4957909">
        <ele>177.3180015</ele>
        <time>2026-08-12T19:22:22Z</time>
      </trkpt>
      <trkpt lat="44.7969450" lon="20.4957790">
        <ele>177.3814692</ele>
        <time>2026-08-12T19:22:23Z</time>
      </trkpt>
      <trkpt lat="44.7969458" lon="20.4957570">
        <ele>177.4980891</ele>
        <time>2026-08-12T19:22:24Z</time>
      </trkpt>
      <trkpt lat="44.7969396" lon="20.4957391">
        <ele>177.0277343</ele>
        <time>2026-08-12T19:22:25Z</time>
      </trkpt>
      <trkpt lat="44.7969387" lon="20.4957238">
        <ele>176.8986352</ele>
        <time>2026-08-12T19:22:26Z</time>
      </trkpt>
      <trkpt lat="44.7969433" lon="20.4957179">
        <ele>176.7235695</ele>
        <time>2026-08-12T19:22:27Z</time>
      </trkpt>
      <trkpt lat="44.7969450" lon="20.4957040">
        <ele>176.4715675</ele>
        <time>2026-08-12T19:22:28Z</time>
      </trkpt>
      <trkpt lat="44.7969514" lon="20.4956879">
        <ele>176.3162088</ele>
        <time>2026-08-12T19:22:29Z</time>
      </trkpt>
      <trkpt lat="44.7969555" lon="20.4956724">
        <ele>176.2841078</ele>
        <time>2026-08-12T19:22:30Z</time>
      </trkpt>
      <trkpt lat="44.7969613" lon="20.4956610">
        <ele>176.4032367</ele>
        <time>2026-08-12T19:22:31Z</time>
      </trkpt>
      <trkpt lat="44.7969672" lon="20.4956478">
        <ele>176.4787907</ele>
        <time>2026-08-12T19:22:32Z</time>
      </trkpt>
      <trkpt lat="44.7969760" lon="20.4956332">
        <ele>176.5314270</ele>
        <time>2026-08-12T19:22:33Z</time>
      </trkpt>
      <trkpt lat="44.7969858" lon="20.4956158">
        <ele>176.6091709</ele>
        <time>2026-08-12T19:22:34Z</time>
      </trkpt>
      <trkpt lat="44.7969947" lon="20.4956016">
        <ele>176.6074528</ele>
        <time>2026-08-12T19:22:35Z</time>
      </trkpt>
      <trkpt lat="44.7970038" lon="20.4955905">
        <ele>176.6422792</ele>
        <time>2026-08-12T19:22:36Z</time>
      </trkpt>
      <trkpt lat="44.7970056" lon="20.4955824">
        <ele>176.4323891</ele>
        <time>2026-08-12T19:22:37Z</time>
      </trkpt>
      <trkpt lat="44.7970128" lon="20.4955710">
        <ele>176.1482216</ele>
        <time>2026-08-12T19:22:38Z</time>
      </trkpt>
      <trkpt lat="44.7970145" lon="20.4955656">
        <ele>176.2411684</ele>
        <time>2026-08-12T19:22:39Z</time>
      </trkpt>
      <trkpt lat="44.7970184" lon="20.4955562">
        <ele>176.0579664</ele>
        <time>2026-08-12T19:22:40Z</time>
      </trkpt>
      <trkpt lat="44.7970230" lon="20.4955480">
        <ele>176.0131411</ele>
        <time>2026-08-12T19:22:41Z</time>
      </trkpt>
      <trkpt lat="44.7970304" lon="20.4955367">
        <ele>176.1609051</ele>
        <time>2026-08-12T19:22:42Z</time>
      </trkpt>
      <trkpt lat="44.7970433" lon="20.4955272">
        <ele>176.2830069</ele>
        <time>2026-08-12T19:22:43Z</time>
      </trkpt>
      <trkpt lat="44.7970553" lon="20.4955092">
        <ele>176.0274023</ele>
        <time>2026-08-12T19:22:44Z</time>
      </trkpt>
      <trkpt lat="44.7970626" lon="20.4954931">
        <ele>175.8761587</ele>
        <time>2026-08-12T19:22:45Z</time>
      </trkpt>
      <trkpt lat="44.7970703" lon="20.4954798">
        <ele>175.5813016</ele>
        <time>2026-08-12T19:22:46Z</time>
      </trkpt>
      <trkpt lat="44.7970737" lon="20.4954664">
        <ele>175.4453398</ele>
        <time>2026-08-12T19:22:47Z</time>
      </trkpt>
      <trkpt lat="44.7970765" lon="20.4954475">
        <ele>175.5040822</ele>
        <time>2026-08-12T19:22:48Z</time>
      </trkpt>
      <trkpt lat="44.7970740" lon="20.4954317">
        <ele>175.3481320</ele>
        <time>2026-08-12T19:22:49Z</time>
      </trkpt>
      <trkpt lat="44.7970748" lon="20.4954176">
        <ele>175.0033175</ele>
        <time>2026-08-12T19:22:50Z</time>
      </trkpt>
      <trkpt lat="44.7970835" lon="20.4954067">
        <ele>174.8038538</ele>
        <time>2026-08-12T19:22:51Z</time>
      </trkpt>
      <trkpt lat="44.7970900" lon="20.4953946">
        <ele>175.2322524</ele>
        <time>2026-08-12T19:22:52Z</time>
      </trkpt>
      <trkpt lat="44.7970997" lon="20.4953675">
        <ele>175.0931058</ele>
        <time>2026-08-12T19:22:53Z</time>
      </trkpt>
      <trkpt lat="44.7971050" lon="20.4953527">
        <ele>174.8720455</ele>
        <time>2026-08-12T19:22:54Z</time>
      </trkpt>
      <trkpt lat="44.7971120" lon="20.4953379">
        <ele>175.2259752</ele>
        <time>2026-08-12T19:22:55Z</time>
      </trkpt>
      <trkpt lat="44.7971181" lon="20.4953202">
        <ele>175.1098817</ele>
        <time>2026-08-12T19:22:56Z</time>
      </trkpt>
      <trkpt lat="44.7971234" lon="20.4953010">
        <ele>175.1980174</ele>
        <time>2026-08-12T19:22:57Z</time>
      </trkpt>
      <trkpt lat="44.7971279" lon="20.4952871">
        <ele>174.7868846</ele>
        <time>2026-08-12T19:22:58Z</time>
      </trkpt>
      <trkpt lat="44.7971320" lon="20.4952686">
        <ele>174.8261815</ele>
        <time>2026-08-12T19:22:59Z</time>
      </trkpt>
      <trkpt lat="44.7971341" lon="20.4952507">
        <ele>174.4162345</ele>
        <time>2026-08-12T19:23:00Z</time>
      </trkpt>
      <trkpt lat="44.7971418" lon="20.4952401">
        <ele>174.0773437</ele>
        <time>2026-08-12T19:23:01Z</time>
      </trkpt>
      <trkpt lat="44.7971494" lon="20.4952278">
        <ele>174.3114798</ele>
        <time>2026-08-12T19:23:02Z</time>
      </trkpt>
      <trkpt lat="44.7971520" lon="20.4952160">
        <ele>174.1644453</ele>
        <time>2026-08-12T19:23:03Z</time>
      </trkpt>
      <trkpt lat="44.7971547" lon="20.4952023">
        <ele>174.6017385</ele>
        <time>2026-08-12T19:23:04Z</time>
      </trkpt>
      <trkpt lat="44.7971595" lon="20.4951902">
        <ele>174.4894206</ele>
        <time>2026-08-12T19:23:05Z</time>
      </trkpt>
      <trkpt lat="44.7971641" lon="20.4951748">
        <ele>174.6006264</ele>
        <time>2026-08-12T19:23:06Z</time>
      </trkpt>
      <trkpt lat="44.7971676" lon="20.4951519">
        <ele>174.4013342</ele>
        <time>2026-08-12T19:23:07Z</time>
      </trkpt>
      <trkpt lat="44.7971689" lon="20.4951354">
        <ele>174.2061955</ele>
        <time>2026-08-12T19:23:08Z</time>
      </trkpt>
      <trkpt lat="44.7971722" lon="20.4951268">
        <ele>174.2658933</ele>
        <time>2026-08-12T19:23:09Z</time>
      </trkpt>
      <trkpt lat="44.7971741" lon="20.4951231">
        <ele>174.1695830</ele>
        <time>2026-08-12T19:23:10Z</time>
      </trkpt>
      <trkpt lat="44.7971740" lon="20.4951194">
        <ele>174.0744860</ele>
        <time>2026-08-12T19:23:11Z</time>
      </trkpt>
      <trkpt lat="44.7971803" lon="20.4951123">
        <ele>174.1814780</ele>
        <time>2026-08-12T19:23:12Z</time>
      </trkpt>
      <trkpt lat="44.7971940" lon="20.4951135">
        <ele>174.5378872</ele>
        <time>2026-08-12T19:23:13Z</time>
      </trkpt>
      <trkpt lat="44.7972156" lon="20.4951097">
        <ele>174.1044990</ele>
        <time>2026-08-12T19:23:14Z</time>
      </trkpt>
      <trkpt lat="44.7972248" lon="20.4951062">
        <ele>173.7956183</ele>
        <time>2026-08-12T19:23:15Z</time>
      </trkpt>
      <trkpt lat="44.7972377" lon="20.4951084">
        <ele>173.5219273</ele>
        <time>2026-08-12T19:23:16Z</time>
      </trkpt>
      <trkpt lat="44.7972464" lon="20.4951076">
        <ele>173.4985820</ele>
        <time>2026-08-12T19:23:17Z</time>
      </trkpt>
      <trkpt lat="44.7972573" lon="20.4950961">
        <ele>173.4722525</ele>
        <time>2026-08-12T19:23:18Z</time>
      </trkpt>
      <trkpt lat="44.7972660" lon="20.4950833">
        <ele>173.5755981</ele>
        <time>2026-08-12T19:23:19Z</time>
      </trkpt>
      <trkpt lat="44.7972691" lon="20.4950679">
        <ele>173.5625518</ele>
        <time>2026-08-12T19:23:20Z</time>
      </trkpt>
      <trkpt lat="44.7972768" lon="20.4950512">
        <ele>173.8414650</ele>
        <time>2026-08-12T19:23:21Z</time>
      </trkpt>
      <trkpt lat="44.7972820" lon="20.4950374">
        <ele>173.8536471</ele>
        <time>2026-08-12T19:23:22Z</time>
      </trkpt>
      <trkpt lat="44.7972873" lon="20.4950219">
        <ele>173.8563822</ele>
        <time>2026-08-12T19:23:23Z</time>
      </trkpt>
      <trkpt lat="44.7972942" lon="20.4950083">
        <ele>174.0143213</ele>
        <time>2026-08-12T19:23:24Z</time>
      </trkpt>
      <trkpt lat="44.7972978" lon="20.4949920">
        <ele>173.9569856</ele>
        <time>2026-08-12T19:23:25Z</time>
      </trkpt>
      <trkpt lat="44.7973019" lon="20.4949815">
        <ele>173.8928307</ele>
        <time>2026-08-12T19:23:26Z</time>
      </trkpt>
      <trkpt lat="44.7973086" lon="20.4949697">
        <ele>173.9288584</ele>
        <time>2026-08-12T19:23:27Z</time>
      </trkpt>
      <trkpt lat="44.7973153" lon="20.4949567">
        <ele>173.8604417</ele>
        <time>2026-08-12T19:23:28Z</time>
      </trkpt>
      <trkpt lat="44.7973208" lon="20.4949459">
        <ele>173.7513359</ele>
        <time>2026-08-12T19:23:29Z</time>
      </trkpt>
      <trkpt lat="44.7973265" lon="20.4949339">
        <ele>173.9524579</ele>
        <time>2026-08-12T19:23:30Z</time>
      </trkpt>
      <trkpt lat="44.7973312" lon="20.4949226">
        <ele>173.8282815</ele>
        <time>2026-08-12T19:23:31Z</time>
      </trkpt>
      <trkpt lat="44.7973367" lon="20.4949076">
        <ele>174.0028013</ele>
        <time>2026-08-12T19:23:32Z</time>
      </trkpt>
      <trkpt lat="44.7973425" lon="20.4948945">
        <ele>173.9107713</ele>
        <time>2026-08-12T19:23:33Z</time>
      </trkpt>
      <trkpt lat="44.7973482" lon="20.4948843">
        <ele>173.6204454</ele>
        <time>2026-08-12T19:23:34Z</time>
      </trkpt>
      <trkpt lat="44.7973534" lon="20.4948762">
        <ele>173.6782656</ele>
        <time>2026-08-12T19:23:35Z</time>
      </trkpt>
      <trkpt lat="44.7973574" lon="20.4948661">
        <ele>173.5664006</ele>
        <time>2026-08-12T19:23:36Z</time>
      </trkpt>
      <trkpt lat="44.7973636" lon="20.4948535">
        <ele>173.5558180</ele>
        <time>2026-08-12T19:23:37Z</time>
      </trkpt>
      <trkpt lat="44.7973680" lon="20.4948419">
        <ele>173.6976288</ele>
        <time>2026-08-12T19:23:38Z</time>
      </trkpt>
      <trkpt lat="44.7973715" lon="20.4948316">
        <ele>173.8299532</ele>
        <time>2026-08-12T19:23:39Z</time>
      </trkpt>
      <trkpt lat="44.7973750" lon="20.4948223">
        <ele>173.8859851</ele>
        <time>2026-08-12T19:23:40Z</time>
      </trkpt>
      <trkpt lat="44.7973803" lon="20.4948114">
        <ele>173.9640206</ele>
        <time>2026-08-12T19:23:41Z</time>
      </trkpt>
      <trkpt lat="44.7973840" lon="20.4948010">
        <ele>173.9775262</ele>
        <time>2026-08-12T19:23:42Z</time>
      </trkpt>
      <trkpt lat="44.7973887" lon="20.4947902">
        <ele>174.1078089</ele>
        <time>2026-08-12T19:23:43Z</time>
      </trkpt>
      <trkpt lat="44.7973885" lon="20.4947876">
        <ele>174.1714392</ele>
        <time>2026-08-12T19:23:44Z</time>
      </trkpt>
      <trkpt lat="44.7973864" lon="20.4947895">
        <ele>174.2066516</ele>
        <time>2026-08-12T19:23:45Z</time>
      </trkpt>
      <trkpt lat="44.7973866" lon="20.4947861">
        <ele>174.1575552</ele>
        <time>2026-08-12T19:23:46Z</time>
      </trkpt>
      <trkpt lat="44.7973920" lon="20.4947751">
        <ele>174.1661448</ele>
        <time>2026-08-12T19:23:47Z</time>
      </trkpt>
      <trkpt lat="44.7973964" lon="20.4947655">
        <ele>174.1673715</ele>
        <time>2026-08-12T19:23:48Z</time>
      </trkpt>
      <trkpt lat="44.7974005" lon="20.4947581">
        <ele>174.2184644</ele>
        <time>2026-08-12T19:23:49Z</time>
      </trkpt>
      <trkpt lat="44.7974052" lon="20.4947531">
        <ele>174.2955456</ele>
        <time>2026-08-12T19:23:50Z</time>
      </trkpt>
      <trkpt lat="44.7974080" lon="20.4947473">
        <ele>174.2101149</ele>
        <time>2026-08-12T19:23:51Z</time>
      </trkpt>
      <trkpt lat="44.7974107" lon="20.4947401">
        <ele>174.2198733</ele>
        <time>2026-08-12T19:23:52Z</time>
      </trkpt>
      <trkpt lat="44.7974115" lon="20.4947332">
        <ele>174.1816556</ele>
        <time>2026-08-12T19:23:53Z</time>
      </trkpt>
      <trkpt lat="44.7974131" lon="20.4947271">
        <ele>174.2769112</ele>
        <time>2026-08-12T19:23:54Z</time>
      </trkpt>
      <trkpt lat="44.7974142" lon="20.4947225">
        <ele>174.3471919</ele>
        <time>2026-08-12T19:23:55Z</time>
      </trkpt>
      <trkpt lat="44.7974163" lon="20.4947189">
        <ele>174.5819098</ele>
        <time>2026-08-12T19:23:56Z</time>
      </trkpt>
      <trkpt lat="44.7974186" lon="20.4947140">
        <ele>174.7235912</ele>
        <time>2026-08-12T19:23:57Z</time>
      </trkpt>
      <trkpt lat="44.7974171" lon="20.4947188">
        <ele>174.6305262</ele>
        <time>2026-08-12T19:23:58Z</time>
      </trkpt>
      <trkpt lat="44.7974154" lon="20.4947167">
        <ele>174.7882133</ele>
        <time>2026-08-12T19:23:59Z</time>
      </trkpt>
      <trkpt lat="44.7974171" lon="20.4947173">
        <ele>174.6825134</ele>
        <time>2026-08-12T19:24:00Z</time>
      </trkpt>
      <trkpt lat="44.7974185" lon="20.4947175">
        <ele>174.3364204</ele>
        <time>2026-08-12T19:24:01Z</time>
      </trkpt>
      <trkpt lat="44.7974185" lon="20.4947164">
        <ele>174.5009166</ele>
        <time>2026-08-12T19:24:02Z</time>
      </trkpt>
      <trkpt lat="44.7974168" lon="20.4947129">
        <ele>174.5923584</ele>
        <time>2026-08-12T19:24:03Z</time>
      </trkpt>
      <trkpt lat="44.7974165" lon="20.4947130">
        <ele>174.7724278</ele>
        <time>2026-08-12T19:24:04Z</time>
      </trkpt>
      <trkpt lat="44.7974178" lon="20.4947138">
        <ele>174.8582210</ele>
        <time>2026-08-12T19:24:05Z</time>
      </trkpt>
      <trkpt lat="44.7974179" lon="20.4947119">
        <ele>174.7580628</ele>
        <time>2026-08-12T19:24:06Z</time>
      </trkpt>
      <trkpt lat="44.7974186" lon="20.4947124">
        <ele>174.8210279</ele>
        <time>2026-08-12T19:24:07Z</time>
      </trkpt>
      <trkpt lat="44.7974185" lon="20.4947127">
        <ele>174.8219750</ele>
        <time>2026-08-12T19:24:08Z</time>
      </trkpt>
      <trkpt lat="44.7974185" lon="20.4947127">
        <ele>174.8219750</ele>
        <time>2026-08-12T19:24:09Z</time>
      </trkpt>
      <trkpt lat="44.7974185" lon="20.4947127">
        <ele>174.8219750</ele>
        <time>2026-08-12T19:24:10Z</time>
      </trkpt>
      <trkpt lat="44.7974185" lon="20.4947127">
        <ele>174.8219750</ele>
        <time>2026-08-12T19:24:11Z</time>
      </trkpt>
      <trkpt lat="44.7974194" lon="20.4947092">
        <ele>174.7679784</ele>
        <time>2026-08-12T19:24:12Z</time>
      </trkpt>
      <trkpt lat="44.7974185" lon="20.4947082">
        <ele>174.7710412</ele>
        <time>2026-08-12T19:24:13Z</time>
      </trkpt>
      <trkpt lat="44.7974172" lon="20.4947078">
        <ele>174.8113146</ele>
        <time>2026-08-12T19:24:14Z</time>
      </trkpt>
      <trkpt lat="44.7974162" lon="20.4947066">
        <ele>174.8150810</ele>
        <time>2026-08-12T19:24:15Z</time>
      </trkpt>
      <trkpt lat="44.7974166" lon="20.4947063">
        <ele>174.8027124</ele>
        <time>2026-08-12T19:24:16Z</time>
      </trkpt>
      <trkpt lat="44.7974166" lon="20.4947063">
        <ele>174.8027124</ele>
        <time>2026-08-12T19:24:17Z</time>
      </trkpt>
      <trkpt lat="44.7974166" lon="20.4947063">
        <ele>174.8027124</ele>
        <time>2026-08-12T19:24:18Z</time>
      </trkpt>
      <trkpt lat="44.7974166" lon="20.4947063">
        <ele>174.8027124</ele>
        <time>2026-08-12T19:24:19Z</time>
      </trkpt>
      <trkpt lat="44.7974166" lon="20.4947063">
        <ele>174.8027124</ele>
        <time>2026-08-12T19:24:20Z</time>
      </trkpt>
      <trkpt lat="44.7974166" lon="20.4947063">
        <ele>174.8027124</ele>
        <time>2026-08-12T19:24:21Z</time>
      </trkpt>
      <trkpt lat="44.7974166" lon="20.4947063">
        <ele>174.8027124</ele>
        <time>2026-08-12T19:24:22Z</time>
      </trkpt>
      <trkpt lat="44.7974166" lon="20.4947063">
        <ele>174.8027124</ele>
        <time>2026-08-12T19:24:23Z</time>
      </trkpt>
      <trkpt lat="44.7974166" lon="20.4947063">
        <ele>174.8027124</ele>
        <time>2026-08-12T19:24:24Z</time>
      </trkpt>
      <trkpt lat="44.7974166" lon="20.4947063">
        <ele>174.8027124</ele>
        <time>2026-08-12T19:24:25Z</time>
      </trkpt>
      <trkpt lat="44.7974166" lon="20.4947063">
        <ele>174.8027124</ele>
        <time>2026-08-12T19:24:26Z</time>
      </trkpt>
      <trkpt lat="44.7974166" lon="20.4947063">
        <ele>174.8027124</ele>
        <time>2026-08-12T19:24:27Z</time>
      </trkpt>
      <trkpt lat="44.7974166" lon="20.4947063">
        <ele>174.8027124</ele>
        <time>2026-08-12T19:24:28Z</time>
      </trkpt>
      <trkpt lat="44.7974166" lon="20.4947063">
        <ele>174.8027124</ele>
        <time>2026-08-12T19:24:29Z</time>
      </trkpt>
      <trkpt lat="44.7974149" lon="20.4947140">
        <ele>174.5434079</ele>
        <time>2026-08-12T19:24:30Z</time>
      </trkpt>
      <trkpt lat="44.7974149" lon="20.4947140">
        <ele>174.5381758</ele>
        <time>2026-08-12T19:24:31Z</time>
      </trkpt>
      <trkpt lat="44.7974149" lon="20.4947140">
        <ele>174.5381758</ele>
        <time>2026-08-12T19:24:32Z</time>
      </trkpt>
      <trkpt lat="44.7974149" lon="20.4947140">
        <ele>174.5381758</ele>
        <time>2026-08-12T19:24:33Z</time>
      </trkpt>
      <trkpt lat="44.7974149" lon="20.4947140">
        <ele>174.5381758</ele>
        <time>2026-08-12T19:24:34Z</time>
      </trkpt>
      <trkpt lat="44.7974167" lon="20.4947168">
        <ele>174.5298804</ele>
        <time>2026-08-12T19:24:35Z</time>
      </trkpt>
      <trkpt lat="44.7974167" lon="20.4947168">
        <ele>174.5298804</ele>
        <time>2026-08-12T19:24:36Z</time>
      </trkpt>
      <trkpt lat="44.7974167" lon="20.4947168">
        <ele>174.5298804</ele>
        <time>2026-08-12T19:24:37Z</time>
      </trkpt>
      <trkpt lat="44.7974167" lon="20.4947168">
        <ele>174.5298804</ele>
        <time>2026-08-12T19:24:38Z</time>
      </trkpt>
      <trkpt lat="44.7974167" lon="20.4947168">
        <ele>174.5298804</ele>
        <time>2026-08-12T19:24:39Z</time>
      </trkpt>
      <trkpt lat="44.7974167" lon="20.4947168">
        <ele>174.5298804</ele>
        <time>2026-08-12T19:24:40Z</time>
      </trkpt>
      <trkpt lat="44.7974167" lon="20.4947168">
        <ele>174.5298804</ele>
        <time>2026-08-12T19:24:41Z</time>
      </trkpt>
      <trkpt lat="44.7974167" lon="20.4947168">
        <ele>174.5298804</ele>
        <time>2026-08-12T19:24:42Z</time>
      </trkpt>
      <trkpt lat="44.7974167" lon="20.4947168">
        <ele>174.5298804</ele>
        <time>2026-08-12T19:24:43Z</time>
      </trkpt>
      <trkpt lat="44.7974167" lon="20.4947168">
        <ele>174.5298804</ele>
        <time>2026-08-12T19:24:44Z</time>
      </trkpt>
      <trkpt lat="44.7974167" lon="20.4947168">
        <ele>174.5298804</ele>
        <time>2026-08-12T19:24:45Z</time>
      </trkpt>
      <trkpt lat="44.7974167" lon="20.4947168">
        <ele>174.5298804</ele>
        <time>2026-08-12T19:24:46Z</time>
      </trkpt>
      <trkpt lat="44.7974167" lon="20.4947168">
        <ele>174.5298804</ele>
        <time>2026-08-12T19:24:47Z</time>
      </trkpt>
      <trkpt lat="44.7974167" lon="20.4947168">
        <ele>174.5298804</ele>
        <time>2026-08-12T19:24:48Z</time>
      </trkpt>
      <trkpt lat="44.7974167" lon="20.4947168">
        <ele>174.5298804</ele>
        <time>2026-08-12T19:24:49Z</time>
      </trkpt>
      <trkpt lat="44.7974167" lon="20.4947168">
        <ele>174.5298804</ele>
        <time>2026-08-12T19:24:50Z</time>
      </trkpt>
      <trkpt lat="44.7974167" lon="20.4947168">
        <ele>174.5298804</ele>
        <time>2026-08-12T19:24:51Z</time>
      </trkpt>
      <trkpt lat="44.7974167" lon="20.4947168">
        <ele>174.5298804</ele>
        <time>2026-08-12T19:24:52Z</time>
      </trkpt>
      <trkpt lat="44.7974167" lon="20.4947168">
        <ele>174.5298804</ele>
        <time>2026-08-12T19:24:53Z</time>
      </trkpt>
      <trkpt lat="44.7974167" lon="20.4947168">
        <ele>174.5298804</ele>
        <time>2026-08-12T19:24:54Z</time>
      </trkpt>
      <trkpt lat="44.7974167" lon="20.4947168">
        <ele>174.5298804</ele>
        <time>2026-08-12T19:24:55Z</time>
      </trkpt>
      <trkpt lat="44.7974167" lon="20.4947168">
        <ele>174.5298804</ele>
        <time>2026-08-12T19:24:56Z</time>
      </trkpt>
      <trkpt lat="44.7974167" lon="20.4947168">
        <ele>174.5298804</ele>
        <time>2026-08-12T19:24:57Z</time>
      </trkpt>
      <trkpt lat="44.7974167" lon="20.4947168">
        <ele>174.5298804</ele>
        <time>2026-08-12T19:24:58Z</time>
      </trkpt>
      <trkpt lat="44.7974167" lon="20.4947168">
        <ele>174.5298804</ele>
        <time>2026-08-12T19:24:59Z</time>
      </trkpt>
      <trkpt lat="44.7974167" lon="20.4947168">
        <ele>174.5298804</ele>
        <time>2026-08-12T19:25:00Z</time>
      </trkpt>
      <trkpt lat="44.7974167" lon="20.4947168">
        <ele>174.5298804</ele>
        <time>2026-08-12T19:25:01Z</time>
      </trkpt>
      <trkpt lat="44.7974167" lon="20.4947168">
        <ele>174.5298804</ele>
        <time>2026-08-12T19:25:02Z</time>
      </trkpt>
      <trkpt lat="44.7974167" lon="20.4947168">
        <ele>174.5298804</ele>
        <time>2026-08-12T19:25:03Z</time>
      </trkpt>
      <trkpt lat="44.7974167" lon="20.4947168">
        <ele>174.5298804</ele>
        <time>2026-08-12T19:25:04Z</time>
      </trkpt>
      <trkpt lat="44.7974167" lon="20.4947168">
        <ele>174.5298804</ele>
        <time>2026-08-12T19:25:05Z</time>
      </trkpt>
      <trkpt lat="44.7974167" lon="20.4947168">
        <ele>174.5298804</ele>
        <time>2026-08-12T19:25:06Z</time>
      </trkpt>
      <trkpt lat="44.7974167" lon="20.4947168">
        <ele>174.5298804</ele>
        <time>2026-08-12T19:25:07Z</time>
      </trkpt>
      <trkpt lat="44.7974167" lon="20.4947168">
        <ele>174.5298804</ele>
        <time>2026-08-12T19:25:08Z</time>
      </trkpt>
      <trkpt lat="44.7974246" lon="20.4947261">
        <ele>175.5647838</ele>
        <time>2026-08-12T19:25:09Z</time>
      </trkpt>
      <trkpt lat="44.7974256" lon="20.4947274">
        <ele>175.5214651</ele>
        <time>2026-08-12T19:25:10Z</time>
      </trkpt>
      <trkpt lat="44.7974251" lon="20.4947267">
        <ele>175.6159505</ele>
        <time>2026-08-12T19:25:11Z</time>
      </trkpt>
      <trkpt lat="44.7974224" lon="20.4947277">
        <ele>175.6696576</ele>
        <time>2026-08-12T19:25:12Z</time>
      </trkpt>
      <trkpt lat="44.7974206" lon="20.4947257">
        <ele>175.5879579</ele>
        <time>2026-08-12T19:25:13Z</time>
      </trkpt>
      <trkpt lat="44.7974104" lon="20.4947057">
        <ele>174.7686779</ele>
        <time>2026-08-12T19:25:14Z</time>
      </trkpt>
      <trkpt lat="44.7974023" lon="20.4946947">
        <ele>174.1160672</ele>
        <time>2026-08-12T19:25:15Z</time>
      </trkpt>
      <trkpt lat="44.7973979" lon="20.4946815">
        <ele>174.3257030</ele>
        <time>2026-08-12T19:25:16Z</time>
      </trkpt>
      <trkpt lat="44.7974117" lon="20.4946970">
        <ele>174.4422532</ele>
        <time>2026-08-12T19:25:17Z</time>
      </trkpt>
      <trkpt lat="44.7974155" lon="20.4946898">
        <ele>174.5797674</ele>
        <time>2026-08-12T19:25:18Z</time>
      </trkpt>
      <trkpt lat="44.7974148" lon="20.4946687">
        <ele>174.8574128</ele>
        <time>2026-08-12T19:25:19Z</time>
      </trkpt>
      <trkpt lat="44.7974131" lon="20.4946685">
        <ele>174.9889446</ele>
        <time>2026-08-12T19:25:20Z</time>
      </trkpt>
      <trkpt lat="44.7974086" lon="20.4946675">
        <ele>174.6990724</ele>
        <time>2026-08-12T19:25:21Z</time>
      </trkpt>
      <trkpt lat="44.7974065" lon="20.4946677">
        <ele>174.5750001</ele>
        <time>2026-08-12T19:25:22Z</time>
      </trkpt>
      <trkpt lat="44.7974029" lon="20.4946599">
        <ele>174.7279612</ele>
        <time>2026-08-12T19:25:23Z</time>
      </trkpt>
      <trkpt lat="44.7974030" lon="20.4946692">
        <ele>174.7267472</ele>
        <time>2026-08-12T19:25:24Z</time>
      </trkpt>
      <trkpt lat="44.7973981" lon="20.4946713">
        <ele>174.7097711</ele>
        <time>2026-08-12T19:25:25Z</time>
      </trkpt>
      <trkpt lat="44.7973945" lon="20.4946643">
        <ele>174.8618939</ele>
        <time>2026-08-12T19:25:26Z</time>
      </trkpt>
      <trkpt lat="44.7973952" lon="20.4946614">
        <ele>174.8719534</ele>
        <time>2026-08-12T19:25:27Z</time>
      </trkpt>
      <trkpt lat="44.7974070" lon="20.4946181">
        <ele>174.7695287</ele>
        <time>2026-08-12T19:25:28Z</time>
      </trkpt>
      <trkpt lat="44.7974264" lon="20.4945716">
        <ele>174.7606119</ele>
        <time>2026-08-12T19:25:29Z</time>
      </trkpt>
      <trkpt lat="44.7974535" lon="20.4945251">
        <ele>174.7411366</ele>
        <time>2026-08-12T19:25:30Z</time>
      </trkpt>
      <trkpt lat="44.7974767" lon="20.4944593">
        <ele>174.5907746</ele>
        <time>2026-08-12T19:25:31Z</time>
      </trkpt>
      <trkpt lat="44.7975070" lon="20.4943884">
        <ele>174.2750675</ele>
        <time>2026-08-12T19:25:32Z</time>
      </trkpt>
      <trkpt lat="44.7975401" lon="20.4943098">
        <ele>174.0483368</ele>
        <time>2026-08-12T19:25:33Z</time>
      </trkpt>
      <trkpt lat="44.7975780" lon="20.4942274">
        <ele>173.9653383</ele>
        <time>2026-08-12T19:25:34Z</time>
      </trkpt>
      <trkpt lat="44.7976340" lon="20.4941533">
        <ele>173.7033116</ele>
        <time>2026-08-12T19:25:35Z</time>
      </trkpt>
      <trkpt lat="44.7976698" lon="20.4940682">
        <ele>173.9387404</ele>
        <time>2026-08-12T19:25:36Z</time>
      </trkpt>
      <trkpt lat="44.7977067" lon="20.4939806">
        <ele>173.0676539</ele>
        <time>2026-08-12T19:25:37Z</time>
      </trkpt>
      <trkpt lat="44.7977456" lon="20.4938882">
        <ele>173.0310876</ele>
        <time>2026-08-12T19:25:38Z</time>
      </trkpt>
      <trkpt lat="44.7977803" lon="20.4938057">
        <ele>172.8120051</ele>
        <time>2026-08-12T19:25:39Z</time>
      </trkpt>
      <trkpt lat="44.7978028" lon="20.4937070">
        <ele>172.5775741</ele>
        <time>2026-08-12T19:25:40Z</time>
      </trkpt>
      <trkpt lat="44.7978485" lon="20.4936437">
        <ele>172.3599575</ele>
        <time>2026-08-12T19:25:41Z</time>
      </trkpt>
      <trkpt lat="44.7978797" lon="20.4935696">
        <ele>171.9702913</ele>
        <time>2026-08-12T19:25:42Z</time>
      </trkpt>
      <trkpt lat="44.7979139" lon="20.4934884">
        <ele>171.6709764</ele>
        <time>2026-08-12T19:25:43Z</time>
      </trkpt>
      <trkpt lat="44.7979447" lon="20.4934152">
        <ele>171.3980194</ele>
        <time>2026-08-12T19:25:44Z</time>
      </trkpt>
      <trkpt lat="44.7979792" lon="20.4933339">
        <ele>171.0362234</ele>
        <time>2026-08-12T19:25:45Z</time>
      </trkpt>
      <trkpt lat="44.7980239" lon="20.4932286">
        <ele>170.7860469</ele>
        <time>2026-08-12T19:25:46Z</time>
      </trkpt>
      <trkpt lat="44.7980676" lon="20.4931256">
        <ele>170.5106405</ele>
        <time>2026-08-12T19:25:47Z</time>
      </trkpt>
      <trkpt lat="44.7980955" lon="20.4930159">
        <ele>170.2283595</ele>
        <time>2026-08-12T19:25:48Z</time>
      </trkpt>
      <trkpt lat="44.7981400" lon="20.4929188">
        <ele>169.8880437</ele>
        <time>2026-08-12T19:25:49Z</time>
      </trkpt>
      <trkpt lat="44.7981843" lon="20.4928108">
        <ele>169.7235304</ele>
        <time>2026-08-12T19:25:50Z</time>
      </trkpt>
      <trkpt lat="44.7982394" lon="20.4927215">
        <ele>169.1764430</ele>
        <time>2026-08-12T19:25:51Z</time>
      </trkpt>
      <trkpt lat="44.7982818" lon="20.4926219">
        <ele>168.9238826</ele>
        <time>2026-08-12T19:25:52Z</time>
      </trkpt>
      <trkpt lat="44.7983257" lon="20.4925189">
        <ele>168.6297724</ele>
        <time>2026-08-12T19:25:53Z</time>
      </trkpt>
      <trkpt lat="44.7983707" lon="20.4924133">
        <ele>168.1176728</ele>
        <time>2026-08-12T19:25:54Z</time>
      </trkpt>
      <trkpt lat="44.7984116" lon="20.4923171">
        <ele>167.8392770</ele>
        <time>2026-08-12T19:25:55Z</time>
      </trkpt>
      <trkpt lat="44.7984474" lon="20.4922331">
        <ele>167.5641632</ele>
        <time>2026-08-12T19:25:56Z</time>
      </trkpt>
      <trkpt lat="44.7984840" lon="20.4921470">
        <ele>167.0254266</ele>
        <time>2026-08-12T19:25:57Z</time>
      </trkpt>
      <trkpt lat="44.7985200" lon="20.4920626">
        <ele>166.8870845</ele>
        <time>2026-08-12T19:25:58Z</time>
      </trkpt>
      <trkpt lat="44.7985524" lon="20.4919865">
        <ele>166.5656028</ele>
        <time>2026-08-12T19:25:59Z</time>
      </trkpt>
      <trkpt lat="44.7985862" lon="20.4919071">
        <ele>166.3010273</ele>
        <time>2026-08-12T19:26:00Z</time>
      </trkpt>
      <trkpt lat="44.7986189" lon="20.4918302">
        <ele>166.0377773</ele>
        <time>2026-08-12T19:26:01Z</time>
      </trkpt>
      <trkpt lat="44.7986507" lon="20.4917556">
        <ele>165.7634292</ele>
        <time>2026-08-12T19:26:02Z</time>
      </trkpt>
      <trkpt lat="44.7986795" lon="20.4916877">
        <ele>165.5608625</ele>
        <time>2026-08-12T19:26:03Z</time>
      </trkpt>
      <trkpt lat="44.7987055" lon="20.4916263">
        <ele>165.4467481</ele>
        <time>2026-08-12T19:26:04Z</time>
      </trkpt>
      <trkpt lat="44.7987281" lon="20.4915732">
        <ele>165.2280019</ele>
        <time>2026-08-12T19:26:05Z</time>
      </trkpt>
      <trkpt lat="44.7987494" lon="20.4915230">
        <ele>164.9901500</ele>
        <time>2026-08-12T19:26:06Z</time>
      </trkpt>
      <trkpt lat="44.7987699" lon="20.4914746">
        <ele>164.7780600</ele>
        <time>2026-08-12T19:26:07Z</time>
      </trkpt>
      <trkpt lat="44.7987887" lon="20.4914303">
        <ele>164.5434033</ele>
        <time>2026-08-12T19:26:08Z</time>
      </trkpt>
      <trkpt lat="44.7988058" lon="20.4913899">
        <ele>164.4478387</ele>
        <time>2026-08-12T19:26:09Z</time>
      </trkpt>
      <trkpt lat="44.7988176" lon="20.4913620">
        <ele>164.3819684</ele>
        <time>2026-08-12T19:26:10Z</time>
      </trkpt>
      <trkpt lat="44.7988261" lon="20.4913420">
        <ele>164.2974022</ele>
        <time>2026-08-12T19:26:11Z</time>
      </trkpt>
      <trkpt lat="44.7988326" lon="20.4913267">
        <ele>164.1414391</ele>
        <time>2026-08-12T19:26:12Z</time>
      </trkpt>
      <trkpt lat="44.7988367" lon="20.4913171">
        <ele>164.0517859</ele>
        <time>2026-08-12T19:26:13Z</time>
      </trkpt>
      <trkpt lat="44.7988378" lon="20.4913146">
        <ele>163.9356205</ele>
        <time>2026-08-12T19:26:14Z</time>
      </trkpt>
      <trkpt lat="44.7988353" lon="20.4913205">
        <ele>163.9232294</ele>
        <time>2026-08-12T19:26:15Z</time>
      </trkpt>
      <trkpt lat="44.7988347" lon="20.4913218">
        <ele>163.9667716</ele>
        <time>2026-08-12T19:26:16Z</time>
      </trkpt>
      <trkpt lat="44.7988346" lon="20.4913220">
        <ele>163.9694390</ele>
        <time>2026-08-12T19:26:17Z</time>
      </trkpt>
      <trkpt lat="44.7988346" lon="20.4913220">
        <ele>163.9694390</ele>
        <time>2026-08-12T19:26:18Z</time>
      </trkpt>
      <trkpt lat="44.7988346" lon="20.4913220">
        <ele>163.9694390</ele>
        <time>2026-08-12T19:26:19Z</time>
      </trkpt>
      <trkpt lat="44.7988346" lon="20.4913220">
        <ele>163.9694390</ele>
        <time>2026-08-12T19:26:20Z</time>
      </trkpt>
      <trkpt lat="44.7988346" lon="20.4913220">
        <ele>163.9694390</ele>
        <time>2026-08-12T19:26:21Z</time>
      </trkpt>
      <trkpt lat="44.7988346" lon="20.4913220">
        <ele>163.9694390</ele>
        <time>2026-08-12T19:26:22Z</time>
      </trkpt>
      <trkpt lat="44.7988346" lon="20.4913220">
        <ele>163.9694390</ele>
        <time>2026-08-12T19:26:23Z</time>
      </trkpt>
      <trkpt lat="44.7988346" lon="20.4913220">
        <ele>163.9694390</ele>
        <time>2026-08-12T19:26:24Z</time>
      </trkpt>
      <trkpt lat="44.7988346" lon="20.4913220">
        <ele>163.9694390</ele>
        <time>2026-08-12T19:26:25Z</time>
      </trkpt>
      <trkpt lat="44.7988346" lon="20.4913220">
        <ele>163.9694390</ele>
        <time>2026-08-12T19:26:26Z</time>
      </trkpt>
      <trkpt lat="44.7988346" lon="20.4913220">
        <ele>163.9694390</ele>
        <time>2026-08-12T19:26:27Z</time>
      </trkpt>
      <trkpt lat="44.7988346" lon="20.4913220">
        <ele>163.9694390</ele>
        <time>2026-08-12T19:26:28Z</time>
      </trkpt>
      <trkpt lat="44.7988346" lon="20.4913220">
        <ele>163.9694390</ele>
        <time>2026-08-12T19:26:29Z</time>
      </trkpt>
      <trkpt lat="44.7988351" lon="20.4913210">
        <ele>163.8382001</ele>
        <time>2026-08-12T19:26:30Z</time>
      </trkpt>
      <trkpt lat="44.7988422" lon="20.4913040">
        <ele>163.7838132</ele>
        <time>2026-08-12T19:26:31Z</time>
      </trkpt>
      <trkpt lat="44.7988422" lon="20.4913040">
        <ele>163.7838132</ele>
        <time>2026-08-12T19:26:32Z</time>
      </trkpt>
      <trkpt lat="44.7988422" lon="20.4913040">
        <ele>163.7838132</ele>
        <time>2026-08-12T19:26:33Z</time>
      </trkpt>
      <trkpt lat="44.7988745" lon="20.4911261">
        <ele>162.9831205</ele>
        <time>2026-08-12T19:26:34Z</time>
      </trkpt>
      <trkpt lat="44.7989057" lon="20.4910620">
        <ele>162.6747592</ele>
        <time>2026-08-12T19:26:35Z</time>
      </trkpt>
      <trkpt lat="44.7989660" lon="20.4910120">
        <ele>162.1407736</ele>
        <time>2026-08-12T19:26:36Z</time>
      </trkpt>
      <trkpt lat="44.7989994" lon="20.4909331">
        <ele>161.7662805</ele>
        <time>2026-08-12T19:26:37Z</time>
      </trkpt>
      <trkpt lat="44.7990333" lon="20.4908528">
        <ele>161.3807815</ele>
        <time>2026-08-12T19:26:38Z</time>
      </trkpt>
      <trkpt lat="44.7990674" lon="20.4907722">
        <ele>161.2103192</ele>
        <time>2026-08-12T19:26:39Z</time>
      </trkpt>
      <trkpt lat="44.7991029" lon="20.4906882">
        <ele>160.8337575</ele>
        <time>2026-08-12T19:26:40Z</time>
      </trkpt>
      <trkpt lat="44.7991414" lon="20.4906006">
        <ele>160.5821080</ele>
        <time>2026-08-12T19:26:41Z</time>
      </trkpt>
      <trkpt lat="44.7991807" lon="20.4905093">
        <ele>160.2830934</ele>
        <time>2026-08-12T19:26:42Z</time>
      </trkpt>
      <trkpt lat="44.7992172" lon="20.4904203">
        <ele>159.8702697</ele>
        <time>2026-08-12T19:26:43Z</time>
      </trkpt>
      <trkpt lat="44.7992506" lon="20.4903392">
        <ele>159.8610845</ele>
        <time>2026-08-12T19:26:44Z</time>
      </trkpt>
      <trkpt lat="44.7992798" lon="20.4902684">
        <ele>159.5627716</ele>
        <time>2026-08-12T19:26:45Z</time>
      </trkpt>
      <trkpt lat="44.7993078" lon="20.4902003">
        <ele>159.2365762</ele>
        <time>2026-08-12T19:26:46Z</time>
      </trkpt>
      <trkpt lat="44.7993333" lon="20.4901384">
        <ele>158.6849028</ele>
        <time>2026-08-12T19:26:47Z</time>
      </trkpt>
      <trkpt lat="44.7993555" lon="20.4900843">
        <ele>158.4821590</ele>
        <time>2026-08-12T19:26:48Z</time>
      </trkpt>
      <trkpt lat="44.7993748" lon="20.4900374">
        <ele>158.4012337</ele>
        <time>2026-08-12T19:26:49Z</time>
      </trkpt>
      <trkpt lat="44.7993895" lon="20.4900015">
        <ele>158.1679185</ele>
        <time>2026-08-12T19:26:50Z</time>
      </trkpt>
      <trkpt lat="44.7993982" lon="20.4899801">
        <ele>158.2194956</ele>
        <time>2026-08-12T19:26:51Z</time>
      </trkpt>
      <trkpt lat="44.7994003" lon="20.4899751">
        <ele>158.1970274</ele>
        <time>2026-08-12T19:26:52Z</time>
      </trkpt>
      <trkpt lat="44.7993981" lon="20.4899805">
        <ele>158.0647623</ele>
        <time>2026-08-12T19:26:53Z</time>
      </trkpt>
      <trkpt lat="44.7993966" lon="20.4899841">
        <ele>158.0823354</ele>
        <time>2026-08-12T19:26:54Z</time>
      </trkpt>
      <trkpt lat="44.7993964" lon="20.4899845">
        <ele>158.0639076</ele>
        <time>2026-08-12T19:26:55Z</time>
      </trkpt>
      <trkpt lat="44.7993964" lon="20.4899846">
        <ele>158.0641606</ele>
        <time>2026-08-12T19:26:56Z</time>
      </trkpt>
      <trkpt lat="44.7993964" lon="20.4899846">
        <ele>158.0641606</ele>
        <time>2026-08-12T19:26:57Z</time>
      </trkpt>
      <trkpt lat="44.7993964" lon="20.4899846">
        <ele>158.0641606</ele>
        <time>2026-08-12T19:26:58Z</time>
      </trkpt>
      <trkpt lat="44.7993964" lon="20.4899846">
        <ele>158.0641606</ele>
        <time>2026-08-12T19:26:59Z</time>
      </trkpt>
      <trkpt lat="44.7993964" lon="20.4899846">
        <ele>158.0641606</ele>
        <time>2026-08-12T19:27:00Z</time>
      </trkpt>
      <trkpt lat="44.7993964" lon="20.4899846">
        <ele>158.0641606</ele>
        <time>2026-08-12T19:27:01Z</time>
      </trkpt>
      <trkpt lat="44.7993959" lon="20.4899858">
        <ele>157.9179167</ele>
        <time>2026-08-12T19:27:02Z</time>
      </trkpt>
      <trkpt lat="44.7993959" lon="20.4899858">
        <ele>157.9179167</ele>
        <time>2026-08-12T19:27:03Z</time>
      </trkpt>
      <trkpt lat="44.7994242" lon="20.4899165">
        <ele>157.6420537</ele>
        <time>2026-08-12T19:27:04Z</time>
      </trkpt>
      <trkpt lat="44.7994491" lon="20.4898557">
        <ele>157.3991457</ele>
        <time>2026-08-12T19:27:05Z</time>
      </trkpt>
      <trkpt lat="44.7994770" lon="20.4897872">
        <ele>157.2341827</ele>
        <time>2026-08-12T19:27:06Z</time>
      </trkpt>
      <trkpt lat="44.7995065" lon="20.4897152">
        <ele>156.8589514</ele>
        <time>2026-08-12T19:27:07Z</time>
      </trkpt>
      <trkpt lat="44.7995434" lon="20.4896246">
        <ele>156.7687438</ele>
        <time>2026-08-12T19:27:08Z</time>
      </trkpt>
      <trkpt lat="44.7995762" lon="20.4895445">
        <ele>155.9841632</ele>
        <time>2026-08-12T19:27:09Z</time>
      </trkpt>
      <trkpt lat="44.7996103" lon="20.4894611">
        <ele>155.3841032</ele>
        <time>2026-08-12T19:27:10Z</time>
      </trkpt>
      <trkpt lat="44.7996485" lon="20.4893688">
        <ele>155.0196038</ele>
        <time>2026-08-12T19:27:11Z</time>
      </trkpt>
      <trkpt lat="44.7996841" lon="20.4892826">
        <ele>155.4094048</ele>
        <time>2026-08-12T19:27:12Z</time>
      </trkpt>
      <trkpt lat="44.7997176" lon="20.4892013">
        <ele>155.0739810</ele>
        <time>2026-08-12T19:27:13Z</time>
      </trkpt>
      <trkpt lat="44.7997530" lon="20.4891156">
        <ele>154.5928573</ele>
        <time>2026-08-12T19:27:14Z</time>
      </trkpt>
      <trkpt lat="44.7997875" lon="20.4890321">
        <ele>154.2945007</ele>
        <time>2026-08-12T19:27:15Z</time>
      </trkpt>
      <trkpt lat="44.7998227" lon="20.4889466">
        <ele>153.9637844</ele>
        <time>2026-08-12T19:27:16Z</time>
      </trkpt>
      <trkpt lat="44.7998571" lon="20.4888632">
        <ele>153.7580209</ele>
        <time>2026-08-12T19:27:17Z</time>
      </trkpt>
      <trkpt lat="44.7998943" lon="20.4887731">
        <ele>153.4198105</ele>
        <time>2026-08-12T19:27:18Z</time>
      </trkpt>
      <trkpt lat="44.7999341" lon="20.4886787">
        <ele>153.1595910</ele>
        <time>2026-08-12T19:27:19Z</time>
      </trkpt>
      <trkpt lat="44.7999736" lon="20.4885831">
        <ele>152.9719515</ele>
        <time>2026-08-12T19:27:20Z</time>
      </trkpt>
      <trkpt lat="44.8000143" lon="20.4884846">
        <ele>152.8590452</ele>
        <time>2026-08-12T19:27:21Z</time>
      </trkpt>
      <trkpt lat="44.8000555" lon="20.4883849">
        <ele>152.5182113</ele>
        <time>2026-08-12T19:27:22Z</time>
      </trkpt>
      <trkpt lat="44.8000971" lon="20.4882841">
        <ele>152.2382506</ele>
        <time>2026-08-12T19:27:23Z</time>
      </trkpt>
      <trkpt lat="44.8001381" lon="20.4881848">
        <ele>151.8685619</ele>
        <time>2026-08-12T19:27:24Z</time>
      </trkpt>
      <trkpt lat="44.8001798" lon="20.4880845">
        <ele>151.5521349</ele>
        <time>2026-08-12T19:27:25Z</time>
      </trkpt>
      <trkpt lat="44.8002229" lon="20.4879847">
        <ele>151.0771302</ele>
        <time>2026-08-12T19:27:26Z</time>
      </trkpt>
      <trkpt lat="44.8002632" lon="20.4878915">
        <ele>150.8687311</ele>
        <time>2026-08-12T19:27:27Z</time>
      </trkpt>
      <trkpt lat="44.8003008" lon="20.4878045">
        <ele>150.5697566</ele>
        <time>2026-08-12T19:27:28Z</time>
      </trkpt>
      <trkpt lat="44.8003363" lon="20.4877225">
        <ele>150.3604874</ele>
        <time>2026-08-12T19:27:29Z</time>
      </trkpt>
      <trkpt lat="44.8003738" lon="20.4876357">
        <ele>150.0273723</ele>
        <time>2026-08-12T19:27:30Z</time>
      </trkpt>
      <trkpt lat="44.8004122" lon="20.4875469">
        <ele>149.6246274</ele>
        <time>2026-08-12T19:27:31Z</time>
      </trkpt>
      <trkpt lat="44.8004493" lon="20.4874536">
        <ele>149.3501791</ele>
        <time>2026-08-12T19:27:32Z</time>
      </trkpt>
      <trkpt lat="44.8004879" lon="20.4873614">
        <ele>149.2367305</ele>
        <time>2026-08-12T19:27:33Z</time>
      </trkpt>
      <trkpt lat="44.8005270" lon="20.4872680">
        <ele>149.2038686</ele>
        <time>2026-08-12T19:27:34Z</time>
      </trkpt>
      <trkpt lat="44.8005642" lon="20.4871790">
        <ele>148.3179745</ele>
        <time>2026-08-12T19:27:35Z</time>
      </trkpt>
      <trkpt lat="44.8005969" lon="20.4871009">
        <ele>148.5748839</ele>
        <time>2026-08-12T19:27:36Z</time>
      </trkpt>
      <trkpt lat="44.8006287" lon="20.4870246">
        <ele>148.3585939</ele>
        <time>2026-08-12T19:27:37Z</time>
      </trkpt>
      <trkpt lat="44.8006607" lon="20.4869479">
        <ele>147.8301191</ele>
        <time>2026-08-12T19:27:38Z</time>
      </trkpt>
      <trkpt lat="44.8006903" lon="20.4868765">
        <ele>146.8661282</ele>
        <time>2026-08-12T19:27:39Z</time>
      </trkpt>
      <trkpt lat="44.8007258" lon="20.4867922">
        <ele>146.7107365</ele>
        <time>2026-08-12T19:27:40Z</time>
      </trkpt>
      <trkpt lat="44.8007620" lon="20.4867089">
        <ele>147.0921790</ele>
        <time>2026-08-12T19:27:41Z</time>
      </trkpt>
      <trkpt lat="44.8007970" lon="20.4866283">
        <ele>146.7698040</ele>
        <time>2026-08-12T19:27:42Z</time>
      </trkpt>
      <trkpt lat="44.8008271" lon="20.4865589">
        <ele>146.6522258</ele>
        <time>2026-08-12T19:27:43Z</time>
      </trkpt>
      <trkpt lat="44.8008533" lon="20.4864981">
        <ele>146.5621858</ele>
        <time>2026-08-12T19:27:44Z</time>
      </trkpt>
      <trkpt lat="44.8008790" lon="20.4864389">
        <ele>146.6413378</ele>
        <time>2026-08-12T19:27:45Z</time>
      </trkpt>
      <trkpt lat="44.8009029" lon="20.4863834">
        <ele>146.5636835</ele>
        <time>2026-08-12T19:27:46Z</time>
      </trkpt>
      <trkpt lat="44.8009223" lon="20.4863388">
        <ele>146.9205544</ele>
        <time>2026-08-12T19:27:47Z</time>
      </trkpt>
      <trkpt lat="44.8009364" lon="20.4863061">
        <ele>146.9207517</ele>
        <time>2026-08-12T19:27:48Z</time>
      </trkpt>
      <trkpt lat="44.8009451" lon="20.4862860">
        <ele>146.8812995</ele>
        <time>2026-08-12T19:27:49Z</time>
      </trkpt>
      <trkpt lat="44.8009454" lon="20.4862854">
        <ele>146.9806326</ele>
        <time>2026-08-12T19:27:50Z</time>
      </trkpt>
      <trkpt lat="44.8009417" lon="20.4862940">
        <ele>146.9784714</ele>
        <time>2026-08-12T19:27:51Z</time>
      </trkpt>
      <trkpt lat="44.8009409" lon="20.4862958">
        <ele>146.9015424</ele>
        <time>2026-08-12T19:27:52Z</time>
      </trkpt>
      <trkpt lat="44.8009404" lon="20.4862968">
        <ele>146.8358198</ele>
        <time>2026-08-12T19:27:53Z</time>
      </trkpt>
      <trkpt lat="44.8009403" lon="20.4862970">
        <ele>146.8037362</ele>
        <time>2026-08-12T19:27:54Z</time>
      </trkpt>
      <trkpt lat="44.8009419" lon="20.4862935">
        <ele>146.7027808</ele>
        <time>2026-08-12T19:27:55Z</time>
      </trkpt>
      <trkpt lat="44.8009419" lon="20.4862935">
        <ele>146.7027808</ele>
        <time>2026-08-12T19:27:56Z</time>
      </trkpt>
      <trkpt lat="44.8009422" lon="20.4862927">
        <ele>146.6251416</ele>
        <time>2026-08-12T19:27:57Z</time>
      </trkpt>
      <trkpt lat="44.8009415" lon="20.4862942">
        <ele>146.6653152</ele>
        <time>2026-08-12T19:27:58Z</time>
      </trkpt>
      <trkpt lat="44.8009415" lon="20.4862943">
        <ele>146.6495970</ele>
        <time>2026-08-12T19:27:59Z</time>
      </trkpt>
      <trkpt lat="44.8009423" lon="20.4862925">
        <ele>146.9308010</ele>
        <time>2026-08-12T19:28:00Z</time>
      </trkpt>
      <trkpt lat="44.8009430" lon="20.4862910">
        <ele>146.7626606</ele>
        <time>2026-08-12T19:28:01Z</time>
      </trkpt>
      <trkpt lat="44.8009470" lon="20.4862816">
        <ele>146.6566324</ele>
        <time>2026-08-12T19:28:02Z</time>
      </trkpt>
      <trkpt lat="44.8009556" lon="20.4862559">
        <ele>146.5590201</ele>
        <time>2026-08-12T19:28:03Z</time>
      </trkpt>
      <trkpt lat="44.8009717" lon="20.4862160">
        <ele>146.5769702</ele>
        <time>2026-08-12T19:28:04Z</time>
      </trkpt>
      <trkpt lat="44.8009931" lon="20.4861634">
        <ele>146.7433536</ele>
        <time>2026-08-12T19:28:05Z</time>
      </trkpt>
      <trkpt lat="44.8010185" lon="20.4861011">
        <ele>146.7231653</ele>
        <time>2026-08-12T19:28:06Z</time>
      </trkpt>
      <trkpt lat="44.8010446" lon="20.4860372">
        <ele>146.8071693</ele>
        <time>2026-08-12T19:28:07Z</time>
      </trkpt>
      <trkpt lat="44.8010707" lon="20.4859732">
        <ele>146.8236618</ele>
        <time>2026-08-12T19:28:08Z</time>
      </trkpt>
      <trkpt lat="44.8010595" lon="20.4858875">
        <ele>146.6603172</ele>
        <time>2026-08-12T19:28:09Z</time>
      </trkpt>
      <trkpt lat="44.8011193" lon="20.4858541">
        <ele>146.3663181</ele>
        <time>2026-08-12T19:28:10Z</time>
      </trkpt>
      <trkpt lat="44.8011459" lon="20.4857888">
        <ele>146.3972516</ele>
        <time>2026-08-12T19:28:11Z</time>
      </trkpt>
      <trkpt lat="44.8011725" lon="20.4857238">
        <ele>146.3936562</ele>
        <time>2026-08-12T19:28:12Z</time>
      </trkpt>
      <trkpt lat="44.8011989" lon="20.4856593">
        <ele>146.4738239</ele>
        <time>2026-08-12T19:28:13Z</time>
      </trkpt>
      <trkpt lat="44.8012218" lon="20.4856034">
        <ele>146.5058329</ele>
        <time>2026-08-12T19:28:14Z</time>
      </trkpt>
      <trkpt lat="44.8012430" lon="20.4855499">
        <ele>146.4993651</ele>
        <time>2026-08-12T19:28:15Z</time>
      </trkpt>
      <trkpt lat="44.8012636" lon="20.4854982">
        <ele>146.5773127</ele>
        <time>2026-08-12T19:28:16Z</time>
      </trkpt>
      <trkpt lat="44.8012818" lon="20.4854524">
        <ele>146.6709011</ele>
        <time>2026-08-12T19:28:17Z</time>
      </trkpt>
      <trkpt lat="44.8012989" lon="20.4854094">
        <ele>146.7599623</ele>
        <time>2026-08-12T19:28:18Z</time>
      </trkpt>
      <trkpt lat="44.8013140" lon="20.4853713">
        <ele>146.6991413</ele>
        <time>2026-08-12T19:28:19Z</time>
      </trkpt>
      <trkpt lat="44.8013257" lon="20.4853421">
        <ele>146.7942494</ele>
        <time>2026-08-12T19:28:20Z</time>
      </trkpt>
      <trkpt lat="44.8013323" lon="20.4853255">
        <ele>146.7869793</ele>
        <time>2026-08-12T19:28:21Z</time>
      </trkpt>
      <trkpt lat="44.8013361" lon="20.4853158">
        <ele>146.5331626</ele>
        <time>2026-08-12T19:28:22Z</time>
      </trkpt>
      <trkpt lat="44.8013346" lon="20.4853196">
        <ele>146.7009121</ele>
        <time>2026-08-12T19:28:23Z</time>
      </trkpt>
      <trkpt lat="44.8013329" lon="20.4853240">
        <ele>146.7862746</ele>
        <time>2026-08-12T19:28:24Z</time>
      </trkpt>
      <trkpt lat="44.8013333" lon="20.4853229">
        <ele>146.8724278</ele>
        <time>2026-08-12T19:28:25Z</time>
      </trkpt>
      <trkpt lat="44.8013338" lon="20.4853217">
        <ele>146.9850993</ele>
        <time>2026-08-12T19:28:26Z</time>
      </trkpt>
      <trkpt lat="44.8013345" lon="20.4853199">
        <ele>147.0526519</ele>
        <time>2026-08-12T19:28:27Z</time>
      </trkpt>
      <trkpt lat="44.8013345" lon="20.4853198">
        <ele>147.1009763</ele>
        <time>2026-08-12T19:28:28Z</time>
      </trkpt>
      <trkpt lat="44.8013345" lon="20.4853198">
        <ele>147.1464431</ele>
        <time>2026-08-12T19:28:29Z</time>
      </trkpt>
      <trkpt lat="44.8013344" lon="20.4853200">
        <ele>147.1808312</ele>
        <time>2026-08-12T19:28:30Z</time>
      </trkpt>
      <trkpt lat="44.8013382" lon="20.4853107">
        <ele>147.1556758</ele>
        <time>2026-08-12T19:28:31Z</time>
      </trkpt>
      <trkpt lat="44.8013481" lon="20.4852856">
        <ele>147.1009439</ele>
        <time>2026-08-12T19:28:32Z</time>
      </trkpt>
      <trkpt lat="44.8013621" lon="20.4852504">
        <ele>147.0476571</ele>
        <time>2026-08-12T19:28:33Z</time>
      </trkpt>
      <trkpt lat="44.8013820" lon="20.4852004">
        <ele>146.9539271</ele>
        <time>2026-08-12T19:28:34Z</time>
      </trkpt>
      <trkpt lat="44.8014068" lon="20.4851382">
        <ele>146.9858454</ele>
        <time>2026-08-12T19:28:35Z</time>
      </trkpt>
      <trkpt lat="44.8014353" lon="20.4850688">
        <ele>146.8183926</ele>
        <time>2026-08-12T19:28:36Z</time>
      </trkpt>
      <trkpt lat="44.8014703" lon="20.4849862">
        <ele>146.7934023</ele>
        <time>2026-08-12T19:28:37Z</time>
      </trkpt>
      <trkpt lat="44.8015057" lon="20.4849009">
        <ele>146.6262164</ele>
        <time>2026-08-12T19:28:38Z</time>
      </trkpt>
      <trkpt lat="44.8015446" lon="20.4848073">
        <ele>146.3681722</ele>
        <time>2026-08-12T19:28:39Z</time>
      </trkpt>
      <trkpt lat="44.8015861" lon="20.4847075">
        <ele>146.0756218</ele>
        <time>2026-08-12T19:28:40Z</time>
      </trkpt>
      <trkpt lat="44.8016296" lon="20.4846028">
        <ele>145.9645450</ele>
        <time>2026-08-12T19:28:41Z</time>
      </trkpt>
      <trkpt lat="44.8016725" lon="20.4844996">
        <ele>145.8230671</ele>
        <time>2026-08-12T19:28:42Z</time>
      </trkpt>
      <trkpt lat="44.8017151" lon="20.4843969">
        <ele>145.6819616</ele>
        <time>2026-08-12T19:28:43Z</time>
      </trkpt>
      <trkpt lat="44.8017580" lon="20.4842937">
        <ele>145.4860430</ele>
        <time>2026-08-12T19:28:44Z</time>
      </trkpt>
      <trkpt lat="44.8018011" lon="20.4841900">
        <ele>145.2176305</ele>
        <time>2026-08-12T19:28:45Z</time>
      </trkpt>
      <trkpt lat="44.8018449" lon="20.4840846">
        <ele>145.0540347</ele>
        <time>2026-08-12T19:28:46Z</time>
      </trkpt>
      <trkpt lat="44.8018890" lon="20.4839783">
        <ele>144.9085805</ele>
        <time>2026-08-12T19:28:47Z</time>
      </trkpt>
      <trkpt lat="44.8019332" lon="20.4838720">
        <ele>144.6963554</ele>
        <time>2026-08-12T19:28:48Z</time>
      </trkpt>
      <trkpt lat="44.8019778" lon="20.4837648">
        <ele>144.4206473</ele>
        <time>2026-08-12T19:28:49Z</time>
      </trkpt>
      <trkpt lat="44.8020243" lon="20.4836531">
        <ele>144.2468891</ele>
        <time>2026-08-12T19:28:50Z</time>
      </trkpt>
      <trkpt lat="44.8020702" lon="20.4835426">
        <ele>144.2390388</ele>
        <time>2026-08-12T19:28:51Z</time>
      </trkpt>
      <trkpt lat="44.8021134" lon="20.4834385">
        <ele>144.0746000</ele>
        <time>2026-08-12T19:28:52Z</time>
      </trkpt>
      <trkpt lat="44.8021504" lon="20.4833494">
        <ele>143.8280640</ele>
        <time>2026-08-12T19:28:53Z</time>
      </trkpt>
      <trkpt lat="44.8021850" lon="20.4832660">
        <ele>143.6367191</ele>
        <time>2026-08-12T19:28:54Z</time>
      </trkpt>
      <trkpt lat="44.8022180" lon="20.4831865">
        <ele>143.4519185</ele>
        <time>2026-08-12T19:28:55Z</time>
      </trkpt>
      <trkpt lat="44.8022532" lon="20.4831016">
        <ele>143.2381700</ele>
        <time>2026-08-12T19:28:56Z</time>
      </trkpt>
      <trkpt lat="44.8022896" lon="20.4830138">
        <ele>143.2337873</ele>
        <time>2026-08-12T19:28:57Z</time>
      </trkpt>
      <trkpt lat="44.8023260" lon="20.4829262">
        <ele>143.0868172</ele>
        <time>2026-08-12T19:28:58Z</time>
      </trkpt>
      <trkpt lat="44.8023614" lon="20.4828407">
        <ele>142.8456492</ele>
        <time>2026-08-12T19:28:59Z</time>
      </trkpt>
      <trkpt lat="44.8023976" lon="20.4827536">
        <ele>142.6650315</ele>
        <time>2026-08-12T19:29:00Z</time>
      </trkpt>
      <trkpt lat="44.8024297" lon="20.4826762">
        <ele>142.5585528</ele>
        <time>2026-08-12T19:29:01Z</time>
      </trkpt>
      <trkpt lat="44.8024575" lon="20.4826091">
        <ele>142.4267190</ele>
        <time>2026-08-12T19:29:02Z</time>
      </trkpt>
      <trkpt lat="44.8024838" lon="20.4825457">
        <ele>142.1109279</ele>
        <time>2026-08-12T19:29:03Z</time>
      </trkpt>
      <trkpt lat="44.8025088" lon="20.4824862">
        <ele>141.9451671</ele>
        <time>2026-08-12T19:29:04Z</time>
      </trkpt>
      <trkpt lat="44.8025313" lon="20.4824326">
        <ele>141.6858606</ele>
        <time>2026-08-12T19:29:05Z</time>
      </trkpt>
      <trkpt lat="44.8025493" lon="20.4823896">
        <ele>141.5540337</ele>
        <time>2026-08-12T19:29:06Z</time>
      </trkpt>
      <trkpt lat="44.8025619" lon="20.4823595">
        <ele>141.4572675</ele>
        <time>2026-08-12T19:29:07Z</time>
      </trkpt>
      <trkpt lat="44.8025679" lon="20.4823452">
        <ele>141.4931241</ele>
        <time>2026-08-12T19:29:08Z</time>
      </trkpt>
      <trkpt lat="44.8025673" lon="20.4823467">
        <ele>141.4121725</ele>
        <time>2026-08-12T19:29:09Z</time>
      </trkpt>
      <trkpt lat="44.8025641" lon="20.4823543">
        <ele>141.4233909</ele>
        <time>2026-08-12T19:29:10Z</time>
      </trkpt>
      <trkpt lat="44.8025636" lon="20.4823554">
        <ele>141.4272298</ele>
        <time>2026-08-12T19:29:11Z</time>
      </trkpt>
      <trkpt lat="44.8025223" lon="20.4823231">
        <ele>141.4711642</ele>
        <time>2026-08-12T19:29:12Z</time>
      </trkpt>
      <trkpt lat="44.8025218" lon="20.4823236">
        <ele>141.5028990</ele>
        <time>2026-08-12T19:29:13Z</time>
      </trkpt>
      <trkpt lat="44.8025215" lon="20.4823221">
        <ele>141.5407311</ele>
        <time>2026-08-12T19:29:14Z</time>
      </trkpt>
      <trkpt lat="44.8025209" lon="20.4823225">
        <ele>141.5438062</ele>
        <time>2026-08-12T19:29:15Z</time>
      </trkpt>
      <trkpt lat="44.8025198" lon="20.4823234">
        <ele>141.5232963</ele>
        <time>2026-08-12T19:29:16Z</time>
      </trkpt>
      <trkpt lat="44.8025181" lon="20.4823258">
        <ele>141.5907044</ele>
        <time>2026-08-12T19:29:17Z</time>
      </trkpt>
      <trkpt lat="44.8025165" lon="20.4823230">
        <ele>141.6459308</ele>
        <time>2026-08-12T19:29:18Z</time>
      </trkpt>
      <trkpt lat="44.8025182" lon="20.4823204">
        <ele>141.5367883</ele>
        <time>2026-08-12T19:29:19Z</time>
      </trkpt>
      <trkpt lat="44.8025180" lon="20.4823211">
        <ele>141.5401886</ele>
        <time>2026-08-12T19:29:20Z</time>
      </trkpt>
      <trkpt lat="44.8025201" lon="20.4823168">
        <ele>141.5375150</ele>
        <time>2026-08-12T19:29:21Z</time>
      </trkpt>
      <trkpt lat="44.8025198" lon="20.4823176">
        <ele>141.5903273</ele>
        <time>2026-08-12T19:29:22Z</time>
      </trkpt>
      <trkpt lat="44.8025200" lon="20.4823177">
        <ele>141.5617413</ele>
        <time>2026-08-12T19:29:23Z</time>
      </trkpt>
      <trkpt lat="44.8025196" lon="20.4823160">
        <ele>141.5704178</ele>
        <time>2026-08-12T19:29:24Z</time>
      </trkpt>
      <trkpt lat="44.8025221" lon="20.4823075">
        <ele>141.5018069</ele>
        <time>2026-08-12T19:29:25Z</time>
      </trkpt>
      <trkpt lat="44.8025221" lon="20.4823075">
        <ele>141.5018069</ele>
        <time>2026-08-12T19:29:26Z</time>
      </trkpt>
      <trkpt lat="44.8025221" lon="20.4823075">
        <ele>141.5018069</ele>
        <time>2026-08-12T19:29:27Z</time>
      </trkpt>
      <trkpt lat="44.8025620" lon="20.4822121">
        <ele>141.1531872</ele>
        <time>2026-08-12T19:29:28Z</time>
      </trkpt>
      <trkpt lat="44.8025834" lon="20.4821536">
        <ele>141.3168401</ele>
        <time>2026-08-12T19:29:29Z</time>
      </trkpt>
      <trkpt lat="44.8026081" lon="20.4820978">
        <ele>141.2693202</ele>
        <time>2026-08-12T19:29:30Z</time>
      </trkpt>
      <trkpt lat="44.8026394" lon="20.4820371">
        <ele>140.6768492</ele>
        <time>2026-08-12T19:29:31Z</time>
      </trkpt>
      <trkpt lat="44.8026727" lon="20.4819631">
        <ele>140.5087151</ele>
        <time>2026-08-12T19:29:32Z</time>
      </trkpt>
      <trkpt lat="44.8027055" lon="20.4818714">
        <ele>140.4866954</ele>
        <time>2026-08-12T19:29:33Z</time>
      </trkpt>
      <trkpt lat="44.8027912" lon="20.4818179">
        <ele>140.6290332</ele>
        <time>2026-08-12T19:29:34Z</time>
      </trkpt>
      <trkpt lat="44.8028303" lon="20.4817245">
        <ele>140.2132671</ele>
        <time>2026-08-12T19:29:35Z</time>
      </trkpt>
      <trkpt lat="44.8028684" lon="20.4816336">
        <ele>140.0777327</ele>
        <time>2026-08-12T19:29:36Z</time>
      </trkpt>
      <trkpt lat="44.8029069" lon="20.4815415">
        <ele>139.6974017</ele>
        <time>2026-08-12T19:29:37Z</time>
      </trkpt>
      <trkpt lat="44.8029459" lon="20.4814483">
        <ele>139.4345275</ele>
        <time>2026-08-12T19:29:38Z</time>
      </trkpt>
      <trkpt lat="44.8029850" lon="20.4813549">
        <ele>139.3732538</ele>
        <time>2026-08-12T19:29:39Z</time>
      </trkpt>
      <trkpt lat="44.8030229" lon="20.4812643">
        <ele>139.0669193</ele>
        <time>2026-08-12T19:29:40Z</time>
      </trkpt>
      <trkpt lat="44.8030587" lon="20.4811788">
        <ele>138.8434416</ele>
        <time>2026-08-12T19:29:41Z</time>
      </trkpt>
      <trkpt lat="44.8030922" lon="20.4810988">
        <ele>138.8042876</ele>
        <time>2026-08-12T19:29:42Z</time>
      </trkpt>
      <trkpt lat="44.8031238" lon="20.4810234">
        <ele>138.7195455</ele>
        <time>2026-08-12T19:29:43Z</time>
      </trkpt>
      <trkpt lat="44.8031526" lon="20.4809534">
        <ele>138.5602094</ele>
        <time>2026-08-12T19:29:44Z</time>
      </trkpt>
      <trkpt lat="44.8031797" lon="20.4808881">
        <ele>138.3670336</ele>
        <time>2026-08-12T19:29:45Z</time>
      </trkpt>
      <trkpt lat="44.8032051" lon="20.4808271">
        <ele>138.2312712</ele>
        <time>2026-08-12T19:29:46Z</time>
      </trkpt>
      <trkpt lat="44.8032290" lon="20.4807698">
        <ele>138.1314986</ele>
        <time>2026-08-12T19:29:47Z</time>
      </trkpt>
      <trkpt lat="44.8032499" lon="20.4807195">
        <ele>138.1423922</ele>
        <time>2026-08-12T19:29:48Z</time>
      </trkpt>
      <trkpt lat="44.8032694" lon="20.4806726">
        <ele>138.2032279</ele>
        <time>2026-08-12T19:29:49Z</time>
      </trkpt>
      <trkpt lat="44.8032857" lon="20.4806336">
        <ele>138.0533582</ele>
        <time>2026-08-12T19:29:50Z</time>
      </trkpt>
      <trkpt lat="44.8033004" lon="20.4805983">
        <ele>137.9998195</ele>
        <time>2026-08-12T19:29:51Z</time>
      </trkpt>
      <trkpt lat="44.8033123" lon="20.4805697">
        <ele>137.9067082</ele>
        <time>2026-08-12T19:29:52Z</time>
      </trkpt>
      <trkpt lat="44.8033206" lon="20.4805497">
        <ele>137.9850502</ele>
        <time>2026-08-12T19:29:53Z</time>
      </trkpt>
      <trkpt lat="44.8033259" lon="20.4805371">
        <ele>138.0774273</ele>
        <time>2026-08-12T19:29:54Z</time>
      </trkpt>
      <trkpt lat="44.8033261" lon="20.4805365">
        <ele>138.0929078</ele>
        <time>2026-08-12T19:29:55Z</time>
      </trkpt>
      <trkpt lat="44.8033233" lon="20.4805434">
        <ele>137.6559705</ele>
        <time>2026-08-12T19:29:56Z</time>
      </trkpt>
      <trkpt lat="44.8033241" lon="20.4805414">
        <ele>137.7445484</ele>
        <time>2026-08-12T19:29:57Z</time>
      </trkpt>
      <trkpt lat="44.8033239" lon="20.4805420">
        <ele>137.7389098</ele>
        <time>2026-08-12T19:29:58Z</time>
      </trkpt>
      <trkpt lat="44.8033239" lon="20.4805420">
        <ele>137.7389098</ele>
        <time>2026-08-12T19:29:59Z</time>
      </trkpt>
      <trkpt lat="44.8033239" lon="20.4805420">
        <ele>137.7389098</ele>
        <time>2026-08-12T19:30:00Z</time>
      </trkpt>
      <trkpt lat="44.8033239" lon="20.4805420">
        <ele>137.7389098</ele>
        <time>2026-08-12T19:30:01Z</time>
      </trkpt>
      <trkpt lat="44.8033239" lon="20.4805420">
        <ele>137.7389098</ele>
        <time>2026-08-12T19:30:02Z</time>
      </trkpt>
      <trkpt lat="44.8032774" lon="20.4805038">
        <ele>137.7389098</ele>
        <time>2026-08-12T19:30:03Z</time>
      </trkpt>
      <trkpt lat="44.8032774" lon="20.4805038">
        <ele>137.7389098</ele>
        <time>2026-08-12T19:30:04Z</time>
      </trkpt>
      <trkpt lat="44.8032774" lon="20.4805038">
        <ele>137.7389098</ele>
        <time>2026-08-12T19:30:05Z</time>
      </trkpt>
      <trkpt lat="44.8032774" lon="20.4805038">
        <ele>137.7389098</ele>
        <time>2026-08-12T19:30:06Z</time>
      </trkpt>
      <trkpt lat="44.8032774" lon="20.4805038">
        <ele>137.7389098</ele>
        <time>2026-08-12T19:30:07Z</time>
      </trkpt>
      <trkpt lat="44.8032774" lon="20.4805038">
        <ele>137.7389098</ele>
        <time>2026-08-12T19:30:08Z</time>
      </trkpt>
      <trkpt lat="44.8032774" lon="20.4805038">
        <ele>137.7389098</ele>
        <time>2026-08-12T19:30:09Z</time>
      </trkpt>
      <trkpt lat="44.8032774" lon="20.4805038">
        <ele>137.7389098</ele>
        <time>2026-08-12T19:30:10Z</time>
      </trkpt>
      <trkpt lat="44.8032774" lon="20.4805038">
        <ele>137.7389098</ele>
        <time>2026-08-12T19:30:11Z</time>
      </trkpt>
      <trkpt lat="44.8032774" lon="20.4805038">
        <ele>137.7389098</ele>
        <time>2026-08-12T19:30:12Z</time>
      </trkpt>
      <trkpt lat="44.8032774" lon="20.4805038">
        <ele>137.7389098</ele>
        <time>2026-08-12T19:30:13Z</time>
      </trkpt>
      <trkpt lat="44.8032774" lon="20.4805038">
        <ele>137.7389098</ele>
        <time>2026-08-12T19:30:14Z</time>
      </trkpt>
      <trkpt lat="44.8032774" lon="20.4805038">
        <ele>137.7389098</ele>
        <time>2026-08-12T19:30:15Z</time>
      </trkpt>
      <trkpt lat="44.8032774" lon="20.4805038">
        <ele>137.7389098</ele>
        <time>2026-08-12T19:30:16Z</time>
      </trkpt>
      <trkpt lat="44.8032774" lon="20.4805038">
        <ele>137.7389098</ele>
        <time>2026-08-12T19:30:17Z</time>
      </trkpt>
      <trkpt lat="44.8032774" lon="20.4805038">
        <ele>137.7389098</ele>
        <time>2026-08-12T19:30:18Z</time>
      </trkpt>
      <trkpt lat="44.8032882" lon="20.4804780">
        <ele>137.6693421</ele>
        <time>2026-08-12T19:30:19Z</time>
      </trkpt>
      <trkpt lat="44.8032882" lon="20.4804752">
        <ele>137.4732233</ele>
        <time>2026-08-12T19:30:20Z</time>
      </trkpt>
      <trkpt lat="44.8032980" lon="20.4804533">
        <ele>137.3595370</ele>
        <time>2026-08-12T19:30:21Z</time>
      </trkpt>
      <trkpt lat="44.8032980" lon="20.4804533">
        <ele>137.3595370</ele>
        <time>2026-08-12T19:30:22Z</time>
      </trkpt>
      <trkpt lat="44.8032980" lon="20.4804533">
        <ele>137.3595370</ele>
        <time>2026-08-12T19:30:23Z</time>
      </trkpt>
      <trkpt lat="44.8033392" lon="20.4803034">
        <ele>137.5893300</ele>
        <time>2026-08-12T19:30:24Z</time>
      </trkpt>
      <trkpt lat="44.8033573" lon="20.4802627">
        <ele>137.3982889</ele>
        <time>2026-08-12T19:30:25Z</time>
      </trkpt>
      <trkpt lat="44.8033916" lon="20.4801687">
        <ele>137.3378918</ele>
        <time>2026-08-12T19:30:26Z</time>
      </trkpt>
      <trkpt lat="44.8034319" lon="20.4800814">
        <ele>137.3000857</ele>
        <time>2026-08-12T19:30:27Z</time>
      </trkpt>
      <trkpt lat="44.8034792" lon="20.4799915">
        <ele>137.3571257</ele>
        <time>2026-08-12T19:30:28Z</time>
      </trkpt>
      <trkpt lat="44.8035172" lon="20.4798944">
        <ele>137.3486270</ele>
        <time>2026-08-12T19:30:29Z</time>
      </trkpt>
      <trkpt lat="44.8036140" lon="20.4798464">
        <ele>136.9602688</ele>
        <time>2026-08-12T19:30:30Z</time>
      </trkpt>
      <trkpt lat="44.8036532" lon="20.4797524">
        <ele>137.0653863</ele>
        <time>2026-08-12T19:30:31Z</time>
      </trkpt>
      <trkpt lat="44.8036921" lon="20.4796603">
        <ele>137.0531089</ele>
        <time>2026-08-12T19:30:32Z</time>
      </trkpt>
      <trkpt lat="44.8037316" lon="20.4795665">
        <ele>136.8635390</ele>
        <time>2026-08-12T19:30:33Z</time>
      </trkpt>
      <trkpt lat="44.8037710" lon="20.4794732">
        <ele>136.8960790</ele>
        <time>2026-08-12T19:30:34Z</time>
      </trkpt>
      <trkpt lat="44.8038080" lon="20.4793856">
        <ele>136.7940461</ele>
        <time>2026-08-12T19:30:35Z</time>
      </trkpt>
      <trkpt lat="44.8038411" lon="20.4793070">
        <ele>136.5542052</ele>
        <time>2026-08-12T19:30:36Z</time>
      </trkpt>
      <trkpt lat="44.8038731" lon="20.4792316">
        <ele>136.4242619</ele>
        <time>2026-08-12T19:30:37Z</time>
      </trkpt>
      <trkpt lat="44.8039039" lon="20.4791595">
        <ele>136.2174161</ele>
        <time>2026-08-12T19:30:38Z</time>
      </trkpt>
      <trkpt lat="44.8039319" lon="20.4790939">
        <ele>136.1655343</ele>
        <time>2026-08-12T19:30:39Z</time>
      </trkpt>
      <trkpt lat="44.8039653" lon="20.4790158">
        <ele>135.9340608</ele>
        <time>2026-08-12T19:30:40Z</time>
      </trkpt>
      <trkpt lat="44.8039978" lon="20.4789396">
        <ele>135.6579959</ele>
        <time>2026-08-12T19:30:41Z</time>
      </trkpt>
      <trkpt lat="44.8040280" lon="20.4788682">
        <ele>135.5247125</ele>
        <time>2026-08-12T19:30:42Z</time>
      </trkpt>
      <trkpt lat="44.8040631" lon="20.4787856">
        <ele>135.5092742</ele>
        <time>2026-08-12T19:30:43Z</time>
      </trkpt>
      <trkpt lat="44.8040921" lon="20.4787172">
        <ele>135.1215629</ele>
        <time>2026-08-12T19:30:44Z</time>
      </trkpt>
      <trkpt lat="44.8041206" lon="20.4786500">
        <ele>134.9477125</ele>
        <time>2026-08-12T19:30:45Z</time>
      </trkpt>
      <trkpt lat="44.8041500" lon="20.4785806">
        <ele>134.6864040</ele>
        <time>2026-08-12T19:30:46Z</time>
      </trkpt>
      <trkpt lat="44.8041778" lon="20.4785149">
        <ele>134.4271553</ele>
        <time>2026-08-12T19:30:47Z</time>
      </trkpt>
      <trkpt lat="44.8042084" lon="20.4784431">
        <ele>134.2462089</ele>
        <time>2026-08-12T19:30:48Z</time>
      </trkpt>
      <trkpt lat="44.8042378" lon="20.4783740">
        <ele>134.2676393</ele>
        <time>2026-08-12T19:30:49Z</time>
      </trkpt>
      <trkpt lat="44.8042674" lon="20.4783044">
        <ele>134.0015141</ele>
        <time>2026-08-12T19:30:50Z</time>
      </trkpt>
      <trkpt lat="44.8042961" lon="20.4782371">
        <ele>133.7227435</ele>
        <time>2026-08-12T19:30:51Z</time>
      </trkpt>
      <trkpt lat="44.8043258" lon="20.4781674">
        <ele>133.8327666</ele>
        <time>2026-08-12T19:30:52Z</time>
      </trkpt>
      <trkpt lat="44.8043557" lon="20.4780975">
        <ele>133.6714694</ele>
        <time>2026-08-12T19:30:53Z</time>
      </trkpt>
      <trkpt lat="44.8043838" lon="20.4780315">
        <ele>133.5075829</ele>
        <time>2026-08-12T19:30:54Z</time>
      </trkpt>
      <trkpt lat="44.8044132" lon="20.4779627">
        <ele>133.3091645</ele>
        <time>2026-08-12T19:30:55Z</time>
      </trkpt>
      <trkpt lat="44.8044364" lon="20.4779085">
        <ele>133.1477332</ele>
        <time>2026-08-12T19:30:56Z</time>
      </trkpt>
      <trkpt lat="44.8044546" lon="20.4778657">
        <ele>132.9800575</ele>
        <time>2026-08-12T19:30:57Z</time>
      </trkpt>
      <trkpt lat="44.8044501" lon="20.4778113">
        <ele>133.2381128</ele>
        <time>2026-08-12T19:30:58Z</time>
      </trkpt>
      <trkpt lat="44.8044601" lon="20.4777906">
        <ele>133.3016550</ele>
        <time>2026-08-12T19:30:59Z</time>
      </trkpt>
      <trkpt lat="44.8044629" lon="20.4777837">
        <ele>133.3906273</ele>
        <time>2026-08-12T19:31:00Z</time>
      </trkpt>
      <trkpt lat="44.8044588" lon="20.4777877">
        <ele>133.1196207</ele>
        <time>2026-08-12T19:31:01Z</time>
      </trkpt>
      <trkpt lat="44.8044564" lon="20.4777923">
        <ele>133.2725167</ele>
        <time>2026-08-12T19:31:02Z</time>
      </trkpt>
      <trkpt lat="44.8044579" lon="20.4777924">
        <ele>133.2658726</ele>
        <time>2026-08-12T19:31:03Z</time>
      </trkpt>
      <trkpt lat="44.8044596" lon="20.4777905">
        <ele>133.3429624</ele>
        <time>2026-08-12T19:31:04Z</time>
      </trkpt>
      <trkpt lat="44.8044595" lon="20.4777907">
        <ele>133.3473955</ele>
        <time>2026-08-12T19:31:05Z</time>
      </trkpt>
      <trkpt lat="44.8044595" lon="20.4777907">
        <ele>133.3473955</ele>
        <time>2026-08-12T19:31:06Z</time>
      </trkpt>
      <trkpt lat="44.8044595" lon="20.4777907">
        <ele>133.3473955</ele>
        <time>2026-08-12T19:31:07Z</time>
      </trkpt>
      <trkpt lat="44.8044595" lon="20.4777907">
        <ele>133.3473955</ele>
        <time>2026-08-12T19:31:08Z</time>
      </trkpt>
      <trkpt lat="44.8044595" lon="20.4777907">
        <ele>133.3473955</ele>
        <time>2026-08-12T19:31:09Z</time>
      </trkpt>
      <trkpt lat="44.8044595" lon="20.4777907">
        <ele>133.3473955</ele>
        <time>2026-08-12T19:31:10Z</time>
      </trkpt>
      <trkpt lat="44.8044595" lon="20.4777907">
        <ele>133.3473955</ele>
        <time>2026-08-12T19:31:11Z</time>
      </trkpt>
      <trkpt lat="44.8044595" lon="20.4777907">
        <ele>133.3473955</ele>
        <time>2026-08-12T19:31:12Z</time>
      </trkpt>
      <trkpt lat="44.8044595" lon="20.4777907">
        <ele>133.3473955</ele>
        <time>2026-08-12T19:31:13Z</time>
      </trkpt>
      <trkpt lat="44.8044595" lon="20.4777907">
        <ele>133.3473955</ele>
        <time>2026-08-12T19:31:14Z</time>
      </trkpt>
      <trkpt lat="44.8044573" lon="20.4777699">
        <ele>133.6187449</ele>
        <time>2026-08-12T19:31:15Z</time>
      </trkpt>
      <trkpt lat="44.8044571" lon="20.4777701">
        <ele>133.5753416</ele>
        <time>2026-08-12T19:31:16Z</time>
      </trkpt>
      <trkpt lat="44.8044595" lon="20.4777658">
        <ele>133.5635861</ele>
        <time>2026-08-12T19:31:17Z</time>
      </trkpt>
      <trkpt lat="44.8044616" lon="20.4777592">
        <ele>133.5364417</ele>
        <time>2026-08-12T19:31:18Z</time>
      </trkpt>
      <trkpt lat="44.8044616" lon="20.4777592">
        <ele>133.5364417</ele>
        <time>2026-08-12T19:31:19Z</time>
      </trkpt>
      <trkpt lat="44.8044837" lon="20.4777018">
        <ele>133.2619368</ele>
        <time>2026-08-12T19:31:20Z</time>
      </trkpt>
      <trkpt lat="44.8044937" lon="20.4776847">
        <ele>133.2506837</ele>
        <time>2026-08-12T19:31:21Z</time>
      </trkpt>
      <trkpt lat="44.8044943" lon="20.4776804">
        <ele>133.0127872</ele>
        <time>2026-08-12T19:31:22Z</time>
      </trkpt>
      <trkpt lat="44.8045023" lon="20.4776581">
        <ele>132.8025318</ele>
        <time>2026-08-12T19:31:23Z</time>
      </trkpt>
      <trkpt lat="44.8045167" lon="20.4776122">
        <ele>132.4262924</ele>
        <time>2026-08-12T19:31:24Z</time>
      </trkpt>
      <trkpt lat="44.8045194" lon="20.4775921">
        <ele>132.4148121</ele>
        <time>2026-08-12T19:31:25Z</time>
      </trkpt>
      <trkpt lat="44.8045153" lon="20.4775925">
        <ele>132.4111458</ele>
        <time>2026-08-12T19:31:26Z</time>
      </trkpt>
      <trkpt lat="44.8045153" lon="20.4775925">
        <ele>132.4111458</ele>
        <time>2026-08-12T19:31:27Z</time>
      </trkpt>
      <trkpt lat="44.8045153" lon="20.4775925">
        <ele>132.4111458</ele>
        <time>2026-08-12T19:31:28Z</time>
      </trkpt>
      <trkpt lat="44.8045466" lon="20.4775140">
        <ele>132.7315983</ele>
        <time>2026-08-12T19:31:29Z</time>
      </trkpt>
      <trkpt lat="44.8045578" lon="20.4774923">
        <ele>133.0059389</ele>
        <time>2026-08-12T19:31:30Z</time>
      </trkpt>
      <trkpt lat="44.8045535" lon="20.4775022">
        <ele>132.9875169</ele>
        <time>2026-08-12T19:31:31Z</time>
      </trkpt>
      <trkpt lat="44.8045762" lon="20.4774553">
        <ele>133.3001148</ele>
        <time>2026-08-12T19:31:32Z</time>
      </trkpt>
      <trkpt lat="44.8045801" lon="20.4774457">
        <ele>133.1547162</ele>
        <time>2026-08-12T19:31:33Z</time>
      </trkpt>
      <trkpt lat="44.8045807" lon="20.4774450">
        <ele>133.2872457</ele>
        <time>2026-08-12T19:31:34Z</time>
      </trkpt>
      <trkpt lat="44.8045790" lon="20.4774494">
        <ele>133.3909843</ele>
        <time>2026-08-12T19:31:35Z</time>
      </trkpt>
      <trkpt lat="44.8045780" lon="20.4774504">
        <ele>133.5094559</ele>
        <time>2026-08-12T19:31:36Z</time>
      </trkpt>
      <trkpt lat="44.8045779" lon="20.4774507">
        <ele>133.5293779</ele>
        <time>2026-08-12T19:31:37Z</time>
      </trkpt>
      <trkpt lat="44.8045779" lon="20.4774507">
        <ele>133.5293779</ele>
        <time>2026-08-12T19:31:38Z</time>
      </trkpt>
      <trkpt lat="44.8045779" lon="20.4774507">
        <ele>133.5293779</ele>
        <time>2026-08-12T19:31:39Z</time>
      </trkpt>
      <trkpt lat="44.8045779" lon="20.4774507">
        <ele>133.5293779</ele>
        <time>2026-08-12T19:31:40Z</time>
      </trkpt>
      <trkpt lat="44.8045779" lon="20.4774507">
        <ele>133.5293779</ele>
        <time>2026-08-12T19:31:41Z</time>
      </trkpt>
      <trkpt lat="44.8045707" lon="20.4774526">
        <ele>133.7825232</ele>
        <time>2026-08-12T19:31:42Z</time>
      </trkpt>
      <trkpt lat="44.8045720" lon="20.4774542">
        <ele>133.4974712</ele>
        <time>2026-08-12T19:31:43Z</time>
      </trkpt>
      <trkpt lat="44.8045715" lon="20.4774551">
        <ele>133.4299065</ele>
        <time>2026-08-12T19:31:44Z</time>
      </trkpt>
      <trkpt lat="44.8045715" lon="20.4774551">
        <ele>133.4299065</ele>
        <time>2026-08-12T19:31:45Z</time>
      </trkpt>
      <trkpt lat="44.8045715" lon="20.4774551">
        <ele>133.4299065</ele>
        <time>2026-08-12T19:31:46Z</time>
      </trkpt>
      <trkpt lat="44.8045715" lon="20.4774551">
        <ele>133.4299065</ele>
        <time>2026-08-12T19:31:47Z</time>
      </trkpt>
      <trkpt lat="44.8045715" lon="20.4774551">
        <ele>133.4299065</ele>
        <time>2026-08-12T19:31:48Z</time>
      </trkpt>
      <trkpt lat="44.8045715" lon="20.4774551">
        <ele>133.4299065</ele>
        <time>2026-08-12T19:31:49Z</time>
      </trkpt>
      <trkpt lat="44.8045715" lon="20.4774551">
        <ele>133.4299065</ele>
        <time>2026-08-12T19:31:50Z</time>
      </trkpt>
      <trkpt lat="44.8045715" lon="20.4774551">
        <ele>133.4299065</ele>
        <time>2026-08-12T19:31:51Z</time>
      </trkpt>
      <trkpt lat="44.8045715" lon="20.4774551">
        <ele>133.4299065</ele>
        <time>2026-08-12T19:31:52Z</time>
      </trkpt>
      <trkpt lat="44.8045715" lon="20.4774551">
        <ele>133.4299065</ele>
        <time>2026-08-12T19:31:53Z</time>
      </trkpt>
      <trkpt lat="44.8045715" lon="20.4774551">
        <ele>133.4299065</ele>
        <time>2026-08-12T19:31:54Z</time>
      </trkpt>
      <trkpt lat="44.8045715" lon="20.4774551">
        <ele>133.4299065</ele>
        <time>2026-08-12T19:31:55Z</time>
      </trkpt>
      <trkpt lat="44.8045715" lon="20.4774551">
        <ele>133.4299065</ele>
        <time>2026-08-12T19:31:56Z</time>
      </trkpt>
      <trkpt lat="44.8045724" lon="20.4774523">
        <ele>133.5758597</ele>
        <time>2026-08-12T19:31:57Z</time>
      </trkpt>
      <trkpt lat="44.8045764" lon="20.4774441">
        <ele>133.5799560</ele>
        <time>2026-08-12T19:31:58Z</time>
      </trkpt>
      <trkpt lat="44.8045844" lon="20.4774255">
        <ele>133.5033640</ele>
        <time>2026-08-12T19:31:59Z</time>
      </trkpt>
      <trkpt lat="44.8045907" lon="20.4774113">
        <ele>133.5791741</ele>
        <time>2026-08-12T19:32:00Z</time>
      </trkpt>
      <trkpt lat="44.8045999" lon="20.4773904">
        <ele>133.7073132</ele>
        <time>2026-08-12T19:32:01Z</time>
      </trkpt>
      <trkpt lat="44.8046308" lon="20.4773177">
        <ele>133.8146103</ele>
        <time>2026-08-12T19:32:02Z</time>
      </trkpt>
      <trkpt lat="44.8046536" lon="20.4772660">
        <ele>133.8439950</ele>
        <time>2026-08-12T19:32:03Z</time>
      </trkpt>
      <trkpt lat="44.8046796" lon="20.4772046">
        <ele>133.7286272</ele>
        <time>2026-08-12T19:32:04Z</time>
      </trkpt>
      <trkpt lat="44.8047069" lon="20.4771432">
        <ele>133.9055877</ele>
        <time>2026-08-12T19:32:05Z</time>
      </trkpt>
      <trkpt lat="44.8047310" lon="20.4770849">
        <ele>133.9163201</ele>
        <time>2026-08-12T19:32:06Z</time>
      </trkpt>
      <trkpt lat="44.8047525" lon="20.4770307">
        <ele>133.6942777</ele>
        <time>2026-08-12T19:32:07Z</time>
      </trkpt>
      <trkpt lat="44.8047768" lon="20.4769739">
        <ele>133.7692757</ele>
        <time>2026-08-12T19:32:08Z</time>
      </trkpt>
      <trkpt lat="44.8048007" lon="20.4769222">
        <ele>134.2340152</ele>
        <time>2026-08-12T19:32:09Z</time>
      </trkpt>
      <trkpt lat="44.8048249" lon="20.4768640">
        <ele>134.0654289</ele>
        <time>2026-08-12T19:32:10Z</time>
      </trkpt>
      <trkpt lat="44.8048545" lon="20.4767979">
        <ele>134.0885567</ele>
        <time>2026-08-12T19:32:11Z</time>
      </trkpt>
      <trkpt lat="44.8048835" lon="20.4767255">
        <ele>134.3159650</ele>
        <time>2026-08-12T19:32:12Z</time>
      </trkpt>
      <trkpt lat="44.8049550" lon="20.4766744">
        <ele>134.2095116</ele>
        <time>2026-08-12T19:32:13Z</time>
      </trkpt>
      <trkpt lat="44.8049908" lon="20.4765874">
        <ele>134.3098387</ele>
        <time>2026-08-12T19:32:14Z</time>
      </trkpt>
      <trkpt lat="44.8050299" lon="20.4764923">
        <ele>134.3702734</ele>
        <time>2026-08-12T19:32:15Z</time>
      </trkpt>
      <trkpt lat="44.8050689" lon="20.4763974">
        <ele>134.3102049</ele>
        <time>2026-08-12T19:32:16Z</time>
      </trkpt>
      <trkpt lat="44.8051083" lon="20.4763033">
        <ele>134.4208472</ele>
        <time>2026-08-12T19:32:17Z</time>
      </trkpt>
      <trkpt lat="44.8051458" lon="20.4762150">
        <ele>134.4866582</ele>
        <time>2026-08-12T19:32:18Z</time>
      </trkpt>
      <trkpt lat="44.8051799" lon="20.4761351">
        <ele>133.9483227</ele>
        <time>2026-08-12T19:32:19Z</time>
      </trkpt>
      <trkpt lat="44.8052156" lon="20.4760510">
        <ele>133.9386489</ele>
        <time>2026-08-12T19:32:20Z</time>
      </trkpt>
      <trkpt lat="44.8052546" lon="20.4759594">
        <ele>133.3164043</ele>
        <time>2026-08-12T19:32:21Z</time>
      </trkpt>
      <trkpt lat="44.8052948" lon="20.4758641">
        <ele>133.5594783</ele>
        <time>2026-08-12T19:32:22Z</time>
      </trkpt>
      <trkpt lat="44.8053329" lon="20.4757744">
        <ele>133.3975752</ele>
        <time>2026-08-12T19:32:23Z</time>
      </trkpt>
      <trkpt lat="44.8053681" lon="20.4756920">
        <ele>133.3852225</ele>
        <time>2026-08-12T19:32:24Z</time>
      </trkpt>
      <trkpt lat="44.8053989" lon="20.4756193">
        <ele>133.0399121</ele>
        <time>2026-08-12T19:32:25Z</time>
      </trkpt>
      <trkpt lat="44.8054315" lon="20.4755421">
        <ele>133.3355407</ele>
        <time>2026-08-12T19:32:26Z</time>
      </trkpt>
      <trkpt lat="44.8054622" lon="20.4754694">
        <ele>132.8554453</ele>
        <time>2026-08-12T19:32:27Z</time>
      </trkpt>
      <trkpt lat="44.8054868" lon="20.4754115">
        <ele>132.9408044</ele>
        <time>2026-08-12T19:32:28Z</time>
      </trkpt>
      <trkpt lat="44.8055066" lon="20.4753646">
        <ele>133.0088440</ele>
        <time>2026-08-12T19:32:29Z</time>
      </trkpt>
      <trkpt lat="44.8055218" lon="20.4753289">
        <ele>133.0009297</ele>
        <time>2026-08-12T19:32:30Z</time>
      </trkpt>
      <trkpt lat="44.8055320" lon="20.4753048">
        <ele>132.9559269</ele>
        <time>2026-08-12T19:32:31Z</time>
      </trkpt>
      <trkpt lat="44.8055375" lon="20.4752919">
        <ele>132.8713837</ele>
        <time>2026-08-12T19:32:32Z</time>
      </trkpt>
      <trkpt lat="44.8055387" lon="20.4752890">
        <ele>132.9212404</ele>
        <time>2026-08-12T19:32:33Z</time>
      </trkpt>
      <trkpt lat="44.8055373" lon="20.4752922">
        <ele>133.0090809</ele>
        <time>2026-08-12T19:32:34Z</time>
      </trkpt>
      <trkpt lat="44.8055376" lon="20.4752914">
        <ele>133.0080728</ele>
        <time>2026-08-12T19:32:35Z</time>
      </trkpt>
      <trkpt lat="44.8055392" lon="20.4752877">
        <ele>133.1127161</ele>
        <time>2026-08-12T19:32:36Z</time>
      </trkpt>
      <trkpt lat="44.8055390" lon="20.4752883">
        <ele>133.1118506</ele>
        <time>2026-08-12T19:32:37Z</time>
      </trkpt>
      <trkpt lat="44.8055390" lon="20.4752883">
        <ele>133.1118506</ele>
        <time>2026-08-12T19:32:38Z</time>
      </trkpt>
      <trkpt lat="44.8055390" lon="20.4752883">
        <ele>133.1118506</ele>
        <time>2026-08-12T19:32:39Z</time>
      </trkpt>
      <trkpt lat="44.8055390" lon="20.4752883">
        <ele>133.1118506</ele>
        <time>2026-08-12T19:32:40Z</time>
      </trkpt>
      <trkpt lat="44.8055390" lon="20.4752883">
        <ele>133.1118506</ele>
        <time>2026-08-12T19:32:41Z</time>
      </trkpt>
      <trkpt lat="44.8055022" lon="20.4752575">
        <ele>133.1118506</ele>
        <time>2026-08-12T19:32:42Z</time>
      </trkpt>
      <trkpt lat="44.8055022" lon="20.4752575">
        <ele>133.1118506</ele>
        <time>2026-08-12T19:32:43Z</time>
      </trkpt>
      <trkpt lat="44.8055022" lon="20.4752575">
        <ele>133.1118506</ele>
        <time>2026-08-12T19:32:44Z</time>
      </trkpt>
      <trkpt lat="44.8055022" lon="20.4752575">
        <ele>133.1118506</ele>
        <time>2026-08-12T19:32:45Z</time>
      </trkpt>
      <trkpt lat="44.8055022" lon="20.4752575">
        <ele>133.1118506</ele>
        <time>2026-08-12T19:32:46Z</time>
      </trkpt>
      <trkpt lat="44.8055022" lon="20.4752575">
        <ele>133.1118506</ele>
        <time>2026-08-12T19:32:47Z</time>
      </trkpt>
      <trkpt lat="44.8055022" lon="20.4752575">
        <ele>133.1118506</ele>
        <time>2026-08-12T19:32:48Z</time>
      </trkpt>
      <trkpt lat="44.8055022" lon="20.4752575">
        <ele>133.1118506</ele>
        <time>2026-08-12T19:32:49Z</time>
      </trkpt>
      <trkpt lat="44.8055022" lon="20.4752575">
        <ele>133.1118506</ele>
        <time>2026-08-12T19:32:50Z</time>
      </trkpt>
      <trkpt lat="44.8055022" lon="20.4752575">
        <ele>133.1118506</ele>
        <time>2026-08-12T19:32:51Z</time>
      </trkpt>
      <trkpt lat="44.8055155" lon="20.4752234">
        <ele>133.3275344</ele>
        <time>2026-08-12T19:32:52Z</time>
      </trkpt>
      <trkpt lat="44.8055190" lon="20.4752227">
        <ele>133.2101261</ele>
        <time>2026-08-12T19:32:53Z</time>
      </trkpt>
      <trkpt lat="44.8055166" lon="20.4752254">
        <ele>133.1604136</ele>
        <time>2026-08-12T19:32:54Z</time>
      </trkpt>
      <trkpt lat="44.8055155" lon="20.4752312">
        <ele>133.1499486</ele>
        <time>2026-08-12T19:32:55Z</time>
      </trkpt>
      <trkpt lat="44.8055143" lon="20.4752310">
        <ele>133.1222539</ele>
        <time>2026-08-12T19:32:56Z</time>
      </trkpt>
      <trkpt lat="44.8055141" lon="20.4752305">
        <ele>133.1184173</ele>
        <time>2026-08-12T19:32:57Z</time>
      </trkpt>
      <trkpt lat="44.8055141" lon="20.4752305">
        <ele>133.1184173</ele>
        <time>2026-08-12T19:32:58Z</time>
      </trkpt>
      <trkpt lat="44.8055140" lon="20.4752401">
        <ele>133.0684459</ele>
        <time>2026-08-12T19:32:59Z</time>
      </trkpt>
      <trkpt lat="44.8055140" lon="20.4752402">
        <ele>133.0681246</ele>
        <time>2026-08-12T19:33:00Z</time>
      </trkpt>
      <trkpt lat="44.8055140" lon="20.4752402">
        <ele>133.0681246</ele>
        <time>2026-08-12T19:33:01Z</time>
      </trkpt>
      <trkpt lat="44.8055140" lon="20.4752402">
        <ele>133.0681246</ele>
        <time>2026-08-12T19:33:02Z</time>
      </trkpt>
      <trkpt lat="44.8055140" lon="20.4752402">
        <ele>133.0681246</ele>
        <time>2026-08-12T19:33:03Z</time>
      </trkpt>
      <trkpt lat="44.8055140" lon="20.4752402">
        <ele>133.0681246</ele>
        <time>2026-08-12T19:33:04Z</time>
      </trkpt>
      <trkpt lat="44.8055140" lon="20.4752402">
        <ele>133.0681246</ele>
        <time>2026-08-12T19:33:05Z</time>
      </trkpt>
      <trkpt lat="44.8055140" lon="20.4752402">
        <ele>133.0681246</ele>
        <time>2026-08-12T19:33:06Z</time>
      </trkpt>
      <trkpt lat="44.8055140" lon="20.4752402">
        <ele>133.0681246</ele>
        <time>2026-08-12T19:33:07Z</time>
      </trkpt>
      <trkpt lat="44.8055140" lon="20.4752402">
        <ele>133.0681246</ele>
        <time>2026-08-12T19:33:08Z</time>
      </trkpt>
      <trkpt lat="44.8055140" lon="20.4752402">
        <ele>133.0681246</ele>
        <time>2026-08-12T19:33:09Z</time>
      </trkpt>
      <trkpt lat="44.8055140" lon="20.4752402">
        <ele>133.0681246</ele>
        <time>2026-08-12T19:33:10Z</time>
      </trkpt>
      <trkpt lat="44.8055254" lon="20.4752629">
        <ele>133.3605800</ele>
        <time>2026-08-12T19:33:11Z</time>
      </trkpt>
      <trkpt lat="44.8055315" lon="20.4752441">
        <ele>133.2603257</ele>
        <time>2026-08-12T19:33:12Z</time>
      </trkpt>
      <trkpt lat="44.8055419" lon="20.4752145">
        <ele>133.1816871</ele>
        <time>2026-08-12T19:33:13Z</time>
      </trkpt>
      <trkpt lat="44.8055587" lon="20.4751735">
        <ele>133.0530356</ele>
        <time>2026-08-12T19:33:14Z</time>
      </trkpt>
      <trkpt lat="44.8055814" lon="20.4751220">
        <ele>133.0100132</ele>
        <time>2026-08-12T19:33:15Z</time>
      </trkpt>
      <trkpt lat="44.8056075" lon="20.4750579">
        <ele>132.9273393</ele>
        <time>2026-08-12T19:33:16Z</time>
      </trkpt>
      <trkpt lat="44.8056370" lon="20.4749860">
        <ele>132.9101826</ele>
        <time>2026-08-12T19:33:17Z</time>
      </trkpt>
      <trkpt lat="44.8056706" lon="20.4749063">
        <ele>133.0217025</ele>
        <time>2026-08-12T19:33:18Z</time>
      </trkpt>
      <trkpt lat="44.8057288" lon="20.4748416">
        <ele>133.1423365</ele>
        <time>2026-08-12T19:33:19Z</time>
      </trkpt>
      <trkpt lat="44.8057653" lon="20.4747534">
        <ele>133.0841795</ele>
        <time>2026-08-12T19:33:20Z</time>
      </trkpt>
      <trkpt lat="44.8058036" lon="20.4746623">
        <ele>132.9829226</ele>
        <time>2026-08-12T19:33:21Z</time>
      </trkpt>
      <trkpt lat="44.8058443" lon="20.4745657">
        <ele>132.6912234</ele>
        <time>2026-08-12T19:33:22Z</time>
      </trkpt>
      <trkpt lat="44.8058831" lon="20.4744737">
        <ele>132.8181709</ele>
        <time>2026-08-12T19:33:23Z</time>
      </trkpt>
      <trkpt lat="44.8059203" lon="20.4743837">
        <ele>132.9757112</ele>
        <time>2026-08-12T19:33:24Z</time>
      </trkpt>
      <trkpt lat="44.8059568" lon="20.4742957">
        <ele>133.4122721</ele>
        <time>2026-08-12T19:33:25Z</time>
      </trkpt>
      <trkpt lat="44.8059943" lon="20.4742050">
        <ele>133.2087776</ele>
        <time>2026-08-12T19:33:26Z</time>
      </trkpt>
      <trkpt lat="44.8060351" lon="20.4741067">
        <ele>133.1655332</ele>
        <time>2026-08-12T19:33:27Z</time>
      </trkpt>
      <trkpt lat="44.8060748" lon="20.4740109">
        <ele>133.3048485</ele>
        <time>2026-08-12T19:33:28Z</time>
      </trkpt>
      <trkpt lat="44.8061132" lon="20.4739205">
        <ele>133.5695400</ele>
        <time>2026-08-12T19:33:29Z</time>
      </trkpt>
      <trkpt lat="44.8061518" lon="20.4738313">
        <ele>133.6097139</ele>
        <time>2026-08-12T19:33:30Z</time>
      </trkpt>
      <trkpt lat="44.8061890" lon="20.4737451">
        <ele>133.8151291</ele>
        <time>2026-08-12T19:33:31Z</time>
      </trkpt>
      <trkpt lat="44.8062256" lon="20.4736604">
        <ele>133.8153771</ele>
        <time>2026-08-12T19:33:32Z</time>
      </trkpt>
      <trkpt lat="44.8062615" lon="20.4735771">
        <ele>133.8135571</ele>
        <time>2026-08-12T19:33:33Z</time>
      </trkpt>
      <trkpt lat="44.8062963" lon="20.4734941">
        <ele>133.8132876</ele>
        <time>2026-08-12T19:33:34Z</time>
      </trkpt>
      <trkpt lat="44.8063386" lon="20.4733985">
        <ele>133.7567425</ele>
        <time>2026-08-12T19:33:35Z</time>
      </trkpt>
      <trkpt lat="44.8063863" lon="20.4732915">
        <ele>134.0934003</ele>
        <time>2026-08-12T19:33:36Z</time>
      </trkpt>
      <trkpt lat="44.8064327" lon="20.4731866">
        <ele>134.3362778</ele>
        <time>2026-08-12T19:33:37Z</time>
      </trkpt>
      <trkpt lat="44.8064770" lon="20.4730864">
        <ele>134.4422814</ele>
        <time>2026-08-12T19:33:38Z</time>
      </trkpt>
      <trkpt lat="44.8065204" lon="20.4729883">
        <ele>134.3544061</ele>
        <time>2026-08-12T19:33:39Z</time>
      </trkpt>
      <trkpt lat="44.8065667" lon="20.4728838">
        <ele>134.3799242</ele>
        <time>2026-08-12T19:33:40Z</time>
      </trkpt>
      <trkpt lat="44.8066120" lon="20.4727815">
        <ele>134.2982266</ele>
        <time>2026-08-12T19:33:41Z</time>
      </trkpt>
      <trkpt lat="44.8066559" lon="20.4726823">
        <ele>133.7691900</ele>
        <time>2026-08-12T19:33:42Z</time>
      </trkpt>
      <trkpt lat="44.8066991" lon="20.4725847">
        <ele>133.5365463</ele>
        <time>2026-08-12T19:33:43Z</time>
      </trkpt>
      <trkpt lat="44.8067386" lon="20.4724950">
        <ele>133.6785193</ele>
        <time>2026-08-12T19:33:44Z</time>
      </trkpt>
      <trkpt lat="44.8067696" lon="20.4724244">
        <ele>133.9172930</ele>
        <time>2026-08-12T19:33:45Z</time>
      </trkpt>
      <trkpt lat="44.8067955" lon="20.4723654">
        <ele>133.8604596</ele>
        <time>2026-08-12T19:33:46Z</time>
      </trkpt>
      <trkpt lat="44.8068200" lon="20.4723099">
        <ele>133.8645552</ele>
        <time>2026-08-12T19:33:47Z</time>
      </trkpt>
      <trkpt lat="44.8067977" lon="20.4722198">
        <ele>134.0087511</ele>
        <time>2026-08-12T19:33:48Z</time>
      </trkpt>
      <trkpt lat="44.8068157" lon="20.4721741">
        <ele>134.0335988</ele>
        <time>2026-08-12T19:33:49Z</time>
      </trkpt>
      <trkpt lat="44.8068306" lon="20.4721430">
        <ele>134.1326250</ele>
        <time>2026-08-12T19:33:50Z</time>
      </trkpt>
      <trkpt lat="44.8068474" lon="20.4721250">
        <ele>134.4054374</ele>
        <time>2026-08-12T19:33:51Z</time>
      </trkpt>
      <trkpt lat="44.8068580" lon="20.4721083">
        <ele>134.3133888</ele>
        <time>2026-08-12T19:33:52Z</time>
      </trkpt>
      <trkpt lat="44.8068702" lon="20.4720919">
        <ele>134.2783379</ele>
        <time>2026-08-12T19:33:53Z</time>
      </trkpt>
      <trkpt lat="44.8068817" lon="20.4720726">
        <ele>134.1745492</ele>
        <time>2026-08-12T19:33:54Z</time>
      </trkpt>
      <trkpt lat="44.8068988" lon="20.4720449">
        <ele>134.2421067</ele>
        <time>2026-08-12T19:33:55Z</time>
      </trkpt>
      <trkpt lat="44.8069051" lon="20.4720205">
        <ele>134.6179539</ele>
        <time>2026-08-12T19:33:56Z</time>
      </trkpt>
      <trkpt lat="44.8069004" lon="20.4720287">
        <ele>135.1427680</ele>
        <time>2026-08-12T19:33:57Z</time>
      </trkpt>
      <trkpt lat="44.8068949" lon="20.4720423">
        <ele>134.5131308</ele>
        <time>2026-08-12T19:33:58Z</time>
      </trkpt>
      <trkpt lat="44.8068971" lon="20.4720433">
        <ele>134.5631339</ele>
        <time>2026-08-12T19:33:59Z</time>
      </trkpt>
      <trkpt lat="44.8068875" lon="20.4720458">
        <ele>134.6661025</ele>
        <time>2026-08-12T19:34:00Z</time>
      </trkpt>
      <trkpt lat="44.8068858" lon="20.4720492">
        <ele>134.6046182</ele>
        <time>2026-08-12T19:34:01Z</time>
      </trkpt>
      <trkpt lat="44.8068847" lon="20.4720539">
        <ele>134.4132635</ele>
        <time>2026-08-12T19:34:02Z</time>
      </trkpt>
      <trkpt lat="44.8068843" lon="20.4720553">
        <ele>134.3735194</ele>
        <time>2026-08-12T19:34:03Z</time>
      </trkpt>
      <trkpt lat="44.8068851" lon="20.4720591">
        <ele>134.4045230</ele>
        <time>2026-08-12T19:34:04Z</time>
      </trkpt>
      <trkpt lat="44.8068826" lon="20.4720622">
        <ele>134.3675197</ele>
        <time>2026-08-12T19:34:05Z</time>
      </trkpt>
      <trkpt lat="44.8068823" lon="20.4720622">
        <ele>134.3665844</ele>
        <time>2026-08-12T19:34:06Z</time>
      </trkpt>
      <trkpt lat="44.8068823" lon="20.4720622">
        <ele>134.3665844</ele>
        <time>2026-08-12T19:34:07Z</time>
      </trkpt>
      <trkpt lat="44.8068823" lon="20.4720622">
        <ele>134.3665844</ele>
        <time>2026-08-12T19:34:08Z</time>
      </trkpt>
      <trkpt lat="44.8068823" lon="20.4720622">
        <ele>134.3665844</ele>
        <time>2026-08-12T19:34:09Z</time>
      </trkpt>
      <trkpt lat="44.8068804" lon="20.4720647">
        <ele>134.3766202</ele>
        <time>2026-08-12T19:34:10Z</time>
      </trkpt>
      <trkpt lat="44.8068799" lon="20.4720647">
        <ele>134.3738177</ele>
        <time>2026-08-12T19:34:11Z</time>
      </trkpt>
      <trkpt lat="44.8068798" lon="20.4720648">
        <ele>134.3676946</ele>
        <time>2026-08-12T19:34:12Z</time>
      </trkpt>
      <trkpt lat="44.8068798" lon="20.4720648">
        <ele>134.3676946</ele>
        <time>2026-08-12T19:34:13Z</time>
      </trkpt>
      <trkpt lat="44.8068798" lon="20.4720648">
        <ele>134.3676946</ele>
        <time>2026-08-12T19:34:14Z</time>
      </trkpt>
      <trkpt lat="44.8068798" lon="20.4720648">
        <ele>134.3676946</ele>
        <time>2026-08-12T19:34:15Z</time>
      </trkpt>
      <trkpt lat="44.8068798" lon="20.4720648">
        <ele>134.3676946</ele>
        <time>2026-08-12T19:34:16Z</time>
      </trkpt>
      <trkpt lat="44.8068884" lon="20.4720706">
        <ele>134.4333463</ele>
        <time>2026-08-12T19:34:17Z</time>
      </trkpt>
      <trkpt lat="44.8068880" lon="20.4720715">
        <ele>134.4538917</ele>
        <time>2026-08-12T19:34:18Z</time>
      </trkpt>
      <trkpt lat="44.8068890" lon="20.4720723">
        <ele>134.4976555</ele>
        <time>2026-08-12T19:34:19Z</time>
      </trkpt>
      <trkpt lat="44.8068887" lon="20.4720697">
        <ele>134.5919699</ele>
        <time>2026-08-12T19:34:20Z</time>
      </trkpt>
      <trkpt lat="44.8068892" lon="20.4720727">
        <ele>134.5470142</ele>
        <time>2026-08-12T19:34:21Z</time>
      </trkpt>
      <trkpt lat="44.8068891" lon="20.4720733">
        <ele>134.5477021</ele>
        <time>2026-08-12T19:34:22Z</time>
      </trkpt>
      <trkpt lat="44.8068891" lon="20.4720733">
        <ele>134.5477021</ele>
        <time>2026-08-12T19:34:23Z</time>
      </trkpt>
      <trkpt lat="44.8068891" lon="20.4720733">
        <ele>134.5477021</ele>
        <time>2026-08-12T19:34:24Z</time>
      </trkpt>
      <trkpt lat="44.8068891" lon="20.4720733">
        <ele>134.5477021</ele>
        <time>2026-08-12T19:34:25Z</time>
      </trkpt>
      <trkpt lat="44.8068891" lon="20.4720733">
        <ele>134.5477021</ele>
        <time>2026-08-12T19:34:26Z</time>
      </trkpt>
      <trkpt lat="44.8068886" lon="20.4720694">
        <ele>134.3549297</ele>
        <time>2026-08-12T19:34:27Z</time>
      </trkpt>
      <trkpt lat="44.8068886" lon="20.4720694">
        <ele>134.3541530</ele>
        <time>2026-08-12T19:34:28Z</time>
      </trkpt>
      <trkpt lat="44.8068886" lon="20.4720694">
        <ele>134.3541530</ele>
        <time>2026-08-12T19:34:29Z</time>
      </trkpt>
      <trkpt lat="44.8068886" lon="20.4720694">
        <ele>134.3541530</ele>
        <time>2026-08-12T19:34:30Z</time>
      </trkpt>
      <trkpt lat="44.8068886" lon="20.4720694">
        <ele>134.3541530</ele>
        <time>2026-08-12T19:34:31Z</time>
      </trkpt>
      <trkpt lat="44.8068886" lon="20.4720694">
        <ele>134.3541530</ele>
        <time>2026-08-12T19:34:32Z</time>
      </trkpt>
      <trkpt lat="44.8068848" lon="20.4720715">
        <ele>134.0990501</ele>
        <time>2026-08-12T19:34:33Z</time>
      </trkpt>
      <trkpt lat="44.8068836" lon="20.4720734">
        <ele>134.1365553</ele>
        <time>2026-08-12T19:34:34Z</time>
      </trkpt>
      <trkpt lat="44.8068834" lon="20.4720737">
        <ele>134.1284644</ele>
        <time>2026-08-12T19:34:35Z</time>
      </trkpt>
      <trkpt lat="44.8068839" lon="20.4720737">
        <ele>134.2586555</ele>
        <time>2026-08-12T19:34:36Z</time>
      </trkpt>
      <trkpt lat="44.8068829" lon="20.4720705">
        <ele>134.2692474</ele>
        <time>2026-08-12T19:34:37Z</time>
      </trkpt>
      <trkpt lat="44.8068829" lon="20.4720707">
        <ele>134.2695248</ele>
        <time>2026-08-12T19:34:38Z</time>
      </trkpt>
      <trkpt lat="44.8068855" lon="20.4720660">
        <ele>134.5315873</ele>
        <time>2026-08-12T19:34:39Z</time>
      </trkpt>
      <trkpt lat="44.8068864" lon="20.4720685">
        <ele>134.5709429</ele>
        <time>2026-08-12T19:34:40Z</time>
      </trkpt>
      <trkpt lat="44.8068891" lon="20.4720659">
        <ele>134.7461401</ele>
        <time>2026-08-12T19:34:41Z</time>
      </trkpt>
      <trkpt lat="44.8068909" lon="20.4720656">
        <ele>134.7460616</ele>
        <time>2026-08-12T19:34:42Z</time>
      </trkpt>
      <trkpt lat="44.8068890" lon="20.4720654">
        <ele>134.6384361</ele>
        <time>2026-08-12T19:34:43Z</time>
      </trkpt>
      <trkpt lat="44.8068847" lon="20.4720537">
        <ele>134.8475749</ele>
        <time>2026-08-12T19:34:44Z</time>
      </trkpt>
      <trkpt lat="44.8068838" lon="20.4720539">
        <ele>134.8334789</ele>
        <time>2026-08-12T19:34:45Z</time>
      </trkpt>
      <trkpt lat="44.8068824" lon="20.4720505">
        <ele>134.8666265</ele>
        <time>2026-08-12T19:34:46Z</time>
      </trkpt>
      <trkpt lat="44.8068821" lon="20.4720484">
        <ele>134.9670222</ele>
        <time>2026-08-12T19:34:47Z</time>
      </trkpt>
      <trkpt lat="44.8068850" lon="20.4720467">
        <ele>134.7893463</ele>
        <time>2026-08-12T19:34:48Z</time>
      </trkpt>
      <trkpt lat="44.8068880" lon="20.4720488">
        <ele>134.5901117</ele>
        <time>2026-08-12T19:34:49Z</time>
      </trkpt>
      <trkpt lat="44.8068880" lon="20.4720522">
        <ele>134.6491887</ele>
        <time>2026-08-12T19:34:50Z</time>
      </trkpt>
      <trkpt lat="44.8068973" lon="20.4720528">
        <ele>134.8009737</ele>
        <time>2026-08-12T19:34:51Z</time>
      </trkpt>
      <trkpt lat="44.8068976" lon="20.4720590">
        <ele>134.7746268</ele>
        <time>2026-08-12T19:34:52Z</time>
      </trkpt>
      <trkpt lat="44.8068984" lon="20.4720648">
        <ele>134.6960028</ele>
        <time>2026-08-12T19:34:53Z</time>
      </trkpt>
      <trkpt lat="44.8068967" lon="20.4720571">
        <ele>134.5190373</ele>
        <time>2026-08-12T19:34:54Z</time>
      </trkpt>
      <trkpt lat="44.8068960" lon="20.4720578">
        <ele>134.4848774</ele>
        <time>2026-08-12T19:34:55Z</time>
      </trkpt>
      <trkpt lat="44.8068960" lon="20.4720578">
        <ele>134.4848774</ele>
        <time>2026-08-12T19:34:56Z</time>
      </trkpt>
      <trkpt lat="44.8069236" lon="20.4719946">
        <ele>134.3398900</ele>
        <time>2026-08-12T19:34:57Z</time>
      </trkpt>
      <trkpt lat="44.8069432" lon="20.4719649">
        <ele>134.4860958</ele>
        <time>2026-08-12T19:34:58Z</time>
      </trkpt>
      <trkpt lat="44.8069636" lon="20.4719239">
        <ele>134.6638082</ele>
        <time>2026-08-12T19:34:59Z</time>
      </trkpt>
      <trkpt lat="44.8069847" lon="20.4718728">
        <ele>135.1870803</ele>
        <time>2026-08-12T19:35:00Z</time>
      </trkpt>
      <trkpt lat="44.8070077" lon="20.4718211">
        <ele>135.2142492</ele>
        <time>2026-08-12T19:35:01Z</time>
      </trkpt>
      <trkpt lat="44.8070284" lon="20.4717585">
        <ele>134.7131597</ele>
        <time>2026-08-12T19:35:02Z</time>
      </trkpt>
      <trkpt lat="44.8070472" lon="20.4717114">
        <ele>134.6683767</ele>
        <time>2026-08-12T19:35:03Z</time>
      </trkpt>
      <trkpt lat="44.8070639" lon="20.4716647">
        <ele>135.1806335</ele>
        <time>2026-08-12T19:35:04Z</time>
      </trkpt>
      <trkpt lat="44.8070821" lon="20.4716230">
        <ele>135.3033091</ele>
        <time>2026-08-12T19:35:05Z</time>
      </trkpt>
      <trkpt lat="44.8070928" lon="20.4715909">
        <ele>135.5700711</ele>
        <time>2026-08-12T19:35:06Z</time>
      </trkpt>
      <trkpt lat="44.8071189" lon="20.4715423">
        <ele>134.9658656</ele>
        <time>2026-08-12T19:35:07Z</time>
      </trkpt>
      <trkpt lat="44.8071404" lon="20.4714807">
        <ele>134.8179796</ele>
        <time>2026-08-12T19:35:08Z</time>
      </trkpt>
      <trkpt lat="44.8071704" lon="20.4714151">
        <ele>135.1664285</ele>
        <time>2026-08-12T19:35:09Z</time>
      </trkpt>
      <trkpt lat="44.8072056" lon="20.4713654">
        <ele>135.7324113</ele>
        <time>2026-08-12T19:35:10Z</time>
      </trkpt>
      <trkpt lat="44.8072371" lon="20.4713185">
        <ele>135.9872284</ele>
        <time>2026-08-12T19:35:11Z</time>
      </trkpt>
      <trkpt lat="44.8072696" lon="20.4712524">
        <ele>135.9856595</ele>
        <time>2026-08-12T19:35:12Z</time>
      </trkpt>
      <trkpt lat="44.8073507" lon="20.4712455">
        <ele>135.9830262</ele>
        <time>2026-08-12T19:35:13Z</time>
      </trkpt>
      <trkpt lat="44.8073714" lon="20.4712108">
        <ele>136.3508037</ele>
        <time>2026-08-12T19:35:14Z</time>
      </trkpt>
      <trkpt lat="44.8073959" lon="20.4711696">
        <ele>136.2252814</ele>
        <time>2026-08-12T19:35:15Z</time>
      </trkpt>
      <trkpt lat="44.8074212" lon="20.4711273">
        <ele>136.1125584</ele>
        <time>2026-08-12T19:35:16Z</time>
      </trkpt>
      <trkpt lat="44.8074414" lon="20.4710935">
        <ele>135.7417615</ele>
        <time>2026-08-12T19:35:17Z</time>
      </trkpt>
      <trkpt lat="44.8074436" lon="20.4710897">
        <ele>135.9924414</ele>
        <time>2026-08-12T19:35:18Z</time>
      </trkpt>
      <trkpt lat="44.8074417" lon="20.4710930">
        <ele>135.8309699</ele>
        <time>2026-08-12T19:35:19Z</time>
      </trkpt>
      <trkpt lat="44.8074442" lon="20.4710887">
        <ele>135.3573719</ele>
        <time>2026-08-12T19:35:20Z</time>
      </trkpt>
      <trkpt lat="44.8074514" lon="20.4710767">
        <ele>134.9232990</ele>
        <time>2026-08-12T19:35:21Z</time>
      </trkpt>
      <trkpt lat="44.8074488" lon="20.4710809">
        <ele>135.2609546</ele>
        <time>2026-08-12T19:35:22Z</time>
      </trkpt>
      <trkpt lat="44.8074394" lon="20.4710968">
        <ele>135.4440754</ele>
        <time>2026-08-12T19:35:23Z</time>
      </trkpt>
      <trkpt lat="44.8074352" lon="20.4711038">
        <ele>135.3673485</ele>
        <time>2026-08-12T19:35:24Z</time>
      </trkpt>
      <trkpt lat="44.8074301" lon="20.4711123">
        <ele>135.3623987</ele>
        <time>2026-08-12T19:35:25Z</time>
      </trkpt>
      <trkpt lat="44.8074246" lon="20.4711216">
        <ele>135.6104655</ele>
        <time>2026-08-12T19:35:26Z</time>
      </trkpt>
      <trkpt lat="44.8074212" lon="20.4711274">
        <ele>135.6359348</ele>
        <time>2026-08-12T19:35:27Z</time>
      </trkpt>
      <trkpt lat="44.8074158" lon="20.4711363">
        <ele>135.3200575</ele>
        <time>2026-08-12T19:35:28Z</time>
      </trkpt>
      <trkpt lat="44.8074114" lon="20.4711437">
        <ele>135.7492514</ele>
        <time>2026-08-12T19:35:29Z</time>
      </trkpt>
      <trkpt lat="44.8074060" lon="20.4711528">
        <ele>135.5062041</ele>
        <time>2026-08-12T19:35:30Z</time>
      </trkpt>
      <trkpt lat="44.8073952" lon="20.4711710">
        <ele>135.7239599</ele>
        <time>2026-08-12T19:35:31Z</time>
      </trkpt>
      <trkpt lat="44.8073886" lon="20.4711820">
        <ele>135.5750953</ele>
        <time>2026-08-12T19:35:32Z</time>
      </trkpt>
      <trkpt lat="44.8073796" lon="20.4711971">
        <ele>135.4413593</ele>
        <time>2026-08-12T19:35:33Z</time>
      </trkpt>
      <trkpt lat="44.8073706" lon="20.4712121">
        <ele>135.9800050</ele>
        <time>2026-08-12T19:35:34Z</time>
      </trkpt>
      <trkpt lat="44.8073611" lon="20.4712281">
        <ele>135.8904038</ele>
        <time>2026-08-12T19:35:35Z</time>
      </trkpt>
      <trkpt lat="44.8073500" lon="20.4712466">
        <ele>135.8699213</ele>
        <time>2026-08-12T19:35:36Z</time>
      </trkpt>
      <trkpt lat="44.8073424" lon="20.4712594">
        <ele>135.6250548</ele>
        <time>2026-08-12T19:35:37Z</time>
      </trkpt>
      <trkpt lat="44.8073344" lon="20.4712728">
        <ele>135.5029099</ele>
        <time>2026-08-12T19:35:38Z</time>
      </trkpt>
      <trkpt lat="44.8073022" lon="20.4712616">
        <ele>135.5745870</ele>
        <time>2026-08-12T19:35:39Z</time>
      </trkpt>
      <trkpt lat="44.8072919" lon="20.4712636">
        <ele>135.3841722</ele>
        <time>2026-08-12T19:35:40Z</time>
      </trkpt>
      <trkpt lat="44.8072855" lon="20.4712672">
        <ele>135.3607079</ele>
        <time>2026-08-12T19:35:41Z</time>
      </trkpt>
      <trkpt lat="44.8072807" lon="20.4712872">
        <ele>135.3304183</ele>
        <time>2026-08-12T19:35:42Z</time>
      </trkpt>
      <trkpt lat="44.8072663" lon="20.4713041">
        <ele>135.3583910</ele>
        <time>2026-08-12T19:35:43Z</time>
      </trkpt>
      <trkpt lat="44.8072636" lon="20.4713211">
        <ele>135.5521017</ele>
        <time>2026-08-12T19:35:44Z</time>
      </trkpt>
      <trkpt lat="44.8072560" lon="20.4713346">
        <ele>135.5936355</ele>
        <time>2026-08-12T19:35:45Z</time>
      </trkpt>
      <trkpt lat="44.8072508" lon="20.4713454">
        <ele>135.5061631</ele>
        <time>2026-08-12T19:35:46Z</time>
      </trkpt>
      <trkpt lat="44.8072410" lon="20.4713570">
        <ele>135.6173427</ele>
        <time>2026-08-12T19:35:47Z</time>
      </trkpt>
      <trkpt lat="44.8072344" lon="20.4713722">
        <ele>135.5894717</ele>
        <time>2026-08-12T19:35:48Z</time>
      </trkpt>
      <trkpt lat="44.8072278" lon="20.4713863">
        <ele>135.5917160</ele>
        <time>2026-08-12T19:35:49Z</time>
      </trkpt>
      <trkpt lat="44.8072176" lon="20.4713990">
        <ele>135.4379636</ele>
        <time>2026-08-12T19:35:50Z</time>
      </trkpt>
      <trkpt lat="44.8072112" lon="20.4714100">
        <ele>135.4379919</ele>
        <time>2026-08-12T19:35:51Z</time>
      </trkpt>
      <trkpt lat="44.8072059" lon="20.4714203">
        <ele>135.4311709</ele>
        <time>2026-08-12T19:35:52Z</time>
      </trkpt>
      <trkpt lat="44.8071997" lon="20.4714316">
        <ele>135.4424584</ele>
        <time>2026-08-12T19:35:53Z</time>
      </trkpt>
      <trkpt lat="44.8071914" lon="20.4714427">
        <ele>135.4977732</ele>
        <time>2026-08-12T19:35:54Z</time>
      </trkpt>
      <trkpt lat="44.8071829" lon="20.4714552">
        <ele>135.5648152</ele>
        <time>2026-08-12T19:35:55Z</time>
      </trkpt>
      <trkpt lat="44.8071853" lon="20.4714710">
        <ele>135.8074501</ele>
        <time>2026-08-12T19:35:56Z</time>
      </trkpt>
      <trkpt lat="44.8071949" lon="20.4714919">
        <ele>135.6226191</ele>
        <time>2026-08-12T19:35:57Z</time>
      </trkpt>
      <trkpt lat="44.8072065" lon="20.4715123">
        <ele>135.6546773</ele>
        <time>2026-08-12T19:35:58Z</time>
      </trkpt>
      <trkpt lat="44.8072156" lon="20.4715245">
        <ele>135.4943890</ele>
        <time>2026-08-12T19:35:59Z</time>
      </trkpt>
      <trkpt lat="44.8072182" lon="20.4715360">
        <ele>135.5131730</ele>
        <time>2026-08-12T19:36:00Z</time>
      </trkpt>
      <trkpt lat="44.8072187" lon="20.4715479">
        <ele>135.3127095</ele>
        <time>2026-08-12T19:36:01Z</time>
      </trkpt>
      <trkpt lat="44.8072200" lon="20.4715616">
        <ele>135.3596459</ele>
        <time>2026-08-12T19:36:02Z</time>
      </trkpt>
      <trkpt lat="44.8072191" lon="20.4715712">
        <ele>135.2744614</ele>
        <time>2026-08-12T19:36:03Z</time>
      </trkpt>
      <trkpt lat="44.8072164" lon="20.4715789">
        <ele>135.2704269</ele>
        <time>2026-08-12T19:36:04Z</time>
      </trkpt>
      <trkpt lat="44.8072152" lon="20.4715789">
        <ele>135.1946299</ele>
        <time>2026-08-12T19:36:05Z</time>
      </trkpt>
      <trkpt lat="44.8072147" lon="20.4715753">
        <ele>135.0939004</ele>
        <time>2026-08-12T19:36:06Z</time>
      </trkpt>
      <trkpt lat="44.8072167" lon="20.4715781">
        <ele>135.0097355</ele>
        <time>2026-08-12T19:36:07Z</time>
      </trkpt>
      <trkpt lat="44.8072167" lon="20.4715778">
        <ele>135.0116112</ele>
        <time>2026-08-12T19:36:08Z</time>
      </trkpt>
      <trkpt lat="44.8072250" lon="20.4715795">
        <ele>134.9212663</ele>
        <time>2026-08-12T19:36:09Z</time>
      </trkpt>
      <trkpt lat="44.8072253" lon="20.4715889">
        <ele>134.6863796</ele>
        <time>2026-08-12T19:36:10Z</time>
      </trkpt>
      <trkpt lat="44.8072266" lon="20.4715836">
        <ele>134.6068054</ele>
        <time>2026-08-12T19:36:11Z</time>
      </trkpt>
      <trkpt lat="44.8072279" lon="20.4715860">
        <ele>134.7295407</ele>
        <time>2026-08-12T19:36:12Z</time>
      </trkpt>
      <trkpt lat="44.8072280" lon="20.4715857">
        <ele>134.7617358</ele>
        <time>2026-08-12T19:36:13Z</time>
      </trkpt>
      <trkpt lat="44.8072288" lon="20.4715861">
        <ele>134.7219144</ele>
        <time>2026-08-12T19:36:14Z</time>
      </trkpt>
      <trkpt lat="44.8072292" lon="20.4715881">
        <ele>134.7622320</ele>
        <time>2026-08-12T19:36:15Z</time>
      </trkpt>
      <trkpt lat="44.8072295" lon="20.4715880">
        <ele>134.8238508</ele>
        <time>2026-08-12T19:36:16Z</time>
      </trkpt>
      <trkpt lat="44.8072297" lon="20.4715888">
        <ele>134.9051999</ele>
        <time>2026-08-12T19:36:17Z</time>
      </trkpt>
      <trkpt lat="44.8072320" lon="20.4715928">
        <ele>134.9812008</ele>
        <time>2026-08-12T19:36:18Z</time>
      </trkpt>
      <trkpt lat="44.8072313" lon="20.4715947">
        <ele>134.6694054</ele>
        <time>2026-08-12T19:36:19Z</time>
      </trkpt>
      <trkpt lat="44.8072340" lon="20.4716026">
        <ele>133.9807107</ele>
        <time>2026-08-12T19:36:20Z</time>
      </trkpt>
      <trkpt lat="44.8072387" lon="20.4715873">
        <ele>133.5899784</ele>
        <time>2026-08-12T19:36:21Z</time>
      </trkpt>
      <trkpt lat="44.8072513" lon="20.4715898">
        <ele>133.8892789</ele>
        <time>2026-08-12T19:36:22Z</time>
      </trkpt>
      <trkpt lat="44.8072437" lon="20.4715940">
        <ele>134.0242494</ele>
        <time>2026-08-12T19:36:23Z</time>
      </trkpt>
      <trkpt lat="44.8072479" lon="20.4715972">
        <ele>133.9790697</ele>
        <time>2026-08-12T19:36:24Z</time>
      </trkpt>
      <trkpt lat="44.8072517" lon="20.4715908">
        <ele>134.2765891</ele>
        <time>2026-08-12T19:36:25Z</time>
      </trkpt>
      <trkpt lat="44.8072439" lon="20.4715919">
        <ele>134.4062132</ele>
        <time>2026-08-12T19:36:26Z</time>
      </trkpt>
      <trkpt lat="44.8072402" lon="20.4715920">
        <ele>134.4451979</ele>
        <time>2026-08-12T19:36:27Z</time>
      </trkpt>
      <trkpt lat="44.8072395" lon="20.4715921">
        <ele>134.4476997</ele>
        <time>2026-08-12T19:36:28Z</time>
      </trkpt>
      <trkpt lat="44.8072394" lon="20.4715913">
        <ele>134.5125455</ele>
        <time>2026-08-12T19:36:29Z</time>
      </trkpt>
      <trkpt lat="44.8072394" lon="20.4715913">
        <ele>134.5125455</ele>
        <time>2026-08-12T19:36:30Z</time>
      </trkpt>
      <trkpt lat="44.8072400" lon="20.4715901">
        <ele>134.5568747</ele>
        <time>2026-08-12T19:36:31Z</time>
      </trkpt>
      <trkpt lat="44.8072380" lon="20.4715945">
        <ele>134.6102669</ele>
        <time>2026-08-12T19:36:32Z</time>
      </trkpt>
      <trkpt lat="44.8072289" lon="20.4716037">
        <ele>134.7313801</ele>
        <time>2026-08-12T19:36:33Z</time>
      </trkpt>
      <trkpt lat="44.8072171" lon="20.4716101">
        <ele>134.8790620</ele>
        <time>2026-08-12T19:36:34Z</time>
      </trkpt>
      <trkpt lat="44.8072050" lon="20.4716252">
        <ele>134.8435667</ele>
        <time>2026-08-12T19:36:35Z</time>
      </trkpt>
      <trkpt lat="44.8072044" lon="20.4716389">
        <ele>134.8455300</ele>
        <time>2026-08-12T19:36:36Z</time>
      </trkpt>
      <trkpt lat="44.8071999" lon="20.4716562">
        <ele>134.7685608</ele>
        <time>2026-08-12T19:36:37Z</time>
      </trkpt>
      <trkpt lat="44.8071846" lon="20.4716608">
        <ele>134.9891020</ele>
        <time>2026-08-12T19:36:38Z</time>
      </trkpt>
      <trkpt lat="44.8071758" lon="20.4716623">
        <ele>134.7402609</ele>
        <time>2026-08-12T19:36:39Z</time>
      </trkpt>
      <trkpt lat="44.8071667" lon="20.4716742">
        <ele>134.6747266</ele>
        <time>2026-08-12T19:36:40Z</time>
      </trkpt>
      <trkpt lat="44.8071614" lon="20.4716873">
        <ele>134.5502110</ele>
        <time>2026-08-12T19:36:41Z</time>
      </trkpt>
      <trkpt lat="44.8071557" lon="20.4716992">
        <ele>134.7374792</ele>
        <time>2026-08-12T19:36:42Z</time>
      </trkpt>
      <trkpt lat="44.8071477" lon="20.4717127">
        <ele>134.7639000</ele>
        <time>2026-08-12T19:36:43Z</time>
      </trkpt>
      <trkpt lat="44.8071384" lon="20.4717275">
        <ele>134.6770604</ele>
        <time>2026-08-12T19:36:44Z</time>
      </trkpt>
      <trkpt lat="44.8071230" lon="20.4717353">
        <ele>134.5453030</ele>
        <time>2026-08-12T19:36:45Z</time>
      </trkpt>
      <trkpt lat="44.8071179" lon="20.4717519">
        <ele>134.6527177</ele>
        <time>2026-08-12T19:36:46Z</time>
      </trkpt>
      <trkpt lat="44.8071103" lon="20.4717673">
        <ele>134.6227053</ele>
        <time>2026-08-12T19:36:47Z</time>
      </trkpt>
      <trkpt lat="44.8071079" lon="20.4717814">
        <ele>134.8882033</ele>
        <time>2026-08-12T19:36:48Z</time>
      </trkpt>
      <trkpt lat="44.8071091" lon="20.4717985">
        <ele>134.9570247</ele>
        <time>2026-08-12T19:36:49Z</time>
      </trkpt>
      <trkpt lat="44.8071075" lon="20.4718115">
        <ele>135.1257171</ele>
        <time>2026-08-12T19:36:50Z</time>
      </trkpt>
      <trkpt lat="44.8071024" lon="20.4718170">
        <ele>134.7886862</ele>
        <time>2026-08-12T19:36:51Z</time>
      </trkpt>
      <trkpt lat="44.8071020" lon="20.4718234">
        <ele>134.6785049</ele>
        <time>2026-08-12T19:36:52Z</time>
      </trkpt>
      <trkpt lat="44.8070881" lon="20.4718273">
        <ele>134.8395089</ele>
        <time>2026-08-12T19:36:53Z</time>
      </trkpt>
      <trkpt lat="44.8070784" lon="20.4718394">
        <ele>134.7646697</ele>
        <time>2026-08-12T19:36:54Z</time>
      </trkpt>
      <trkpt lat="44.8070766" lon="20.4718507">
        <ele>134.8024124</ele>
        <time>2026-08-12T19:36:55Z</time>
      </trkpt>
      <trkpt lat="44.8070734" lon="20.4718550">
        <ele>134.8523420</ele>
        <time>2026-08-12T19:36:56Z</time>
      </trkpt>
      <trkpt lat="44.8070617" lon="20.4718607">
        <ele>134.8008434</ele>
        <time>2026-08-12T19:36:57Z</time>
      </trkpt>
      <trkpt lat="44.8070625" lon="20.4718673">
        <ele>134.6276126</ele>
        <time>2026-08-12T19:36:58Z</time>
      </trkpt>
      <trkpt lat="44.8070664" lon="20.4718776">
        <ele>134.6332153</ele>
        <time>2026-08-12T19:36:59Z</time>
      </trkpt>
      <trkpt lat="44.8070614" lon="20.4718884">
        <ele>134.6498887</ele>
        <time>2026-08-12T19:37:00Z</time>
      </trkpt>
      <trkpt lat="44.8070467" lon="20.4718988">
        <ele>134.6803762</ele>
        <time>2026-08-12T19:37:01Z</time>
      </trkpt>
      <trkpt lat="44.8070392" lon="20.4719121">
        <ele>134.7053222</ele>
        <time>2026-08-12T19:37:02Z</time>
      </trkpt>
      <trkpt lat="44.8070350" lon="20.4719176">
        <ele>134.8780402</ele>
        <time>2026-08-12T19:37:03Z</time>
      </trkpt>
      <trkpt lat="44.8070424" lon="20.4719314">
        <ele>134.6582572</ele>
        <time>2026-08-12T19:37:04Z</time>
      </trkpt>
      <trkpt lat="44.8070377" lon="20.4719389">
        <ele>134.6632525</ele>
        <time>2026-08-12T19:37:05Z</time>
      </trkpt>
      <trkpt lat="44.8070345" lon="20.4719394">
        <ele>134.8772746</ele>
        <time>2026-08-12T19:37:06Z</time>
      </trkpt>
      <trkpt lat="44.8070409" lon="20.4719443">
        <ele>134.5718032</ele>
        <time>2026-08-12T19:37:07Z</time>
      </trkpt>
      <trkpt lat="44.8070390" lon="20.4719528">
        <ele>134.4781337</ele>
        <time>2026-08-12T19:37:08Z</time>
      </trkpt>
      <trkpt lat="44.8070404" lon="20.4719628">
        <ele>134.8353708</ele>
        <time>2026-08-12T19:37:09Z</time>
      </trkpt>
      <trkpt lat="44.8070454" lon="20.4719810">
        <ele>134.8889547</ele>
        <time>2026-08-12T19:37:10Z</time>
      </trkpt>
      <trkpt lat="44.8070393" lon="20.4720079">
        <ele>134.7470680</ele>
        <time>2026-08-12T19:37:11Z</time>
      </trkpt>
      <trkpt lat="44.8070384" lon="20.4720231">
        <ele>134.5839198</ele>
        <time>2026-08-12T19:37:12Z</time>
      </trkpt>
      <trkpt lat="44.8070368" lon="20.4720351">
        <ele>134.3472748</ele>
        <time>2026-08-12T19:37:13Z</time>
      </trkpt>
      <trkpt lat="44.8070265" lon="20.4720422">
        <ele>134.6462716</ele>
        <time>2026-08-12T19:37:14Z</time>
      </trkpt>
      <trkpt lat="44.8070210" lon="20.4720495">
        <ele>134.7315061</ele>
        <time>2026-08-12T19:37:15Z</time>
      </trkpt>
      <trkpt lat="44.8070080" lon="20.4720605">
        <ele>134.6776205</ele>
        <time>2026-08-12T19:37:16Z</time>
      </trkpt>
      <trkpt lat="44.8070019" lon="20.4720805">
        <ele>134.6054124</ele>
        <time>2026-08-12T19:37:17Z</time>
      </trkpt>
      <trkpt lat="44.8070019" lon="20.4720965">
        <ele>134.5548715</ele>
        <time>2026-08-12T19:37:18Z</time>
      </trkpt>
      <trkpt lat="44.8070054" lon="20.4721146">
        <ele>134.5839517</ele>
        <time>2026-08-12T19:37:19Z</time>
      </trkpt>
      <trkpt lat="44.8070035" lon="20.4721366">
        <ele>134.5597216</ele>
        <time>2026-08-12T19:37:20Z</time>
      </trkpt>
      <trkpt lat="44.8069972" lon="20.4721462">
        <ele>134.1369784</ele>
        <time>2026-08-12T19:37:21Z</time>
      </trkpt>
      <trkpt lat="44.8069775" lon="20.4721504">
        <ele>134.3361469</ele>
        <time>2026-08-12T19:37:22Z</time>
      </trkpt>
      <trkpt lat="44.8069646" lon="20.4721621">
        <ele>134.2367079</ele>
        <time>2026-08-12T19:37:23Z</time>
      </trkpt>
      <trkpt lat="44.8069608" lon="20.4721802">
        <ele>134.3716387</ele>
        <time>2026-08-12T19:37:24Z</time>
      </trkpt>
      <trkpt lat="44.8069634" lon="20.4722045">
        <ele>134.3354635</ele>
        <time>2026-08-12T19:37:25Z</time>
      </trkpt>
      <trkpt lat="44.8069557" lon="20.4722200">
        <ele>134.1830159</ele>
        <time>2026-08-12T19:37:26Z</time>
      </trkpt>
      <trkpt lat="44.8069440" lon="20.4722275">
        <ele>134.0995580</ele>
        <time>2026-08-12T19:37:27Z</time>
      </trkpt>
      <trkpt lat="44.8069440" lon="20.4722429">
        <ele>133.8213954</ele>
        <time>2026-08-12T19:37:28Z</time>
      </trkpt>
      <trkpt lat="44.8069354" lon="20.4722656">
        <ele>133.9496062</ele>
        <time>2026-08-12T19:37:29Z</time>
      </trkpt>
      <trkpt lat="44.8069342" lon="20.4722892">
        <ele>134.0400031</ele>
        <time>2026-08-12T19:37:30Z</time>
      </trkpt>
      <trkpt lat="44.8069297" lon="20.4723088">
        <ele>133.9598700</ele>
        <time>2026-08-12T19:37:31Z</time>
      </trkpt>
      <trkpt lat="44.8069208" lon="20.4723217">
        <ele>133.7421160</ele>
        <time>2026-08-12T19:37:32Z</time>
      </trkpt>
      <trkpt lat="44.8069076" lon="20.4723284">
        <ele>133.6203197</ele>
        <time>2026-08-12T19:37:33Z</time>
      </trkpt>
      <trkpt lat="44.8068976" lon="20.4723349">
        <ele>133.6585429</ele>
        <time>2026-08-12T19:37:34Z</time>
      </trkpt>
      <trkpt lat="44.8068908" lon="20.4723301">
        <ele>133.6784253</ele>
        <time>2026-08-12T19:37:35Z</time>
      </trkpt>
      <trkpt lat="44.8068822" lon="20.4723295">
        <ele>133.6575963</ele>
        <time>2026-08-12T19:37:36Z</time>
      </trkpt>
      <trkpt lat="44.8068786" lon="20.4723296">
        <ele>133.6132728</ele>
        <time>2026-08-12T19:37:37Z</time>
      </trkpt>
      <trkpt lat="44.8068622" lon="20.4723276">
        <ele>133.3485261</ele>
        <time>2026-08-12T19:37:38Z</time>
      </trkpt>
      <trkpt lat="44.8068432" lon="20.4723326">
        <ele>133.2927950</ele>
        <time>2026-08-12T19:37:39Z</time>
      </trkpt>
      <trkpt lat="44.8068282" lon="20.4723394">
        <ele>133.9823374</ele>
        <time>2026-08-12T19:37:40Z</time>
      </trkpt>
      <trkpt lat="44.8068248" lon="20.4723443">
        <ele>133.8724750</ele>
        <time>2026-08-12T19:37:41Z</time>
      </trkpt>
      <trkpt lat="44.8068109" lon="20.4723446">
        <ele>133.8335126</ele>
        <time>2026-08-12T19:37:42Z</time>
      </trkpt>
      <trkpt lat="44.8068089" lon="20.4723385">
        <ele>134.2321911</ele>
        <time>2026-08-12T19:37:43Z</time>
      </trkpt>
      <trkpt lat="44.8067928" lon="20.4723386">
        <ele>134.0018481</ele>
        <time>2026-08-12T19:37:44Z</time>
      </trkpt>
      <trkpt lat="44.8067772" lon="20.4723440">
        <ele>134.1488203</ele>
        <time>2026-08-12T19:37:45Z</time>
      </trkpt>
      <trkpt lat="44.8067588" lon="20.4723511">
        <ele>134.1430110</ele>
        <time>2026-08-12T19:37:46Z</time>
      </trkpt>
      <trkpt lat="44.8067437" lon="20.4723504">
        <ele>134.1073719</ele>
        <time>2026-08-12T19:37:47Z</time>
      </trkpt>
      <trkpt lat="44.8067294" lon="20.4723635">
        <ele>134.2346335</ele>
        <time>2026-08-12T19:37:48Z</time>
      </trkpt>
      <trkpt lat="44.8067214" lon="20.4723649">
        <ele>134.1095063</ele>
        <time>2026-08-12T19:37:49Z</time>
      </trkpt>
      <trkpt lat="44.8067119" lon="20.4723814">
        <ele>134.2051566</ele>
        <time>2026-08-12T19:37:50Z</time>
      </trkpt>
      <trkpt lat="44.8067084" lon="20.4723951">
        <ele>134.1430503</ele>
        <time>2026-08-12T19:37:51Z</time>
      </trkpt>
      <trkpt lat="44.8067038" lon="20.4723932">
        <ele>133.8082090</ele>
        <time>2026-08-12T19:37:52Z</time>
      </trkpt>
      <trkpt lat="44.8066993" lon="20.4723914">
        <ele>133.6975828</ele>
        <time>2026-08-12T19:37:52Z</time>
      </trkpt>
      <trkpt lat="44.8066910" lon="20.4723999">
        <ele>134.0906598</ele>
        <time>2026-08-12T19:37:53Z</time>
      </trkpt>
      <trkpt lat="44.8066815" lon="20.4724132">
        <ele>133.9436900</ele>
        <time>2026-08-12T19:37:54Z</time>
      </trkpt>
      <trkpt lat="44.8066654" lon="20.4724367">
        <ele>133.6188139</ele>
        <time>2026-08-12T19:37:55Z</time>
      </trkpt>
      <trkpt lat="44.8066565" lon="20.4724500">
        <ele>133.2222595</ele>
        <time>2026-08-12T19:37:56Z</time>
      </trkpt>
      <trkpt lat="44.8066423" lon="20.4724683">
        <ele>133.3467068</ele>
        <time>2026-08-12T19:37:57Z</time>
      </trkpt>
      <trkpt lat="44.8066392" lon="20.4724758">
        <ele>133.4618097</ele>
        <time>2026-08-12T19:37:58Z</time>
      </trkpt>
      <trkpt lat="44.8066311" lon="20.4724925">
        <ele>133.3721136</ele>
        <time>2026-08-12T19:37:59Z</time>
      </trkpt>
      <trkpt lat="44.8066183" lon="20.4725119">
        <ele>133.2421199</ele>
        <time>2026-08-12T19:38:00Z</time>
      </trkpt>
      <trkpt lat="44.8066080" lon="20.4725197">
        <ele>133.2585780</ele>
        <time>2026-08-12T19:38:01Z</time>
      </trkpt>
      <trkpt lat="44.8066038" lon="20.4725280">
        <ele>133.0714560</ele>
        <time>2026-08-12T19:38:02Z</time>
      </trkpt>
      <trkpt lat="44.8066049" lon="20.4725344">
        <ele>133.5847654</ele>
        <time>2026-08-12T19:38:03Z</time>
      </trkpt>
      <trkpt lat="44.8065900" lon="20.4725407">
        <ele>133.0200627</ele>
        <time>2026-08-12T19:38:04Z</time>
      </trkpt>
      <trkpt lat="44.8065738" lon="20.4725534">
        <ele>133.4191807</ele>
        <time>2026-08-12T19:38:05Z</time>
      </trkpt>
      <trkpt lat="44.8065649" lon="20.4725694">
        <ele>134.0140825</ele>
        <time>2026-08-12T19:38:06Z</time>
      </trkpt>
      <trkpt lat="44.8065591" lon="20.4725889">
        <ele>133.6463501</ele>
        <time>2026-08-12T19:38:07Z</time>
      </trkpt>
      <trkpt lat="44.8065498" lon="20.4725991">
        <ele>133.5587557</ele>
        <time>2026-08-12T19:38:08Z</time>
      </trkpt>
      <trkpt lat="44.8065492" lon="20.4726086">
        <ele>133.4767822</ele>
        <time>2026-08-12T19:38:09Z</time>
      </trkpt>
      <trkpt lat="44.8065440" lon="20.4726242">
        <ele>133.4502984</ele>
        <time>2026-08-12T19:38:10Z</time>
      </trkpt>
      <trkpt lat="44.8065397" lon="20.4726450">
        <ele>133.5798683</ele>
        <time>2026-08-12T19:38:12Z</time>
      </trkpt>
      <trkpt lat="44.8065341" lon="20.4726676">
        <ele>133.6002646</ele>
        <time>2026-08-12T19:38:13Z</time>
      </trkpt>
      <trkpt lat="44.8065343" lon="20.4726872">
        <ele>134.0885872</ele>
        <time>2026-08-12T19:38:14Z</time>
      </trkpt>
      <trkpt lat="44.8065324" lon="20.4726950">
        <ele>133.2555859</ele>
        <time>2026-08-12T19:38:15Z</time>
      </trkpt>
      <trkpt lat="44.8065238" lon="20.4727156">
        <ele>133.6927376</ele>
        <time>2026-08-12T19:38:16Z</time>
      </trkpt>
      <trkpt lat="44.8065172" lon="20.4727301">
        <ele>133.6175401</ele>
        <time>2026-08-12T19:38:17Z</time>
      </trkpt>
      <trkpt lat="44.8065084" lon="20.4727485">
        <ele>133.4138665</ele>
        <time>2026-08-12T19:38:18Z</time>
      </trkpt>
      <trkpt lat="44.8065014" lon="20.4727593">
        <ele>133.6154252</ele>
        <time>2026-08-12T19:38:19Z</time>
      </trkpt>
      <trkpt lat="44.8064978" lon="20.4727723">
        <ele>133.4783845</ele>
        <time>2026-08-12T19:38:20Z</time>
      </trkpt>
      <trkpt lat="44.8064932" lon="20.4727859">
        <ele>133.4086098</ele>
        <time>2026-08-12T19:38:21Z</time>
      </trkpt>
      <trkpt lat="44.8064891" lon="20.4727893">
        <ele>133.5542927</ele>
        <time>2026-08-12T19:38:22Z</time>
      </trkpt>
      <trkpt lat="44.8064791" lon="20.4728025">
        <ele>133.7598588</ele>
        <time>2026-08-12T19:38:23Z</time>
      </trkpt>
      <trkpt lat="44.8064578" lon="20.4728284">
        <ele>133.7386549</ele>
        <time>2026-08-12T19:38:24Z</time>
      </trkpt>
      <trkpt lat="44.8064539" lon="20.4728621">
        <ele>133.7094334</ele>
        <time>2026-08-12T19:38:25Z</time>
      </trkpt>
      <trkpt lat="44.8064515" lon="20.4728767">
        <ele>133.0897300</ele>
        <time>2026-08-12T19:38:26Z</time>
      </trkpt>
      <trkpt lat="44.8064566" lon="20.4728992">
        <ele>133.4175426</ele>
        <time>2026-08-12T19:38:27Z</time>
      </trkpt>
      <trkpt lat="44.8064547" lon="20.4729237">
        <ele>133.5907066</ele>
        <time>2026-08-12T19:38:28Z</time>
      </trkpt>
      <trkpt lat="44.8064541" lon="20.4729431">
        <ele>133.6993194</ele>
        <time>2026-08-12T19:38:29Z</time>
      </trkpt>
      <trkpt lat="44.8064538" lon="20.4729457">
        <ele>133.5029986</ele>
        <time>2026-08-12T19:38:30Z</time>
      </trkpt>
      <trkpt lat="44.8064470" lon="20.4729452">
        <ele>133.4489977</ele>
        <time>2026-08-12T19:38:31Z</time>
      </trkpt>
      <trkpt lat="44.8064413" lon="20.4729633">
        <ele>133.8963624</ele>
        <time>2026-08-12T19:38:32Z</time>
      </trkpt>
      <trkpt lat="44.8064303" lon="20.4729818">
        <ele>134.1675360</ele>
        <time>2026-08-12T19:38:33Z</time>
      </trkpt>
      <trkpt lat="44.8064183" lon="20.4729930">
        <ele>133.9569101</ele>
        <time>2026-08-12T19:38:34Z</time>
      </trkpt>
      <trkpt lat="44.8064149" lon="20.4729965">
        <ele>133.7339782</ele>
        <time>2026-08-12T19:38:35Z</time>
      </trkpt>
      <trkpt lat="44.8064127" lon="20.4730071">
        <ele>133.6169434</ele>
        <time>2026-08-12T19:38:36Z</time>
      </trkpt>
      <trkpt lat="44.8064058" lon="20.4730103">
        <ele>133.4369955</ele>
        <time>2026-08-12T19:38:37Z</time>
      </trkpt>
      <trkpt lat="44.8064035" lon="20.4730058">
        <ele>133.4485070</ele>
        <time>2026-08-12T19:38:38Z</time>
      </trkpt>
      <trkpt lat="44.8064073" lon="20.4730029">
        <ele>133.5330359</ele>
        <time>2026-08-12T19:38:39Z</time>
      </trkpt>
      <trkpt lat="44.8064128" lon="20.4730005">
        <ele>133.5353729</ele>
        <time>2026-08-12T19:38:40Z</time>
      </trkpt>
      <trkpt lat="44.8064147" lon="20.4730021">
        <ele>133.5038061</ele>
        <time>2026-08-12T19:38:41Z</time>
      </trkpt>
      <trkpt lat="44.8064053" lon="20.4729997">
        <ele>133.5296567</ele>
        <time>2026-08-12T19:38:42Z</time>
      </trkpt>
      <trkpt lat="44.8064082" lon="20.4729995">
        <ele>133.3989289</ele>
        <time>2026-08-12T19:38:43Z</time>
      </trkpt>
      <trkpt lat="44.8064085" lon="20.4729986">
        <ele>133.3905656</ele>
        <time>2026-08-12T19:38:44Z</time>
      </trkpt>
      <trkpt lat="44.8064029" lon="20.4729983">
        <ele>133.3492667</ele>
        <time>2026-08-12T19:38:45Z</time>
      </trkpt>
      <trkpt lat="44.8064029" lon="20.4730003">
        <ele>133.4675478</ele>
        <time>2026-08-12T19:38:46Z</time>
      </trkpt>
      <trkpt lat="44.8064027" lon="20.4729996">
        <ele>133.4122109</ele>
        <time>2026-08-12T19:38:47Z</time>
      </trkpt>
      <trkpt lat="44.8064028" lon="20.4729993">
        <ele>133.4058220</ele>
        <time>2026-08-12T19:38:48Z</time>
      </trkpt>
      <trkpt lat="44.8064113" lon="20.4730076">
        <ele>133.5146616</ele>
        <time>2026-08-12T19:38:49Z</time>
      </trkpt>
      <trkpt lat="44.8064160" lon="20.4730122">
        <ele>133.5547030</ele>
        <time>2026-08-12T19:38:50Z</time>
      </trkpt>
      <trkpt lat="44.8064224" lon="20.4730172">
        <ele>133.6275857</ele>
        <time>2026-08-12T19:38:51Z</time>
      </trkpt>
      <trkpt lat="44.8064211" lon="20.4730167">
        <ele>133.6424516</ele>
        <time>2026-08-12T19:38:52Z</time>
      </trkpt>
      <trkpt lat="44.8064198" lon="20.4730137">
        <ele>133.5514032</ele>
        <time>2026-08-12T19:38:53Z</time>
      </trkpt>
      <trkpt lat="44.8064167" lon="20.4730114">
        <ele>133.5839424</ele>
        <time>2026-08-12T19:38:54Z</time>
      </trkpt>
      <trkpt lat="44.8064173" lon="20.4730107">
        <ele>133.6080618</ele>
        <time>2026-08-12T19:38:55Z</time>
      </trkpt>
      <trkpt lat="44.8064196" lon="20.4730129">
        <ele>133.4806824</ele>
        <time>2026-08-12T19:38:56Z</time>
      </trkpt>
      <trkpt lat="44.8064239" lon="20.4730164">
        <ele>133.4215797</ele>
        <time>2026-08-12T19:38:57Z</time>
      </trkpt>
      <trkpt lat="44.8064271" lon="20.4730168">
        <ele>133.4276196</ele>
        <time>2026-08-12T19:38:58Z</time>
      </trkpt>
      <trkpt lat="44.8064271" lon="20.4730163">
        <ele>133.4407339</ele>
        <time>2026-08-12T19:38:59Z</time>
      </trkpt>
      <trkpt lat="44.8064283" lon="20.4730162">
        <ele>133.3469051</ele>
        <time>2026-08-12T19:39:00Z</time>
      </trkpt>
      <trkpt lat="44.8064297" lon="20.4730162">
        <ele>133.3264015</ele>
        <time>2026-08-12T19:39:01Z</time>
      </trkpt>
      <trkpt lat="44.8064314" lon="20.4730166">
        <ele>133.4714151</ele>
        <time>2026-08-12T19:39:02Z</time>
      </trkpt>
      <trkpt lat="44.8064313" lon="20.4730163">
        <ele>133.3963047</ele>
        <time>2026-08-12T19:39:03Z</time>
      </trkpt>
      <trkpt lat="44.8064314" lon="20.4730160">
        <ele>133.3955909</ele>
        <time>2026-08-12T19:39:04Z</time>
      </trkpt>
      <trkpt lat="44.8064278" lon="20.4730144">
        <ele>133.3424119</ele>
        <time>2026-08-12T19:39:05Z</time>
      </trkpt>
      <trkpt lat="44.8064282" lon="20.4730141">
        <ele>133.3629149</ele>
        <time>2026-08-12T19:39:06Z</time>
      </trkpt>
      <trkpt lat="44.8064282" lon="20.4730141">
        <ele>133.3629149</ele>
        <time>2026-08-12T19:39:07Z</time>
      </trkpt>
      <trkpt lat="44.8064282" lon="20.4730141">
        <ele>133.3629149</ele>
        <time>2026-08-12T19:39:08Z</time>
      </trkpt>
      <trkpt lat="44.8064282" lon="20.4730141">
        <ele>133.3629149</ele>
        <time>2026-08-12T19:39:09Z</time>
      </trkpt>
      <trkpt lat="44.8064282" lon="20.4730141">
        <ele>133.3629149</ele>
        <time>2026-08-12T19:39:10Z</time>
      </trkpt>
      <trkpt lat="44.8064282" lon="20.4730141">
        <ele>133.3629149</ele>
        <time>2026-08-12T19:39:11Z</time>
      </trkpt>
      <trkpt lat="44.8064282" lon="20.4730141">
        <ele>133.3629149</ele>
        <time>2026-08-12T19:39:12Z</time>
      </trkpt>
      <trkpt lat="44.8064282" lon="20.4730141">
        <ele>133.3629149</ele>
        <time>2026-08-12T19:39:13Z</time>
      </trkpt>
      <trkpt lat="44.8064282" lon="20.4730141">
        <ele>133.3629149</ele>
        <time>2026-08-12T19:39:14Z</time>
      </trkpt>
      <trkpt lat="44.8064215" lon="20.4730077">
        <ele>133.3643286</ele>
        <time>2026-08-12T19:39:15Z</time>
      </trkpt>
      <trkpt lat="44.8064257" lon="20.4730083">
        <ele>133.2634893</ele>
        <time>2026-08-12T19:39:16Z</time>
      </trkpt>
      <trkpt lat="44.8064262" lon="20.4730116">
        <ele>133.0756596</ele>
        <time>2026-08-12T19:39:17Z</time>
      </trkpt>
      <trkpt lat="44.8064258" lon="20.4730137">
        <ele>133.0030424</ele>
        <time>2026-08-12T19:39:18Z</time>
      </trkpt>
      <trkpt lat="44.8064234" lon="20.4730127">
        <ele>133.0058538</ele>
        <time>2026-08-12T19:39:19Z</time>
      </trkpt>
      <trkpt lat="44.8064216" lon="20.4730111">
        <ele>133.0755551</ele>
        <time>2026-08-12T19:39:20Z</time>
      </trkpt>
      <trkpt lat="44.8064210" lon="20.4730113">
        <ele>133.1983189</ele>
        <time>2026-08-12T19:39:21Z</time>
      </trkpt>
      <trkpt lat="44.8064213" lon="20.4730102">
        <ele>133.2928136</ele>
        <time>2026-08-12T19:39:22Z</time>
      </trkpt>
      <trkpt lat="44.8064230" lon="20.4730114">
        <ele>133.1985861</ele>
        <time>2026-08-12T19:39:23Z</time>
      </trkpt>
      <trkpt lat="44.8064198" lon="20.4730121">
        <ele>133.1974893</ele>
        <time>2026-08-12T19:39:24Z</time>
      </trkpt>
      <trkpt lat="44.8064175" lon="20.4730102">
        <ele>133.5552919</ele>
        <time>2026-08-12T19:39:25Z</time>
      </trkpt>
      <trkpt lat="44.8064178" lon="20.4730087">
        <ele>133.6682361</ele>
        <time>2026-08-12T19:39:26Z</time>
      </trkpt>
      <trkpt lat="44.8064166" lon="20.4730123">
        <ele>133.0263411</ele>
        <time>2026-08-12T19:39:27Z</time>
      </trkpt>
      <trkpt lat="44.8064168" lon="20.4730120">
        <ele>133.0103922</ele>
        <time>2026-08-12T19:39:28Z</time>
      </trkpt>
      <trkpt lat="44.8064168" lon="20.4730120">
        <ele>133.0103922</ele>
        <time>2026-08-12T19:39:29Z</time>
      </trkpt>
      <trkpt lat="44.8064162" lon="20.4730145">
        <ele>133.0597412</ele>
        <time>2026-08-12T19:39:30Z</time>
      </trkpt>
      <trkpt lat="44.8064163" lon="20.4730144">
        <ele>133.0590386</ele>
        <time>2026-08-12T19:39:31Z</time>
      </trkpt>
      <trkpt lat="44.8064163" lon="20.4730144">
        <ele>133.0590386</ele>
        <time>2026-08-12T19:39:32Z</time>
      </trkpt>
      <trkpt lat="44.8064163" lon="20.4730144">
        <ele>133.0590386</ele>
        <time>2026-08-12T19:39:33Z</time>
      </trkpt>
      <trkpt lat="44.8064170" lon="20.4730165">
        <ele>133.2413392</ele>
        <time>2026-08-12T19:39:34Z</time>
      </trkpt>
      <trkpt lat="44.8064167" lon="20.4730167">
        <ele>133.1892225</ele>
        <time>2026-08-12T19:39:35Z</time>
      </trkpt>
      <trkpt lat="44.8064167" lon="20.4730167">
        <ele>133.1892225</ele>
        <time>2026-08-12T19:39:36Z</time>
      </trkpt>
      <trkpt lat="44.8064140" lon="20.4730164">
        <ele>133.2120252</ele>
        <time>2026-08-12T19:39:37Z</time>
      </trkpt>
      <trkpt lat="44.8064133" lon="20.4730167">
        <ele>133.1068535</ele>
        <time>2026-08-12T19:39:38Z</time>
      </trkpt>
      <trkpt lat="44.8064133" lon="20.4730167">
        <ele>133.1068535</ele>
        <time>2026-08-12T19:39:39Z</time>
      </trkpt>
      <trkpt lat="44.8064133" lon="20.4730167">
        <ele>133.1068535</ele>
        <time>2026-08-12T19:39:40Z</time>
      </trkpt>
      <trkpt lat="44.8064133" lon="20.4730167">
        <ele>133.1068535</ele>
        <time>2026-08-12T19:39:41Z</time>
      </trkpt>
      <trkpt lat="44.8064109" lon="20.4730140">
        <ele>133.2718872</ele>
        <time>2026-08-12T19:39:42Z</time>
      </trkpt>
      <trkpt lat="44.8064104" lon="20.4730118">
        <ele>133.2890152</ele>
        <time>2026-08-12T19:39:43Z</time>
      </trkpt>
      <trkpt lat="44.8064098" lon="20.4730108">
        <ele>133.2744553</ele>
        <time>2026-08-12T19:39:44Z</time>
      </trkpt>
      <trkpt lat="44.8064094" lon="20.4730094">
        <ele>133.2076495</ele>
        <time>2026-08-12T19:39:45Z</time>
      </trkpt>
      <trkpt lat="44.8064085" lon="20.4730093">
        <ele>133.3268926</ele>
        <time>2026-08-12T19:39:46Z</time>
      </trkpt>
      <trkpt lat="44.8064087" lon="20.4730113">
        <ele>133.3469471</ele>
        <time>2026-08-12T19:39:47Z</time>
      </trkpt>
      <trkpt lat="44.8064081" lon="20.4730113">
        <ele>133.4522720</ele>
        <time>2026-08-12T19:39:48Z</time>
      </trkpt>
      <trkpt lat="44.8064090" lon="20.4730128">
        <ele>133.5109527</ele>
        <time>2026-08-12T19:39:49Z</time>
      </trkpt>
      <trkpt lat="44.8064105" lon="20.4730155">
        <ele>133.5604975</ele>
        <time>2026-08-12T19:39:50Z</time>
      </trkpt>
      <trkpt lat="44.8064115" lon="20.4730174">
        <ele>133.4863572</ele>
        <time>2026-08-12T19:39:51Z</time>
      </trkpt>
      <trkpt lat="44.8064131" lon="20.4730170">
        <ele>133.4417902</ele>
        <time>2026-08-12T19:39:52Z</time>
      </trkpt>
      <trkpt lat="44.8064126" lon="20.4730179">
        <ele>133.4920017</ele>
        <time>2026-08-12T19:39:53Z</time>
      </trkpt>
      <trkpt lat="44.8064119" lon="20.4730166">
        <ele>133.4479528</ele>
        <time>2026-08-12T19:39:54Z</time>
      </trkpt>
      <trkpt lat="44.8064132" lon="20.4730165">
        <ele>133.3731072</ele>
        <time>2026-08-12T19:39:55Z</time>
      </trkpt>
      <trkpt lat="44.8064126" lon="20.4730187">
        <ele>133.1359410</ele>
        <time>2026-08-12T19:39:56Z</time>
      </trkpt>
      <trkpt lat="44.8064119" lon="20.4730215">
        <ele>133.3832662</ele>
        <time>2026-08-12T19:39:57Z</time>
      </trkpt>
      <trkpt lat="44.8064190" lon="20.4730176">
        <ele>133.2785545</ele>
        <time>2026-08-12T19:39:58Z</time>
      </trkpt>
      <trkpt lat="44.8064196" lon="20.4730174">
        <ele>133.1054326</ele>
        <time>2026-08-12T19:39:58Z</time>
      </trkpt>
      <trkpt lat="44.8064189" lon="20.4730177">
        <ele>133.1995779</ele>
        <time>2026-08-12T19:40:00Z</time>
      </trkpt>
      <trkpt lat="44.8064189" lon="20.4730177">
        <ele>133.1995779</ele>
        <time>2026-08-12T19:40:01Z</time>
      </trkpt>
      <trkpt lat="44.8064189" lon="20.4730177">
        <ele>133.1995779</ele>
        <time>2026-08-12T19:40:02Z</time>
      </trkpt>
      <trkpt lat="44.8064223" lon="20.4730204">
        <ele>133.0539160</ele>
        <time>2026-08-12T19:40:03Z</time>
      </trkpt>
      <trkpt lat="44.8064225" lon="20.4730201">
        <ele>133.0544236</ele>
        <time>2026-08-12T19:40:04Z</time>
      </trkpt>
      <trkpt lat="44.8064225" lon="20.4730201">
        <ele>133.0544236</ele>
        <time>2026-08-12T19:40:05Z</time>
      </trkpt>
      <trkpt lat="44.8064240" lon="20.4730208">
        <ele>133.0027305</ele>
        <time>2026-08-12T19:40:06Z</time>
      </trkpt>
      <trkpt lat="44.8064233" lon="20.4730213">
        <ele>133.1423781</ele>
        <time>2026-08-12T19:40:07Z</time>
      </trkpt>
      <trkpt lat="44.8064245" lon="20.4730200">
        <ele>133.1274871</ele>
        <time>2026-08-12T19:40:08Z</time>
      </trkpt>
      <trkpt lat="44.8064239" lon="20.4730197">
        <ele>133.1277243</ele>
        <time>2026-08-12T19:40:09Z</time>
      </trkpt>
      <trkpt lat="44.8064241" lon="20.4730195">
        <ele>133.1239025</ele>
        <time>2026-08-12T19:40:10Z</time>
      </trkpt>
      <trkpt lat="44.8064241" lon="20.4730195">
        <ele>133.1239025</ele>
        <time>2026-08-12T19:40:11Z</time>
      </trkpt>
      <trkpt lat="44.8064241" lon="20.4730195">
        <ele>133.1239025</ele>
        <time>2026-08-12T19:40:12Z</time>
      </trkpt>
      <trkpt lat="44.8064241" lon="20.4730195">
        <ele>133.1239025</ele>
        <time>2026-08-12T19:40:13Z</time>
      </trkpt>
      <trkpt lat="44.8064241" lon="20.4730195">
        <ele>133.1239025</ele>
        <time>2026-08-12T19:40:14Z</time>
      </trkpt>
      <trkpt lat="44.8064221" lon="20.4730195">
        <ele>132.9068525</ele>
        <time>2026-08-12T19:40:15Z</time>
      </trkpt>
      <trkpt lat="44.8064222" lon="20.4730194">
        <ele>132.9074932</ele>
        <time>2026-08-12T19:40:16Z</time>
      </trkpt>
      <trkpt lat="44.8064198" lon="20.4730197">
        <ele>132.7693871</ele>
        <time>2026-08-12T19:40:17Z</time>
      </trkpt>
      <trkpt lat="44.8064197" lon="20.4730199">
        <ele>132.7618754</ele>
        <time>2026-08-12T19:40:18Z</time>
      </trkpt>
      <trkpt lat="44.8064183" lon="20.4730235">
        <ele>132.7585958</ele>
        <time>2026-08-12T19:40:19Z</time>
      </trkpt>
      <trkpt lat="44.8064176" lon="20.4730229">
        <ele>132.7125139</ele>
        <time>2026-08-12T19:40:20Z</time>
      </trkpt>
      <trkpt lat="44.8064185" lon="20.4730238">
        <ele>132.6750874</ele>
        <time>2026-08-12T19:40:21Z</time>
      </trkpt>
      <trkpt lat="44.8064187" lon="20.4730234">
        <ele>132.6685487</ele>
        <time>2026-08-12T19:40:22Z</time>
      </trkpt>
      <trkpt lat="44.8064187" lon="20.4730234">
        <ele>132.6685487</ele>
        <time>2026-08-12T19:40:23Z</time>
      </trkpt>
      <trkpt lat="44.8064216" lon="20.4730246">
        <ele>132.7315561</ele>
        <time>2026-08-12T19:40:24Z</time>
      </trkpt>
      <trkpt lat="44.8064217" lon="20.4730244">
        <ele>132.7268960</ele>
        <time>2026-08-12T19:40:25Z</time>
      </trkpt>
      <trkpt lat="44.8064217" lon="20.4730244">
        <ele>132.7268960</ele>
        <time>2026-08-12T19:40:26Z</time>
      </trkpt>
      <trkpt lat="44.8064231" lon="20.4730265">
        <ele>132.8330033</ele>
        <time>2026-08-12T19:40:27Z</time>
      </trkpt>
      <trkpt lat="44.8064233" lon="20.4730262">
        <ele>132.8146661</ele>
        <time>2026-08-12T19:40:28Z</time>
      </trkpt>
      <trkpt lat="44.8064233" lon="20.4730262">
        <ele>132.8146661</ele>
        <time>2026-08-12T19:40:29Z</time>
      </trkpt>
      <trkpt lat="44.8064233" lon="20.4730262">
        <ele>132.8146661</ele>
        <time>2026-08-12T19:40:30Z</time>
      </trkpt>
      <trkpt lat="44.8064233" lon="20.4730262">
        <ele>132.8146661</ele>
        <time>2026-08-12T19:40:31Z</time>
      </trkpt>
      <trkpt lat="44.8064233" lon="20.4730262">
        <ele>132.8146661</ele>
        <time>2026-08-12T19:40:32Z</time>
      </trkpt>
      <trkpt lat="44.8064233" lon="20.4730262">
        <ele>132.8146661</ele>
        <time>2026-08-12T19:40:33Z</time>
      </trkpt>
      <trkpt lat="44.8064258" lon="20.4730284">
        <ele>132.7451690</ele>
        <time>2026-08-12T19:40:34Z</time>
      </trkpt>
      <trkpt lat="44.8064246" lon="20.4730282">
        <ele>132.6081510</ele>
        <time>2026-08-12T19:40:35Z</time>
      </trkpt>
      <trkpt lat="44.8064234" lon="20.4730273">
        <ele>132.5908851</ele>
        <time>2026-08-12T19:40:36Z</time>
      </trkpt>
      <trkpt lat="44.8064236" lon="20.4730277">
        <ele>132.5525427</ele>
        <time>2026-08-12T19:40:37Z</time>
      </trkpt>
      <trkpt lat="44.8064222" lon="20.4730268">
        <ele>132.5224095</ele>
        <time>2026-08-12T19:40:38Z</time>
      </trkpt>
      <trkpt lat="44.8064220" lon="20.4730271">
        <ele>132.7281010</ele>
        <time>2026-08-12T19:40:39Z</time>
      </trkpt>
      <trkpt lat="44.8064238" lon="20.4730262">
        <ele>132.5785792</ele>
        <time>2026-08-12T19:40:40Z</time>
      </trkpt>
      <trkpt lat="44.8064238" lon="20.4730271">
        <ele>132.6871224</ele>
        <time>2026-08-12T19:40:41Z</time>
      </trkpt>
      <trkpt lat="44.8064246" lon="20.4730252">
        <ele>132.6758602</ele>
        <time>2026-08-12T19:40:42Z</time>
      </trkpt>
      <trkpt lat="44.8064253" lon="20.4730244">
        <ele>132.7199959</ele>
        <time>2026-08-12T19:40:43Z</time>
      </trkpt>
      <trkpt lat="44.8064228" lon="20.4730244">
        <ele>132.7413047</ele>
        <time>2026-08-12T19:40:44Z</time>
      </trkpt>
      <trkpt lat="44.8064232" lon="20.4730255">
        <ele>132.5563335</ele>
        <time>2026-08-12T19:40:45Z</time>
      </trkpt>
      <trkpt lat="44.8064233" lon="20.4730288">
        <ele>132.4209183</ele>
        <time>2026-08-12T19:40:46Z</time>
      </trkpt>
      <trkpt lat="44.8064244" lon="20.4730264">
        <ele>132.5582585</ele>
        <time>2026-08-12T19:40:47Z</time>
      </trkpt>
      <trkpt lat="44.8064202" lon="20.4730296">
        <ele>132.2225632</ele>
        <time>2026-08-12T19:40:48Z</time>
      </trkpt>
      <trkpt lat="44.8064263" lon="20.4730241">
        <ele>132.1962907</ele>
        <time>2026-08-12T19:40:49Z</time>
      </trkpt>
      <trkpt lat="44.8064329" lon="20.4730280">
        <ele>131.7994334</ele>
        <time>2026-08-12T19:40:50Z</time>
      </trkpt>
      <trkpt lat="44.8064355" lon="20.4730333">
        <ele>131.8888998</ele>
        <time>2026-08-12T19:40:51Z</time>
      </trkpt>
      <trkpt lat="44.8064296" lon="20.4730276">
        <ele>131.7821234</ele>
        <time>2026-08-12T19:40:52Z</time>
      </trkpt>
      <trkpt lat="44.8064278" lon="20.4730228">
        <ele>131.9742366</ele>
        <time>2026-08-12T19:40:53Z</time>
      </trkpt>
      <trkpt lat="44.8064288" lon="20.4730203">
        <ele>132.1809921</ele>
        <time>2026-08-12T19:40:54Z</time>
      </trkpt>
      <trkpt lat="44.8064292" lon="20.4730183">
        <ele>132.0906374</ele>
        <time>2026-08-12T19:40:55Z</time>
      </trkpt>
      <trkpt lat="44.8064292" lon="20.4730183">
        <ele>132.0906374</ele>
        <time>2026-08-12T19:40:56Z</time>
      </trkpt>
      <trkpt lat="44.8064292" lon="20.4730183">
        <ele>132.0906374</ele>
        <time>2026-08-12T19:40:57Z</time>
      </trkpt>
      <trkpt lat="44.8064292" lon="20.4730183">
        <ele>132.0906374</ele>
        <time>2026-08-12T19:40:58Z</time>
      </trkpt>
      <trkpt lat="44.8064292" lon="20.4730183">
        <ele>132.0906374</ele>
        <time>2026-08-12T19:40:59Z</time>
      </trkpt>
      <trkpt lat="44.8064292" lon="20.4730183">
        <ele>132.0906374</ele>
        <time>2026-08-12T19:41:00Z</time>
      </trkpt>
      <trkpt lat="44.8064292" lon="20.4730183">
        <ele>132.0906374</ele>
        <time>2026-08-12T19:41:01Z</time>
      </trkpt>
      <trkpt lat="44.8064292" lon="20.4730183">
        <ele>132.0906374</ele>
        <time>2026-08-12T19:41:02Z</time>
      </trkpt>
      <trkpt lat="44.8064292" lon="20.4730183">
        <ele>132.0906374</ele>
        <time>2026-08-12T19:41:03Z</time>
      </trkpt>
      <trkpt lat="44.8064292" lon="20.4730183">
        <ele>132.0906374</ele>
        <time>2026-08-12T19:41:04Z</time>
      </trkpt>
      <trkpt lat="44.8064292" lon="20.4730183">
        <ele>132.0906374</ele>
        <time>2026-08-12T19:41:05Z</time>
      </trkpt>
      <trkpt lat="44.8064292" lon="20.4730183">
        <ele>132.0906374</ele>
        <time>2026-08-12T19:41:06Z</time>
      </trkpt>
      <trkpt lat="44.8064292" lon="20.4730183">
        <ele>132.0906374</ele>
        <time>2026-08-12T19:41:07Z</time>
      </trkpt>
      <trkpt lat="44.8064292" lon="20.4730183">
        <ele>132.0906374</ele>
        <time>2026-08-12T19:41:08Z</time>
      </trkpt>
      <trkpt lat="44.8064292" lon="20.4730183">
        <ele>132.0906374</ele>
        <time>2026-08-12T19:41:09Z</time>
      </trkpt>
      <trkpt lat="44.8064292" lon="20.4730183">
        <ele>132.0906374</ele>
        <time>2026-08-12T19:41:10Z</time>
      </trkpt>
      <trkpt lat="44.8064292" lon="20.4730183">
        <ele>132.0906374</ele>
        <time>2026-08-12T19:41:11Z</time>
      </trkpt>
      <trkpt lat="44.8064292" lon="20.4730183">
        <ele>132.0906374</ele>
        <time>2026-08-12T19:41:12Z</time>
      </trkpt>
      <trkpt lat="44.8064292" lon="20.4730183">
        <ele>132.0906374</ele>
        <time>2026-08-12T19:41:13Z</time>
      </trkpt>
      <trkpt lat="44.8064292" lon="20.4730183">
        <ele>132.0906374</ele>
        <time>2026-08-12T19:41:14Z</time>
      </trkpt>
      <trkpt lat="44.8064292" lon="20.4730183">
        <ele>132.0906374</ele>
        <time>2026-08-12T19:41:15Z</time>
      </trkpt>
      <trkpt lat="44.8064292" lon="20.4730183">
        <ele>132.0906374</ele>
        <time>2026-08-12T19:41:16Z</time>
      </trkpt>
      <trkpt lat="44.8064292" lon="20.4730183">
        <ele>132.0906374</ele>
        <time>2026-08-12T19:41:17Z</time>
      </trkpt>
      <trkpt lat="44.8064292" lon="20.4730183">
        <ele>132.0906374</ele>
        <time>2026-08-12T19:41:18Z</time>
      </trkpt>
      <trkpt lat="44.8064292" lon="20.4730183">
        <ele>132.0906374</ele>
        <time>2026-08-12T19:41:19Z</time>
      </trkpt>
      <trkpt lat="44.8064292" lon="20.4730183">
        <ele>132.0906374</ele>
        <time>2026-08-12T19:41:20Z</time>
      </trkpt>
      <trkpt lat="44.8064292" lon="20.4730183">
        <ele>132.0906374</ele>
        <time>2026-08-12T19:41:21Z</time>
      </trkpt>
      <trkpt lat="44.8064292" lon="20.4730183">
        <ele>132.0906374</ele>
        <time>2026-08-12T19:41:22Z</time>
      </trkpt>
      <trkpt lat="44.8064292" lon="20.4730183">
        <ele>132.0906374</ele>
        <time>2026-08-12T19:41:23Z</time>
      </trkpt>
      <trkpt lat="44.8064292" lon="20.4730183">
        <ele>132.0906374</ele>
        <time>2026-08-12T19:41:24Z</time>
      </trkpt>
      <trkpt lat="44.8064292" lon="20.4730183">
        <ele>132.0906374</ele>
        <time>2026-08-12T19:41:25Z</time>
      </trkpt>
      <trkpt lat="44.8064334" lon="20.4730281">
        <ele>133.3884826</ele>
        <time>2026-08-12T19:41:26Z</time>
      </trkpt>
      <trkpt lat="44.8064336" lon="20.4730278">
        <ele>133.4306255</ele>
        <time>2026-08-12T19:41:27Z</time>
      </trkpt>
      <trkpt lat="44.8064336" lon="20.4730278">
        <ele>133.4306255</ele>
        <time>2026-08-12T19:41:28Z</time>
      </trkpt>
      <trkpt lat="44.8064336" lon="20.4730278">
        <ele>133.4306255</ele>
        <time>2026-08-12T19:41:29Z</time>
      </trkpt>
      <trkpt lat="44.8064362" lon="20.4730274">
        <ele>133.6248860</ele>
        <time>2026-08-12T19:41:30Z</time>
      </trkpt>
      <trkpt lat="44.8064360" lon="20.4730280">
        <ele>133.4654881</ele>
        <time>2026-08-12T19:41:31Z</time>
      </trkpt>
      <trkpt lat="44.8064360" lon="20.4730307">
        <ele>133.4674922</ele>
        <time>2026-08-12T19:41:32Z</time>
      </trkpt>
      <trkpt lat="44.8064356" lon="20.4730312">
        <ele>133.4758922</ele>
        <time>2026-08-12T19:41:33Z</time>
      </trkpt>
      <trkpt lat="44.8064312" lon="20.4730272">
        <ele>133.4615755</ele>
        <time>2026-08-12T19:41:34Z</time>
      </trkpt>
      <trkpt lat="44.8064312" lon="20.4730272">
        <ele>133.4615755</ele>
        <time>2026-08-12T19:41:35Z</time>
      </trkpt>
      <trkpt lat="44.8064312" lon="20.4730272">
        <ele>133.4615755</ele>
        <time>2026-08-12T19:41:36Z</time>
      </trkpt>
      <trkpt lat="44.8064312" lon="20.4730272">
        <ele>133.4615755</ele>
        <time>2026-08-12T19:41:37Z</time>
      </trkpt>
      <trkpt lat="44.8064312" lon="20.4730272">
        <ele>133.4615755</ele>
        <time>2026-08-12T19:41:38Z</time>
      </trkpt>
      <trkpt lat="44.8064312" lon="20.4730272">
        <ele>133.4615755</ele>
        <time>2026-08-12T19:41:39Z</time>
      </trkpt>
      <trkpt lat="44.8064312" lon="20.4730272">
        <ele>133.4615755</ele>
        <time>2026-08-12T19:41:40Z</time>
      </trkpt>
      <trkpt lat="44.8064312" lon="20.4730272">
        <ele>133.4615755</ele>
        <time>2026-08-12T19:41:41Z</time>
      </trkpt>
      <trkpt lat="44.8064312" lon="20.4730272">
        <ele>133.4615755</ele>
        <time>2026-08-12T19:41:42Z</time>
      </trkpt>
      <trkpt lat="44.8064312" lon="20.4730272">
        <ele>133.4615755</ele>
        <time>2026-08-12T19:41:43Z</time>
      </trkpt>
      <trkpt lat="44.8064312" lon="20.4730272">
        <ele>133.4615755</ele>
        <time>2026-08-12T19:41:44Z</time>
      </trkpt>
      <trkpt lat="44.8064312" lon="20.4730272">
        <ele>133.4615755</ele>
        <time>2026-08-12T19:41:45Z</time>
      </trkpt>
      <trkpt lat="44.8064312" lon="20.4730272">
        <ele>133.4615755</ele>
        <time>2026-08-12T19:41:46Z</time>
      </trkpt>
      <trkpt lat="44.8064312" lon="20.4730272">
        <ele>133.4615755</ele>
        <time>2026-08-12T19:41:47Z</time>
      </trkpt>
      <trkpt lat="44.8064312" lon="20.4730272">
        <ele>133.4615755</ele>
        <time>2026-08-12T19:41:48Z</time>
      </trkpt>
      <trkpt lat="44.8064318" lon="20.4730435">
        <ele>133.4280446</ele>
        <time>2026-08-12T19:41:49Z</time>
      </trkpt>
      <trkpt lat="44.8064347" lon="20.4730435">
        <ele>133.4053975</ele>
        <time>2026-08-12T19:41:50Z</time>
      </trkpt>
      <trkpt lat="44.8064335" lon="20.4730452">
        <ele>133.4471166</ele>
        <time>2026-08-12T19:41:51Z</time>
      </trkpt>
      <trkpt lat="44.8064300" lon="20.4730401">
        <ele>133.4731664</ele>
        <time>2026-08-12T19:41:52Z</time>
      </trkpt>
      <trkpt lat="44.8064440" lon="20.4730635">
        <ele>133.4264098</ele>
        <time>2026-08-12T19:41:53Z</time>
      </trkpt>
      <trkpt lat="44.8064443" lon="20.4730614">
        <ele>133.4998978</ele>
        <time>2026-08-12T19:41:54Z</time>
      </trkpt>
      <trkpt lat="44.8064369" lon="20.4730682">
        <ele>133.8820153</ele>
        <time>2026-08-12T19:41:55Z</time>
      </trkpt>
      <trkpt lat="44.8064210" lon="20.4730645">
        <ele>133.9505314</ele>
        <time>2026-08-12T19:41:56Z</time>
      </trkpt>
      <trkpt lat="44.8064115" lon="20.4730620">
        <ele>134.0672631</ele>
        <time>2026-08-12T19:41:57Z</time>
      </trkpt>
      <trkpt lat="44.8064108" lon="20.4730638">
        <ele>133.8524414</ele>
        <time>2026-08-12T19:41:58Z</time>
      </trkpt>
      <trkpt lat="44.8064127" lon="20.4730628">
        <ele>133.7418479</ele>
        <time>2026-08-12T19:41:59Z</time>
      </trkpt>
      <trkpt lat="44.8064147" lon="20.4730661">
        <ele>133.6458033</ele>
        <time>2026-08-12T19:42:00Z</time>
      </trkpt>
      <trkpt lat="44.8064122" lon="20.4730639">
        <ele>133.4837093</ele>
        <time>2026-08-12T19:42:01Z</time>
      </trkpt>
      <trkpt lat="44.8064104" lon="20.4730677">
        <ele>133.3707598</ele>
        <time>2026-08-12T19:42:02Z</time>
      </trkpt>
      <trkpt lat="44.8064136" lon="20.4730665">
        <ele>133.4662043</ele>
        <time>2026-08-12T19:42:03Z</time>
      </trkpt>
      <trkpt lat="44.8064190" lon="20.4730737">
        <ele>133.4411971</ele>
        <time>2026-08-12T19:42:04Z</time>
      </trkpt>
      <trkpt lat="44.8064286" lon="20.4730797">
        <ele>133.5373604</ele>
        <time>2026-08-12T19:42:05Z</time>
      </trkpt>
      <trkpt lat="44.8064241" lon="20.4730774">
        <ele>133.6187767</ele>
        <time>2026-08-12T19:42:06Z</time>
      </trkpt>
      <trkpt lat="44.8064214" lon="20.4730578">
        <ele>133.6231678</ele>
        <time>2026-08-12T19:42:07Z</time>
      </trkpt>
      <trkpt lat="44.8064190" lon="20.4730543">
        <ele>133.5974247</ele>
        <time>2026-08-12T19:42:08Z</time>
      </trkpt>
      <trkpt lat="44.8064288" lon="20.4730604">
        <ele>133.5379142</ele>
        <time>2026-08-12T19:42:09Z</time>
      </trkpt>
      <trkpt lat="44.8064288" lon="20.4730604">
        <ele>133.5379142</ele>
        <time>2026-08-12T19:42:10Z</time>
      </trkpt>
      <trkpt lat="44.8064288" lon="20.4730604">
        <ele>133.5379142</ele>
        <time>2026-08-12T19:42:11Z</time>
      </trkpt>
      <trkpt lat="44.8064252" lon="20.4730747">
        <ele>133.5115760</ele>
        <time>2026-08-12T19:42:12Z</time>
      </trkpt>
      <trkpt lat="44.8064252" lon="20.4730747">
        <ele>133.5115760</ele>
        <time>2026-08-12T19:42:13Z</time>
      </trkpt>
      <trkpt lat="44.8064252" lon="20.4730747">
        <ele>133.5115760</ele>
        <time>2026-08-12T19:42:14Z</time>
      </trkpt>
      <trkpt lat="44.8064252" lon="20.4730747">
        <ele>133.5115760</ele>
        <time>2026-08-12T19:42:15Z</time>
      </trkpt>
      <trkpt lat="44.8064252" lon="20.4730747">
        <ele>133.5115760</ele>
        <time>2026-08-12T19:42:16Z</time>
      </trkpt>
      <trkpt lat="44.8064252" lon="20.4730747">
        <ele>133.5115760</ele>
        <time>2026-08-12T19:42:17Z</time>
      </trkpt>
      <trkpt lat="44.8064252" lon="20.4730747">
        <ele>133.5115760</ele>
        <time>2026-08-12T19:42:18Z</time>
      </trkpt>
      <trkpt lat="44.8063929" lon="20.4730772">
        <ele>133.5668476</ele>
        <time>2026-08-12T19:42:19Z</time>
      </trkpt>
      <trkpt lat="44.8063952" lon="20.4730816">
        <ele>133.6005466</ele>
        <time>2026-08-12T19:42:20Z</time>
      </trkpt>
      <trkpt lat="44.8063952" lon="20.4730815">
        <ele>133.6038542</ele>
        <time>2026-08-12T19:42:21Z</time>
      </trkpt>
      <trkpt lat="44.8063952" lon="20.4730815">
        <ele>133.6038542</ele>
        <time>2026-08-12T19:42:22Z</time>
      </trkpt>
      <trkpt lat="44.8063952" lon="20.4730815">
        <ele>133.6038542</ele>
        <time>2026-08-12T19:42:23Z</time>
      </trkpt>
      <trkpt lat="44.8063952" lon="20.4730815">
        <ele>133.6038542</ele>
        <time>2026-08-12T19:42:24Z</time>
      </trkpt>
      <trkpt lat="44.8063960" lon="20.4730795">
        <ele>133.8273152</ele>
        <time>2026-08-12T19:42:25Z</time>
      </trkpt>
      <trkpt lat="44.8064057" lon="20.4730839">
        <ele>133.9158307</ele>
        <time>2026-08-12T19:42:26Z</time>
      </trkpt>
      <trkpt lat="44.8063909" lon="20.4730913">
        <ele>134.1123224</ele>
        <time>2026-08-12T19:42:27Z</time>
      </trkpt>
      <trkpt lat="44.8063733" lon="20.4731048">
        <ele>134.1097301</ele>
        <time>2026-08-12T19:42:28Z</time>
      </trkpt>
      <trkpt lat="44.8063533" lon="20.4731147">
        <ele>133.9841552</ele>
        <time>2026-08-12T19:42:29Z</time>
      </trkpt>
      <trkpt lat="44.8063500" lon="20.4731350">
        <ele>134.0889432</ele>
        <time>2026-08-12T19:42:30Z</time>
      </trkpt>
      <trkpt lat="44.8063392" lon="20.4731759">
        <ele>134.0574174</ele>
        <time>2026-08-12T19:42:31Z</time>
      </trkpt>
      <trkpt lat="44.8062993" lon="20.4732458">
        <ele>134.2161118</ele>
        <time>2026-08-12T19:42:32Z</time>
      </trkpt>
      <trkpt lat="44.8062558" lon="20.4733135">
        <ele>134.0352027</ele>
        <time>2026-08-12T19:42:33Z</time>
      </trkpt>
      <trkpt lat="44.8062253" lon="20.4733726">
        <ele>134.0413335</ele>
        <time>2026-08-12T19:42:34Z</time>
      </trkpt>
      <trkpt lat="44.8062330" lon="20.4734225">
        <ele>134.2296299</ele>
        <time>2026-08-12T19:42:35Z</time>
      </trkpt>
      <trkpt lat="44.8062080" lon="20.4735097">
        <ele>134.1843640</ele>
        <time>2026-08-12T19:42:36Z</time>
      </trkpt>
      <trkpt lat="44.8061828" lon="20.4735778">
        <ele>134.3999619</ele>
        <time>2026-08-12T19:42:37Z</time>
      </trkpt>
      <trkpt lat="44.8061551" lon="20.4736510">
        <ele>134.1273602</ele>
        <time>2026-08-12T19:42:38Z</time>
      </trkpt>
      <trkpt lat="44.8061119" lon="20.4737258">
        <ele>134.0957083</ele>
        <time>2026-08-12T19:42:39Z</time>
      </trkpt>
      <trkpt lat="44.8060735" lon="20.4737954">
        <ele>133.9544460</ele>
        <time>2026-08-12T19:42:40Z</time>
      </trkpt>
      <trkpt lat="44.8060424" lon="20.4738722">
        <ele>133.8476782</ele>
        <time>2026-08-12T19:42:41Z</time>
      </trkpt>
      <trkpt lat="44.8060115" lon="20.4739554">
        <ele>133.6856823</ele>
        <time>2026-08-12T19:42:42Z</time>
      </trkpt>
      <trkpt lat="44.8059850" lon="20.4740395">
        <ele>133.6861718</ele>
        <time>2026-08-12T19:42:43Z</time>
      </trkpt>
      <trkpt lat="44.8059491" lon="20.4741115">
        <ele>133.6606364</ele>
        <time>2026-08-12T19:42:44Z</time>
      </trkpt>
      <trkpt lat="44.8059164" lon="20.4741932">
        <ele>133.6459739</ele>
        <time>2026-08-12T19:42:45Z</time>
      </trkpt>
      <trkpt lat="44.8058863" lon="20.4742771">
        <ele>133.5509357</ele>
        <time>2026-08-12T19:42:46Z</time>
      </trkpt>
      <trkpt lat="44.8058383" lon="20.4743474">
        <ele>133.4491313</ele>
        <time>2026-08-12T19:42:47Z</time>
      </trkpt>
      <trkpt lat="44.8057909" lon="20.4744215">
        <ele>133.3305725</ele>
        <time>2026-08-12T19:42:48Z</time>
      </trkpt>
      <trkpt lat="44.8057594" lon="20.4744882">
        <ele>133.8449987</ele>
        <time>2026-08-12T19:42:49Z</time>
      </trkpt>
      <trkpt lat="44.8057300" lon="20.4745579">
        <ele>133.8569464</ele>
        <time>2026-08-12T19:42:50Z</time>
      </trkpt>
      <trkpt lat="44.8056948" lon="20.4746390">
        <ele>134.0229763</ele>
        <time>2026-08-12T19:42:51Z</time>
      </trkpt>
      <trkpt lat="44.8056688" lon="20.4747209">
        <ele>133.8841769</ele>
        <time>2026-08-12T19:42:52Z</time>
      </trkpt>
      <trkpt lat="44.8056375" lon="20.4747988">
        <ele>133.5057959</ele>
        <time>2026-08-12T19:42:53Z</time>
      </trkpt>
      <trkpt lat="44.8056036" lon="20.4748708">
        <ele>133.3479449</ele>
        <time>2026-08-12T19:42:54Z</time>
      </trkpt>
      <trkpt lat="44.8055708" lon="20.4749373">
        <ele>133.6119133</ele>
        <time>2026-08-12T19:42:55Z</time>
      </trkpt>
      <trkpt lat="44.8055551" lon="20.4750146">
        <ele>133.6415576</ele>
        <time>2026-08-12T19:42:56Z</time>
      </trkpt>
      <trkpt lat="44.8055322" lon="20.4750971">
        <ele>133.9236789</ele>
        <time>2026-08-12T19:42:57Z</time>
      </trkpt>
      <trkpt lat="44.8055073" lon="20.4751619">
        <ele>133.7256972</ele>
        <time>2026-08-12T19:42:58Z</time>
      </trkpt>
      <trkpt lat="44.8054737" lon="20.4752423">
        <ele>133.8875841</ele>
        <time>2026-08-12T19:42:59Z</time>
      </trkpt>
      <trkpt lat="44.8054375" lon="20.4753112">
        <ele>133.3864635</ele>
        <time>2026-08-12T19:43:00Z</time>
      </trkpt>
      <trkpt lat="44.8053974" lon="20.4753581">
        <ele>133.5260127</ele>
        <time>2026-08-12T19:43:01Z</time>
      </trkpt>
      <trkpt lat="44.8053664" lon="20.4754198">
        <ele>133.5691569</ele>
        <time>2026-08-12T19:43:02Z</time>
      </trkpt>
      <trkpt lat="44.8053443" lon="20.4754934">
        <ele>133.4008156</ele>
        <time>2026-08-12T19:43:03Z</time>
      </trkpt>
      <trkpt lat="44.8053270" lon="20.4755518">
        <ele>132.9727938</ele>
        <time>2026-08-12T19:43:04Z</time>
      </trkpt>
      <trkpt lat="44.8053020" lon="20.4755967">
        <ele>132.6486886</ele>
        <time>2026-08-12T19:43:05Z</time>
      </trkpt>
      <trkpt lat="44.8052682" lon="20.4756477">
        <ele>132.7391533</ele>
        <time>2026-08-12T19:43:06Z</time>
      </trkpt>
      <trkpt lat="44.8052374" lon="20.4757036">
        <ele>132.8536921</ele>
        <time>2026-08-12T19:43:07Z</time>
      </trkpt>
      <trkpt lat="44.8052233" lon="20.4757551">
        <ele>132.5131698</ele>
        <time>2026-08-12T19:43:08Z</time>
      </trkpt>
      <trkpt lat="44.8052123" lon="20.4758015">
        <ele>132.5623018</ele>
        <time>2026-08-12T19:43:09Z</time>
      </trkpt>
      <trkpt lat="44.8052054" lon="20.4758403">
        <ele>132.6063492</ele>
        <time>2026-08-12T19:43:10Z</time>
      </trkpt>
      <trkpt lat="44.8051943" lon="20.4758627">
        <ele>132.6231331</ele>
        <time>2026-08-12T19:43:11Z</time>
      </trkpt>
      <trkpt lat="44.8051812" lon="20.4758862">
        <ele>132.5639571</ele>
        <time>2026-08-12T19:43:12Z</time>
      </trkpt>
      <trkpt lat="44.8051738" lon="20.4759061">
        <ele>132.8301893</ele>
        <time>2026-08-12T19:43:13Z</time>
      </trkpt>
      <trkpt lat="44.8051623" lon="20.4759282">
        <ele>132.9663544</ele>
        <time>2026-08-12T19:43:14Z</time>
      </trkpt>
      <trkpt lat="44.8051489" lon="20.4759632">
        <ele>132.9462732</ele>
        <time>2026-08-12T19:43:15Z</time>
      </trkpt>
      <trkpt lat="44.8051387" lon="20.4759912">
        <ele>133.0526433</ele>
        <time>2026-08-12T19:43:16Z</time>
      </trkpt>
      <trkpt lat="44.8051279" lon="20.4760232">
        <ele>132.9434336</ele>
        <time>2026-08-12T19:43:17Z</time>
      </trkpt>
      <trkpt lat="44.8051208" lon="20.4760419">
        <ele>132.7528919</ele>
        <time>2026-08-12T19:43:18Z</time>
      </trkpt>
      <trkpt lat="44.8051107" lon="20.4760626">
        <ele>132.5864723</ele>
        <time>2026-08-12T19:43:19Z</time>
      </trkpt>
      <trkpt lat="44.8051127" lon="20.4760720">
        <ele>132.6641427</ele>
        <time>2026-08-12T19:43:20Z</time>
      </trkpt>
      <trkpt lat="44.8051119" lon="20.4760713">
        <ele>132.7508850</ele>
        <time>2026-08-12T19:43:21Z</time>
      </trkpt>
      <trkpt lat="44.8051153" lon="20.4760924">
        <ele>132.7288742</ele>
        <time>2026-08-12T19:43:22Z</time>
      </trkpt>
      <trkpt lat="44.8051063" lon="20.4760912">
        <ele>132.6319195</ele>
        <time>2026-08-12T19:43:23Z</time>
      </trkpt>
      <trkpt lat="44.8050959" lon="20.4760954">
        <ele>132.7583129</ele>
        <time>2026-08-12T19:43:24Z</time>
      </trkpt>
      <trkpt lat="44.8050858" lon="20.4761163">
        <ele>132.9867764</ele>
        <time>2026-08-12T19:43:25Z</time>
      </trkpt>
      <trkpt lat="44.8050810" lon="20.4761362">
        <ele>132.9890384</ele>
        <time>2026-08-12T19:43:26Z</time>
      </trkpt>
      <trkpt lat="44.8050692" lon="20.4761656">
        <ele>132.9534929</ele>
        <time>2026-08-12T19:43:27Z</time>
      </trkpt>
      <trkpt lat="44.8050605" lon="20.4761950">
        <ele>133.0499087</ele>
        <time>2026-08-12T19:43:28Z</time>
      </trkpt>
      <trkpt lat="44.8050487" lon="20.4762198">
        <ele>132.9132532</ele>
        <time>2026-08-12T19:43:29Z</time>
      </trkpt>
      <trkpt lat="44.8050383" lon="20.4762437">
        <ele>133.1117274</ele>
        <time>2026-08-12T19:43:30Z</time>
      </trkpt>
      <trkpt lat="44.8050276" lon="20.4762648">
        <ele>133.0253092</ele>
        <time>2026-08-12T19:43:31Z</time>
      </trkpt>
      <trkpt lat="44.8050198" lon="20.4762845">
        <ele>132.8311598</ele>
        <time>2026-08-12T19:43:32Z</time>
      </trkpt>
      <trkpt lat="44.8050143" lon="20.4763001">
        <ele>132.7711757</ele>
        <time>2026-08-12T19:43:33Z</time>
      </trkpt>
      <trkpt lat="44.8050109" lon="20.4763072">
        <ele>133.0025907</ele>
        <time>2026-08-12T19:43:34Z</time>
      </trkpt>
      <trkpt lat="44.8050088" lon="20.4763163">
        <ele>133.1564878</ele>
        <time>2026-08-12T19:43:35Z</time>
      </trkpt>
      <trkpt lat="44.8050041" lon="20.4763230">
        <ele>133.3436680</ele>
        <time>2026-08-12T19:43:36Z</time>
      </trkpt>
      <trkpt lat="44.8050036" lon="20.4763267">
        <ele>133.3360651</ele>
        <time>2026-08-12T19:43:37Z</time>
      </trkpt>
      <trkpt lat="44.8050012" lon="20.4763300">
        <ele>133.4030841</ele>
        <time>2026-08-12T19:43:38Z</time>
      </trkpt>
      <trkpt lat="44.8049994" lon="20.4763349">
        <ele>133.5450954</ele>
        <time>2026-08-12T19:43:39Z</time>
      </trkpt>
      <trkpt lat="44.8049993" lon="20.4763373">
        <ele>133.7943028</ele>
        <time>2026-08-12T19:43:40Z</time>
      </trkpt>
      <trkpt lat="44.8049940" lon="20.4763573">
        <ele>134.2242286</ele>
        <time>2026-08-12T19:43:41Z</time>
      </trkpt>
      <trkpt lat="44.8049887" lon="20.4763764">
        <ele>134.3325298</ele>
        <time>2026-08-12T19:43:42Z</time>
      </trkpt>
      <trkpt lat="44.8049786" lon="20.4763918">
        <ele>134.3782217</ele>
        <time>2026-08-12T19:43:43Z</time>
      </trkpt>
      <trkpt lat="44.8049699" lon="20.4764103">
        <ele>134.3149054</ele>
        <time>2026-08-12T19:43:44Z</time>
      </trkpt>
      <trkpt lat="44.8049630" lon="20.4764229">
        <ele>134.2821027</ele>
        <time>2026-08-12T19:43:45Z</time>
      </trkpt>
      <trkpt lat="44.8049628" lon="20.4764248">
        <ele>134.2389368</ele>
        <time>2026-08-12T19:43:46Z</time>
      </trkpt>
      <trkpt lat="44.8049624" lon="20.4764322">
        <ele>134.1970582</ele>
        <time>2026-08-12T19:43:47Z</time>
      </trkpt>
      <trkpt lat="44.8049577" lon="20.4764507">
        <ele>134.1267981</ele>
        <time>2026-08-12T19:43:48Z</time>
      </trkpt>
      <trkpt lat="44.8049574" lon="20.4764473">
        <ele>134.1469825</ele>
        <time>2026-08-12T19:43:49Z</time>
      </trkpt>
      <trkpt lat="44.8049557" lon="20.4764469">
        <ele>134.2187888</ele>
        <time>2026-08-12T19:43:50Z</time>
      </trkpt>
      <trkpt lat="44.8049557" lon="20.4764466">
        <ele>134.2274521</ele>
        <time>2026-08-12T19:43:51Z</time>
      </trkpt>
      <trkpt lat="44.8049557" lon="20.4764466">
        <ele>134.2274521</ele>
        <time>2026-08-12T19:43:52Z</time>
      </trkpt>
      <trkpt lat="44.8049557" lon="20.4764466">
        <ele>134.2274521</ele>
        <time>2026-08-12T19:43:53Z</time>
      </trkpt>
      <trkpt lat="44.8049557" lon="20.4764466">
        <ele>134.2274521</ele>
        <time>2026-08-12T19:43:54Z</time>
      </trkpt>
      <trkpt lat="44.8049557" lon="20.4764466">
        <ele>134.2274521</ele>
        <time>2026-08-12T19:43:55Z</time>
      </trkpt>
      <trkpt lat="44.8049557" lon="20.4764466">
        <ele>134.2274521</ele>
        <time>2026-08-12T19:43:56Z</time>
      </trkpt>
      <trkpt lat="44.8049557" lon="20.4764466">
        <ele>134.2274521</ele>
        <time>2026-08-12T19:43:57Z</time>
      </trkpt>
      <trkpt lat="44.8049557" lon="20.4764466">
        <ele>134.2274521</ele>
        <time>2026-08-12T19:43:58Z</time>
      </trkpt>
      <trkpt lat="44.8049557" lon="20.4764466">
        <ele>134.2274521</ele>
        <time>2026-08-12T19:43:59Z</time>
      </trkpt>
      <trkpt lat="44.8049557" lon="20.4764466">
        <ele>134.2274521</ele>
        <time>2026-08-12T19:44:00Z</time>
      </trkpt>
      <trkpt lat="44.8049557" lon="20.4764466">
        <ele>134.2274521</ele>
        <time>2026-08-12T19:44:01Z</time>
      </trkpt>
      <trkpt lat="44.8049557" lon="20.4764466">
        <ele>134.2274521</ele>
        <time>2026-08-12T19:44:02Z</time>
      </trkpt>
      <trkpt lat="44.8049557" lon="20.4764466">
        <ele>134.2274521</ele>
        <time>2026-08-12T19:44:03Z</time>
      </trkpt>
      <trkpt lat="44.8049460" lon="20.4764443">
        <ele>134.2684661</ele>
        <time>2026-08-12T19:44:04Z</time>
      </trkpt>
      <trkpt lat="44.8049516" lon="20.4764453">
        <ele>134.2191807</ele>
        <time>2026-08-12T19:44:05Z</time>
      </trkpt>
      <trkpt lat="44.8049559" lon="20.4764457">
        <ele>134.2963045</ele>
        <time>2026-08-12T19:44:06Z</time>
      </trkpt>
      <trkpt lat="44.8049569" lon="20.4764481">
        <ele>134.2588921</ele>
        <time>2026-08-12T19:44:07Z</time>
      </trkpt>
      <trkpt lat="44.8049548" lon="20.4764493">
        <ele>134.2504049</ele>
        <time>2026-08-12T19:44:08Z</time>
      </trkpt>
      <trkpt lat="44.8049567" lon="20.4764507">
        <ele>134.2868459</ele>
        <time>2026-08-12T19:44:09Z</time>
      </trkpt>
      <trkpt lat="44.8049560" lon="20.4764503">
        <ele>134.2836780</ele>
        <time>2026-08-12T19:44:10Z</time>
      </trkpt>
      <trkpt lat="44.8049562" lon="20.4764520">
        <ele>134.2543769</ele>
        <time>2026-08-12T19:44:11Z</time>
      </trkpt>
      <trkpt lat="44.8049546" lon="20.4764562">
        <ele>134.2063557</ele>
        <time>2026-08-12T19:44:12Z</time>
      </trkpt>
      <trkpt lat="44.8049469" lon="20.4764743">
        <ele>134.0863331</ele>
        <time>2026-08-12T19:44:13Z</time>
      </trkpt>
      <trkpt lat="44.8049371" lon="20.4764968">
        <ele>133.7700451</ele>
        <time>2026-08-12T19:44:14Z</time>
      </trkpt>
      <trkpt lat="44.8049199" lon="20.4765308">
        <ele>133.7691453</ele>
        <time>2026-08-12T19:44:15Z</time>
      </trkpt>
      <trkpt lat="44.8048973" lon="20.4765582">
        <ele>133.4370273</ele>
        <time>2026-08-12T19:44:16Z</time>
      </trkpt>
      <trkpt lat="44.8048804" lon="20.4765901">
        <ele>133.6129784</ele>
        <time>2026-08-12T19:44:17Z</time>
      </trkpt>
      <trkpt lat="44.8048540" lon="20.4766481">
        <ele>133.3753513</ele>
        <time>2026-08-12T19:44:18Z</time>
      </trkpt>
      <trkpt lat="44.8048382" lon="20.4767121">
        <ele>133.3555914</ele>
        <time>2026-08-12T19:44:19Z</time>
      </trkpt>
      <trkpt lat="44.8048200" lon="20.4767733">
        <ele>133.4431126</ele>
        <time>2026-08-12T19:44:20Z</time>
      </trkpt>
      <trkpt lat="44.8047988" lon="20.4768323">
        <ele>133.6159053</ele>
        <time>2026-08-12T19:44:21Z</time>
      </trkpt>
      <trkpt lat="44.8047746" lon="20.4768842">
        <ele>133.5685286</ele>
        <time>2026-08-12T19:44:22Z</time>
      </trkpt>
      <trkpt lat="44.8047462" lon="20.4769527">
        <ele>133.3038807</ele>
        <time>2026-08-12T19:44:23Z</time>
      </trkpt>
      <trkpt lat="44.8047240" lon="20.4770158">
        <ele>133.2412244</ele>
        <time>2026-08-12T19:44:24Z</time>
      </trkpt>
      <trkpt lat="44.8047237" lon="20.4770730">
        <ele>133.8696785</ele>
        <time>2026-08-12T19:44:25Z</time>
      </trkpt>
      <trkpt lat="44.8047206" lon="20.4771347">
        <ele>134.4814102</ele>
        <time>2026-08-12T19:44:26Z</time>
      </trkpt>
      <trkpt lat="44.8046534" lon="20.4772238">
        <ele>135.0306430</ele>
        <time>2026-08-12T19:44:27Z</time>
      </trkpt>
      <trkpt lat="44.8046169" lon="20.4773086">
        <ele>134.6808107</ele>
        <time>2026-08-12T19:44:28Z</time>
      </trkpt>
      <trkpt lat="44.8045801" lon="20.4773972">
        <ele>134.9175977</ele>
        <time>2026-08-12T19:44:29Z</time>
      </trkpt>
      <trkpt lat="44.8045382" lon="20.4774914">
        <ele>134.5544384</ele>
        <time>2026-08-12T19:44:30Z</time>
      </trkpt>
      <trkpt lat="44.8044983" lon="20.4775898">
        <ele>134.5949999</ele>
        <time>2026-08-12T19:44:31Z</time>
      </trkpt>
      <trkpt lat="44.8044580" lon="20.4776809">
        <ele>134.6078057</ele>
        <time>2026-08-12T19:44:32Z</time>
      </trkpt>
      <trkpt lat="44.8044204" lon="20.4777725">
        <ele>134.5163167</ele>
        <time>2026-08-12T19:44:33Z</time>
      </trkpt>
      <trkpt lat="44.8043803" lon="20.4778656">
        <ele>134.3310746</ele>
        <time>2026-08-12T19:44:34Z</time>
      </trkpt>
      <trkpt lat="44.8043394" lon="20.4779549">
        <ele>134.5441862</ele>
        <time>2026-08-12T19:44:35Z</time>
      </trkpt>
      <trkpt lat="44.8042873" lon="20.4780285">
        <ele>134.7015359</ele>
        <time>2026-08-12T19:44:36Z</time>
      </trkpt>
      <trkpt lat="44.8042474" lon="20.4781100">
        <ele>134.5609171</ele>
        <time>2026-08-12T19:44:37Z</time>
      </trkpt>
      <trkpt lat="44.8042169" lon="20.4781839">
        <ele>134.4538421</ele>
        <time>2026-08-12T19:44:38Z</time>
      </trkpt>
      <trkpt lat="44.8041909" lon="20.4782471">
        <ele>134.4565094</ele>
        <time>2026-08-12T19:44:39Z</time>
      </trkpt>
      <trkpt lat="44.8041791" lon="20.4783193">
        <ele>134.3229833</ele>
        <time>2026-08-12T19:44:40Z</time>
      </trkpt>
      <trkpt lat="44.8041574" lon="20.4783735">
        <ele>134.3407197</ele>
        <time>2026-08-12T19:44:41Z</time>
      </trkpt>
      <trkpt lat="44.8041280" lon="20.4783999">
        <ele>134.2712301</ele>
        <time>2026-08-12T19:44:42Z</time>
      </trkpt>
      <trkpt lat="44.8041182" lon="20.4784237">
        <ele>134.0858720</ele>
        <time>2026-08-12T19:44:43Z</time>
      </trkpt>
      <trkpt lat="44.8041157" lon="20.4784701">
        <ele>134.1611866</ele>
        <time>2026-08-12T19:44:44Z</time>
      </trkpt>
      <trkpt lat="44.8041086" lon="20.4784815">
        <ele>134.0230058</ele>
        <time>2026-08-12T19:44:45Z</time>
      </trkpt>
      <trkpt lat="44.8041065" lon="20.4784803">
        <ele>134.0718942</ele>
        <time>2026-08-12T19:44:46Z</time>
      </trkpt>
      <trkpt lat="44.8041044" lon="20.4784820">
        <ele>133.7953450</ele>
        <time>2026-08-12T19:44:47Z</time>
      </trkpt>
      <trkpt lat="44.8041072" lon="20.4784800">
        <ele>133.6036382</ele>
        <time>2026-08-12T19:44:48Z</time>
      </trkpt>
      <trkpt lat="44.8041068" lon="20.4784823">
        <ele>133.5055751</ele>
        <time>2026-08-12T19:44:49Z</time>
      </trkpt>
      <trkpt lat="44.8041060" lon="20.4784869">
        <ele>133.3588764</ele>
        <time>2026-08-12T19:44:50Z</time>
      </trkpt>
      <trkpt lat="44.8041092" lon="20.4784892">
        <ele>133.4619586</ele>
        <time>2026-08-12T19:44:51Z</time>
      </trkpt>
      <trkpt lat="44.8041086" lon="20.4784909">
        <ele>133.3803451</ele>
        <time>2026-08-12T19:44:52Z</time>
      </trkpt>
      <trkpt lat="44.8040950" lon="20.4784801">
        <ele>133.1947924</ele>
        <time>2026-08-12T19:44:53Z</time>
      </trkpt>
      <trkpt lat="44.8040945" lon="20.4784812">
        <ele>133.1412439</ele>
        <time>2026-08-12T19:44:54Z</time>
      </trkpt>
      <trkpt lat="44.8040944" lon="20.4784816">
        <ele>133.1955610</ele>
        <time>2026-08-12T19:44:55Z</time>
      </trkpt>
      <trkpt lat="44.8040937" lon="20.4784832">
        <ele>133.2468110</ele>
        <time>2026-08-12T19:44:56Z</time>
      </trkpt>
      <trkpt lat="44.8040931" lon="20.4784845">
        <ele>133.2201746</ele>
        <time>2026-08-12T19:44:57Z</time>
      </trkpt>
      <trkpt lat="44.8041090" lon="20.4784971">
        <ele>133.2014007</ele>
        <time>2026-08-12T19:44:58Z</time>
      </trkpt>
      <trkpt lat="44.8041021" lon="20.4785053">
        <ele>133.3769484</ele>
        <time>2026-08-12T19:44:59Z</time>
      </trkpt>
      <trkpt lat="44.8041026" lon="20.4785050">
        <ele>133.3564892</ele>
        <time>2026-08-12T19:45:00Z</time>
      </trkpt>
      <trkpt lat="44.8041026" lon="20.4785050">
        <ele>133.3564892</ele>
        <time>2026-08-12T19:45:01Z</time>
      </trkpt>
      <trkpt lat="44.8041026" lon="20.4785050">
        <ele>133.3564892</ele>
        <time>2026-08-12T19:45:02Z</time>
      </trkpt>
      <trkpt lat="44.8041026" lon="20.4785050">
        <ele>133.3564892</ele>
        <time>2026-08-12T19:45:03Z</time>
      </trkpt>
      <trkpt lat="44.8041026" lon="20.4785050">
        <ele>133.3564892</ele>
        <time>2026-08-12T19:45:04Z</time>
      </trkpt>
      <trkpt lat="44.8040979" lon="20.4785065">
        <ele>133.5150011</ele>
        <time>2026-08-12T19:45:05Z</time>
      </trkpt>
      <trkpt lat="44.8040983" lon="20.4785055">
        <ele>133.5107607</ele>
        <time>2026-08-12T19:45:06Z</time>
      </trkpt>
      <trkpt lat="44.8040828" lon="20.4785399">
        <ele>133.9015607</ele>
        <time>2026-08-12T19:45:07Z</time>
      </trkpt>
      <trkpt lat="44.8040839" lon="20.4785375">
        <ele>133.9000024</ele>
        <time>2026-08-12T19:45:08Z</time>
      </trkpt>
      <trkpt lat="44.8040839" lon="20.4785375">
        <ele>133.9000024</ele>
        <time>2026-08-12T19:45:09Z</time>
      </trkpt>
      <trkpt lat="44.8040376" lon="20.4786281">
        <ele>134.6918681</ele>
        <time>2026-08-12T19:45:10Z</time>
      </trkpt>
      <trkpt lat="44.8040004" lon="20.4787315">
        <ele>134.8992469</ele>
        <time>2026-08-12T19:45:11Z</time>
      </trkpt>
      <trkpt lat="44.8039748" lon="20.4787875">
        <ele>134.8983132</ele>
        <time>2026-08-12T19:45:12Z</time>
      </trkpt>
      <trkpt lat="44.8039382" lon="20.4788523">
        <ele>135.0789748</ele>
        <time>2026-08-12T19:45:13Z</time>
      </trkpt>
      <trkpt lat="44.8039077" lon="20.4789098">
        <ele>134.9435920</ele>
        <time>2026-08-12T19:45:14Z</time>
      </trkpt>
      <trkpt lat="44.8038756" lon="20.4789906">
        <ele>135.2853591</ele>
        <time>2026-08-12T19:45:15Z</time>
      </trkpt>
      <trkpt lat="44.8038344" lon="20.4790703">
        <ele>135.4812521</ele>
        <time>2026-08-12T19:45:16Z</time>
      </trkpt>
      <trkpt lat="44.8038028" lon="20.4791390">
        <ele>135.8187257</ele>
        <time>2026-08-12T19:45:17Z</time>
      </trkpt>
      <trkpt lat="44.8037788" lon="20.4792076">
        <ele>136.0273935</ele>
        <time>2026-08-12T19:45:18Z</time>
      </trkpt>
      <trkpt lat="44.8037496" lon="20.4792708">
        <ele>135.9733375</ele>
        <time>2026-08-12T19:45:19Z</time>
      </trkpt>
      <trkpt lat="44.8037239" lon="20.4793332">
        <ele>136.1047147</ele>
        <time>2026-08-12T19:45:20Z</time>
      </trkpt>
      <trkpt lat="44.8037008" lon="20.4793754">
        <ele>136.3170361</ele>
        <time>2026-08-12T19:45:21Z</time>
      </trkpt>
      <trkpt lat="44.8036822" lon="20.4794164">
        <ele>136.3973290</ele>
        <time>2026-08-12T19:45:22Z</time>
      </trkpt>
      <trkpt lat="44.8036647" lon="20.4794516">
        <ele>136.5132961</ele>
        <time>2026-08-12T19:45:23Z</time>
      </trkpt>
      <trkpt lat="44.8036561" lon="20.4794847">
        <ele>136.6115475</ele>
        <time>2026-08-12T19:45:24Z</time>
      </trkpt>
      <trkpt lat="44.8036496" lon="20.4795043">
        <ele>136.7412519</ele>
        <time>2026-08-12T19:45:25Z</time>
      </trkpt>
      <trkpt lat="44.8036435" lon="20.4795113">
        <ele>136.7962895</ele>
        <time>2026-08-12T19:45:26Z</time>
      </trkpt>
      <trkpt lat="44.8036406" lon="20.4795125">
        <ele>137.0579373</ele>
        <time>2026-08-12T19:45:27Z</time>
      </trkpt>
      <trkpt lat="44.8036421" lon="20.4795136">
        <ele>137.3418031</ele>
        <time>2026-08-12T19:45:28Z</time>
      </trkpt>
      <trkpt lat="44.8036304" lon="20.4795353">
        <ele>137.6594991</ele>
        <time>2026-08-12T19:45:29Z</time>
      </trkpt>
      <trkpt lat="44.8036186" lon="20.4795639">
        <ele>138.0705819</ele>
        <time>2026-08-12T19:45:30Z</time>
      </trkpt>
      <trkpt lat="44.8036010" lon="20.4796099">
        <ele>138.3782806</ele>
        <time>2026-08-12T19:45:31Z</time>
      </trkpt>
      <trkpt lat="44.8035773" lon="20.4796574">
        <ele>138.9014415</ele>
        <time>2026-08-12T19:45:32Z</time>
      </trkpt>
      <trkpt lat="44.8035517" lon="20.4797269">
        <ele>138.9134809</ele>
        <time>2026-08-12T19:45:33Z</time>
      </trkpt>
      <trkpt lat="44.8035237" lon="20.4797964">
        <ele>138.8367797</ele>
        <time>2026-08-12T19:45:34Z</time>
      </trkpt>
      <trkpt lat="44.8034837" lon="20.4798804">
        <ele>138.8459161</ele>
        <time>2026-08-12T19:45:35Z</time>
      </trkpt>
      <trkpt lat="44.8034392" lon="20.4799570">
        <ele>138.6714017</ele>
        <time>2026-08-12T19:45:36Z</time>
      </trkpt>
      <trkpt lat="44.8033988" lon="20.4800355">
        <ele>139.0175223</ele>
        <time>2026-08-12T19:45:37Z</time>
      </trkpt>
      <trkpt lat="44.8033667" lon="20.4801447">
        <ele>138.7990125</ele>
        <time>2026-08-12T19:45:38Z</time>
      </trkpt>
      <trkpt lat="44.8033334" lon="20.4802462">
        <ele>138.8772575</ele>
        <time>2026-08-12T19:45:39Z</time>
      </trkpt>
      <trkpt lat="44.8032944" lon="20.4803469">
        <ele>138.6778122</ele>
        <time>2026-08-12T19:45:40Z</time>
      </trkpt>
      <trkpt lat="44.8032548" lon="20.4804476">
        <ele>138.8829713</ele>
        <time>2026-08-12T19:45:41Z</time>
      </trkpt>
      <trkpt lat="44.8032128" lon="20.4805461">
        <ele>138.8215183</ele>
        <time>2026-08-12T19:45:42Z</time>
      </trkpt>
      <trkpt lat="44.8031736" lon="20.4806487">
        <ele>139.0261533</ele>
        <time>2026-08-12T19:45:43Z</time>
      </trkpt>
      <trkpt lat="44.8031299" lon="20.4807507">
        <ele>139.1071617</ele>
        <time>2026-08-12T19:45:44Z</time>
      </trkpt>
      <trkpt lat="44.8030868" lon="20.4808550">
        <ele>139.1323553</ele>
        <time>2026-08-12T19:45:45Z</time>
      </trkpt>
      <trkpt lat="44.8030405" lon="20.4809520">
        <ele>139.3360187</ele>
        <time>2026-08-12T19:45:46Z</time>
      </trkpt>
      <trkpt lat="44.8029858" lon="20.4810403">
        <ele>139.1824321</ele>
        <time>2026-08-12T19:45:47Z</time>
      </trkpt>
      <trkpt lat="44.8029296" lon="20.4811275">
        <ele>139.1121888</ele>
        <time>2026-08-12T19:45:48Z</time>
      </trkpt>
      <trkpt lat="44.8028791" lon="20.4812170">
        <ele>139.1557011</ele>
        <time>2026-08-12T19:45:49Z</time>
      </trkpt>
      <trkpt lat="44.8028334" lon="20.4813092">
        <ele>139.2383906</ele>
        <time>2026-08-12T19:45:50Z</time>
      </trkpt>
      <trkpt lat="44.8027953" lon="20.4814070">
        <ele>139.3213949</ele>
        <time>2026-08-12T19:45:51Z</time>
      </trkpt>
      <trkpt lat="44.8027552" lon="20.4814983">
        <ele>139.5777134</ele>
        <time>2026-08-12T19:45:52Z</time>
      </trkpt>
      <trkpt lat="44.8027335" lon="20.4815934">
        <ele>139.6056099</ele>
        <time>2026-08-12T19:45:53Z</time>
      </trkpt>
      <trkpt lat="44.8027012" lon="20.4816705">
        <ele>139.8399820</ele>
        <time>2026-08-12T19:45:54Z</time>
      </trkpt>
      <trkpt lat="44.8026625" lon="20.4817628">
        <ele>139.7353443</ele>
        <time>2026-08-12T19:45:55Z</time>
      </trkpt>
      <trkpt lat="44.8026247" lon="20.4818524">
        <ele>139.9671647</ele>
        <time>2026-08-12T19:45:56Z</time>
      </trkpt>
      <trkpt lat="44.8025812" lon="20.4819553">
        <ele>140.5401915</ele>
        <time>2026-08-12T19:45:57Z</time>
      </trkpt>
      <trkpt lat="44.8025449" lon="20.4820410">
        <ele>140.7189870</ele>
        <time>2026-08-12T19:45:58Z</time>
      </trkpt>
      <trkpt lat="44.8024952" lon="20.4821145">
        <ele>140.8872151</ele>
        <time>2026-08-12T19:45:59Z</time>
      </trkpt>
      <trkpt lat="44.8024691" lon="20.4821891">
        <ele>141.0715464</ele>
        <time>2026-08-12T19:46:00Z</time>
      </trkpt>
      <trkpt lat="44.8024475" lon="20.4822530">
        <ele>141.3463141</ele>
        <time>2026-08-12T19:46:01Z</time>
      </trkpt>
      <trkpt lat="44.8024277" lon="20.4822999">
        <ele>141.7146020</ele>
        <time>2026-08-12T19:46:02Z</time>
      </trkpt>
      <trkpt lat="44.8024097" lon="20.4823469">
        <ele>141.5604779</ele>
        <time>2026-08-12T19:46:03Z</time>
      </trkpt>
      <trkpt lat="44.8023976" lon="20.4823842">
        <ele>141.9680665</ele>
        <time>2026-08-12T19:46:04Z</time>
      </trkpt>
      <trkpt lat="44.8023982" lon="20.4824252">
        <ele>141.8789742</ele>
        <time>2026-08-12T19:46:05Z</time>
      </trkpt>
      <trkpt lat="44.8024115" lon="20.4824572">
        <ele>141.2883963</ele>
        <time>2026-08-12T19:46:06Z</time>
      </trkpt>
      <trkpt lat="44.8024190" lon="20.4824694">
        <ele>141.2309102</ele>
        <time>2026-08-12T19:46:07Z</time>
      </trkpt>
      <trkpt lat="44.8024198" lon="20.4824625">
        <ele>141.7291056</ele>
        <time>2026-08-12T19:46:08Z</time>
      </trkpt>
      <trkpt lat="44.8024197" lon="20.4824619">
        <ele>141.7537425</ele>
        <time>2026-08-12T19:46:09Z</time>
      </trkpt>
      <trkpt lat="44.8024197" lon="20.4824619">
        <ele>141.7537425</ele>
        <time>2026-08-12T19:46:10Z</time>
      </trkpt>
      <trkpt lat="44.8024197" lon="20.4824619">
        <ele>141.7537425</ele>
        <time>2026-08-12T19:46:11Z</time>
      </trkpt>
      <trkpt lat="44.8024197" lon="20.4824619">
        <ele>141.7537425</ele>
        <time>2026-08-12T19:46:12Z</time>
      </trkpt>
      <trkpt lat="44.8024262" lon="20.4824848">
        <ele>141.4541514</ele>
        <time>2026-08-12T19:46:13Z</time>
      </trkpt>
      <trkpt lat="44.8024246" lon="20.4824860">
        <ele>141.3971597</ele>
        <time>2026-08-12T19:46:14Z</time>
      </trkpt>
      <trkpt lat="44.8024246" lon="20.4824858">
        <ele>141.3903998</ele>
        <time>2026-08-12T19:46:15Z</time>
      </trkpt>
      <trkpt lat="44.8024246" lon="20.4824858">
        <ele>141.3903998</ele>
        <time>2026-08-12T19:46:16Z</time>
      </trkpt>
      <trkpt lat="44.8024188" lon="20.4824961">
        <ele>141.3305830</ele>
        <time>2026-08-12T19:46:17Z</time>
      </trkpt>
      <trkpt lat="44.8024187" lon="20.4824959">
        <ele>141.3339006</ele>
        <time>2026-08-12T19:46:18Z</time>
      </trkpt>
      <trkpt lat="44.8024187" lon="20.4824959">
        <ele>141.3339006</ele>
        <time>2026-08-12T19:46:19Z</time>
      </trkpt>
      <trkpt lat="44.8024187" lon="20.4824959">
        <ele>141.3339006</ele>
        <time>2026-08-12T19:46:20Z</time>
      </trkpt>
      <trkpt lat="44.8024187" lon="20.4824959">
        <ele>141.3339006</ele>
        <time>2026-08-12T19:46:21Z</time>
      </trkpt>
      <trkpt lat="44.8024187" lon="20.4824959">
        <ele>141.3339006</ele>
        <time>2026-08-12T19:46:22Z</time>
      </trkpt>
      <trkpt lat="44.8024187" lon="20.4824959">
        <ele>141.3339006</ele>
        <time>2026-08-12T19:46:23Z</time>
      </trkpt>
      <trkpt lat="44.8024187" lon="20.4824959">
        <ele>141.3339006</ele>
        <time>2026-08-12T19:46:24Z</time>
      </trkpt>
      <trkpt lat="44.8024190" lon="20.4825224">
        <ele>141.5334556</ele>
        <time>2026-08-12T19:46:25Z</time>
      </trkpt>
      <trkpt lat="44.8024175" lon="20.4825284">
        <ele>141.5748038</ele>
        <time>2026-08-12T19:46:26Z</time>
      </trkpt>
      <trkpt lat="44.8024175" lon="20.4825284">
        <ele>141.5748038</ele>
        <time>2026-08-12T19:46:27Z</time>
      </trkpt>
      <trkpt lat="44.8023918" lon="20.4825937">
        <ele>141.9918529</ele>
        <time>2026-08-12T19:46:28Z</time>
      </trkpt>
      <trkpt lat="44.8023668" lon="20.4826359">
        <ele>142.6868836</ele>
        <time>2026-08-12T19:46:29Z</time>
      </trkpt>
      <trkpt lat="44.8023429" lon="20.4826847">
        <ele>143.0953013</ele>
        <time>2026-08-12T19:46:30Z</time>
      </trkpt>
      <trkpt lat="44.8023105" lon="20.4827427">
        <ele>143.1425159</ele>
        <time>2026-08-12T19:46:31Z</time>
      </trkpt>
      <trkpt lat="44.8022732" lon="20.4828125">
        <ele>143.3499404</ele>
        <time>2026-08-12T19:46:32Z</time>
      </trkpt>
      <trkpt lat="44.8022440" lon="20.4828918">
        <ele>143.5842913</ele>
        <time>2026-08-12T19:46:33Z</time>
      </trkpt>
      <trkpt lat="44.8022094" lon="20.4829675">
        <ele>143.7521608</ele>
        <time>2026-08-12T19:46:34Z</time>
      </trkpt>
      <trkpt lat="44.8021725" lon="20.4830566">
        <ele>143.4165863</ele>
        <time>2026-08-12T19:46:35Z</time>
      </trkpt>
      <trkpt lat="44.8021391" lon="20.4831384">
        <ele>143.7355523</ele>
        <time>2026-08-12T19:46:36Z</time>
      </trkpt>
      <trkpt lat="44.8021011" lon="20.4832240">
        <ele>144.2928474</ele>
        <time>2026-08-12T19:46:37Z</time>
      </trkpt>
      <trkpt lat="44.8020405" lon="20.4833460">
        <ele>144.7566609</ele>
        <time>2026-08-12T19:46:38Z</time>
      </trkpt>
      <trkpt lat="44.8020028" lon="20.4834639">
        <ele>144.9456128</ele>
        <time>2026-08-12T19:46:39Z</time>
      </trkpt>
      <trkpt lat="44.8019557" lon="20.4835784">
        <ele>145.0642729</ele>
        <time>2026-08-12T19:46:40Z</time>
      </trkpt>
      <trkpt lat="44.8019103" lon="20.4836900">
        <ele>145.2348937</ele>
        <time>2026-08-12T19:46:41Z</time>
      </trkpt>
      <trkpt lat="44.8018678" lon="20.4837995">
        <ele>145.4411619</ele>
        <time>2026-08-12T19:46:42Z</time>
      </trkpt>
      <trkpt lat="44.8018190" lon="20.4839149">
        <ele>145.6811809</ele>
        <time>2026-08-12T19:46:43Z</time>
      </trkpt>
      <trkpt lat="44.8017758" lon="20.4840246">
        <ele>145.7681579</ele>
        <time>2026-08-12T19:46:44Z</time>
      </trkpt>
      <trkpt lat="44.8017449" lon="20.4841214">
        <ele>145.9972604</ele>
        <time>2026-08-12T19:46:45Z</time>
      </trkpt>
      <trkpt lat="44.8016834" lon="20.4842503">
        <ele>146.1123453</ele>
        <time>2026-08-12T19:46:46Z</time>
      </trkpt>
      <trkpt lat="44.8016387" lon="20.4843613">
        <ele>146.2005921</ele>
        <time>2026-08-12T19:46:47Z</time>
      </trkpt>
      <trkpt lat="44.8015972" lon="20.4844658">
        <ele>146.4132431</ele>
        <time>2026-08-12T19:46:48Z</time>
      </trkpt>
      <trkpt lat="44.8015547" lon="20.4845688">
        <ele>146.4950443</ele>
        <time>2026-08-12T19:46:49Z</time>
      </trkpt>
      <trkpt lat="44.8015125" lon="20.4846733">
        <ele>146.7566358</ele>
        <time>2026-08-12T19:46:50Z</time>
      </trkpt>
      <trkpt lat="44.8014739" lon="20.4847711">
        <ele>147.0146495</ele>
        <time>2026-08-12T19:46:51Z</time>
      </trkpt>
      <trkpt lat="44.8014303" lon="20.4848656">
        <ele>146.8948533</ele>
        <time>2026-08-12T19:46:52Z</time>
      </trkpt>
      <trkpt lat="44.8013876" lon="20.4849676">
        <ele>147.3203989</ele>
        <time>2026-08-12T19:46:53Z</time>
      </trkpt>
      <trkpt lat="44.8013469" lon="20.4850735">
        <ele>147.2101094</ele>
        <time>2026-08-12T19:46:54Z</time>
      </trkpt>
      <trkpt lat="44.8013044" lon="20.4851785">
        <ele>147.4847339</ele>
        <time>2026-08-12T19:46:55Z</time>
      </trkpt>
      <trkpt lat="44.8012616" lon="20.4852772">
        <ele>147.6524999</ele>
        <time>2026-08-12T19:46:56Z</time>
      </trkpt>
      <trkpt lat="44.8012198" lon="20.4853771">
        <ele>147.7297044</ele>
        <time>2026-08-12T19:46:57Z</time>
      </trkpt>
      <trkpt lat="44.8011750" lon="20.4854742">
        <ele>147.7570667</ele>
        <time>2026-08-12T19:46:58Z</time>
      </trkpt>
      <trkpt lat="44.8011382" lon="20.4855846">
        <ele>147.5640507</ele>
        <time>2026-08-12T19:46:59Z</time>
      </trkpt>
      <trkpt lat="44.8011067" lon="20.4856734">
        <ele>147.7279750</ele>
        <time>2026-08-12T19:47:00Z</time>
      </trkpt>
      <trkpt lat="44.8010666" lon="20.4857670">
        <ele>147.9775635</ele>
        <time>2026-08-12T19:47:01Z</time>
      </trkpt>
      <trkpt lat="44.8010276" lon="20.4858609">
        <ele>148.0172922</ele>
        <time>2026-08-12T19:47:02Z</time>
      </trkpt>
      <trkpt lat="44.8009915" lon="20.4859519">
        <ele>148.3095118</ele>
        <time>2026-08-12T19:47:03Z</time>
      </trkpt>
      <trkpt lat="44.8009500" lon="20.4860499">
        <ele>148.2291714</ele>
        <time>2026-08-12T19:47:04Z</time>
      </trkpt>
      <trkpt lat="44.8009193" lon="20.4861344">
        <ele>148.2886248</ele>
        <time>2026-08-12T19:47:05Z</time>
      </trkpt>
      <trkpt lat="44.8008696" lon="20.4862137">
        <ele>148.2006192</ele>
        <time>2026-08-12T19:47:06Z</time>
      </trkpt>
      <trkpt lat="44.8008307" lon="20.4863061">
        <ele>147.8101975</ele>
        <time>2026-08-12T19:47:07Z</time>
      </trkpt>
      <trkpt lat="44.8007901" lon="20.4864023">
        <ele>147.9712700</ele>
        <time>2026-08-12T19:47:08Z</time>
      </trkpt>
      <trkpt lat="44.8007560" lon="20.4864824">
        <ele>148.0053470</ele>
        <time>2026-08-12T19:47:09Z</time>
      </trkpt>
      <trkpt lat="44.8007259" lon="20.4865529">
        <ele>147.8205506</ele>
        <time>2026-08-12T19:47:10Z</time>
      </trkpt>
      <trkpt lat="44.8006883" lon="20.4866412">
        <ele>147.7455808</ele>
        <time>2026-08-12T19:47:11Z</time>
      </trkpt>
      <trkpt lat="44.8006570" lon="20.4867148">
        <ele>147.6519621</ele>
        <time>2026-08-12T19:47:12Z</time>
      </trkpt>
      <trkpt lat="44.8006311" lon="20.4867777">
        <ele>147.4917473</ele>
        <time>2026-08-12T19:47:13Z</time>
      </trkpt>
      <trkpt lat="44.8006014" lon="20.4868514">
        <ele>147.4020375</ele>
        <time>2026-08-12T19:47:14Z</time>
      </trkpt>
      <trkpt lat="44.8005674" lon="20.4869357">
        <ele>147.3662927</ele>
        <time>2026-08-12T19:47:15Z</time>
      </trkpt>
      <trkpt lat="44.8005496" lon="20.4869799">
        <ele>147.2847793</ele>
        <time>2026-08-12T19:47:16Z</time>
      </trkpt>
      <trkpt lat="44.8005325" lon="20.4870168">
        <ele>147.2858033</ele>
        <time>2026-08-12T19:47:17Z</time>
      </trkpt>
      <trkpt lat="44.8005219" lon="20.4870425">
        <ele>147.2643657</ele>
        <time>2026-08-12T19:47:18Z</time>
      </trkpt>
      <trkpt lat="44.8005147" lon="20.4870596">
        <ele>147.1784196</ele>
        <time>2026-08-12T19:47:19Z</time>
      </trkpt>
      <trkpt lat="44.8005108" lon="20.4870690">
        <ele>147.2381340</ele>
        <time>2026-08-12T19:47:20Z</time>
      </trkpt>
      <trkpt lat="44.8005143" lon="20.4870608">
        <ele>147.1906717</ele>
        <time>2026-08-12T19:47:21Z</time>
      </trkpt>
      <trkpt lat="44.8005165" lon="20.4870554">
        <ele>147.2433519</ele>
        <time>2026-08-12T19:47:22Z</time>
      </trkpt>
      <trkpt lat="44.8005115" lon="20.4870674">
        <ele>147.5831998</ele>
        <time>2026-08-12T19:47:23Z</time>
      </trkpt>
      <trkpt lat="44.8005071" lon="20.4870779">
        <ele>147.5525716</ele>
        <time>2026-08-12T19:47:24Z</time>
      </trkpt>
      <trkpt lat="44.8005054" lon="20.4870819">
        <ele>147.4115428</ele>
        <time>2026-08-12T19:47:25Z</time>
      </trkpt>
      <trkpt lat="44.8005045" lon="20.4870842">
        <ele>147.3174465</ele>
        <time>2026-08-12T19:47:26Z</time>
      </trkpt>
      <trkpt lat="44.8005048" lon="20.4870834">
        <ele>147.3017282</ele>
        <time>2026-08-12T19:47:27Z</time>
      </trkpt>
      <trkpt lat="44.8005048" lon="20.4870834">
        <ele>147.3017282</ele>
        <time>2026-08-12T19:47:28Z</time>
      </trkpt>
      <trkpt lat="44.8005048" lon="20.4870834">
        <ele>147.3017282</ele>
        <time>2026-08-12T19:47:29Z</time>
      </trkpt>
      <trkpt lat="44.8005048" lon="20.4870834">
        <ele>147.3017282</ele>
        <time>2026-08-12T19:47:30Z</time>
      </trkpt>
      <trkpt lat="44.8005048" lon="20.4870834">
        <ele>147.3017282</ele>
        <time>2026-08-12T19:47:31Z</time>
      </trkpt>
      <trkpt lat="44.8005048" lon="20.4870834">
        <ele>147.3017282</ele>
        <time>2026-08-12T19:47:32Z</time>
      </trkpt>
      <trkpt lat="44.8005048" lon="20.4870834">
        <ele>147.3017282</ele>
        <time>2026-08-12T19:47:33Z</time>
      </trkpt>
      <trkpt lat="44.8005313" lon="20.4871052">
        <ele>147.3017282</ele>
        <time>2026-08-12T19:47:34Z</time>
      </trkpt>
      <trkpt lat="44.8005176" lon="20.4871334">
        <ele>147.3879188</ele>
        <time>2026-08-12T19:47:35Z</time>
      </trkpt>
      <trkpt lat="44.8005153" lon="20.4871471">
        <ele>147.5779429</ele>
        <time>2026-08-12T19:47:36Z</time>
      </trkpt>
      <trkpt lat="44.8005114" lon="20.4871594">
        <ele>147.4945755</ele>
        <time>2026-08-12T19:47:37Z</time>
      </trkpt>
      <trkpt lat="44.8004900" lon="20.4872169">
        <ele>147.5495369</ele>
        <time>2026-08-12T19:47:38Z</time>
      </trkpt>
      <trkpt lat="44.8004702" lon="20.4872598">
        <ele>147.4172626</ele>
        <time>2026-08-12T19:47:39Z</time>
      </trkpt>
      <trkpt lat="44.8004497" lon="20.4873067">
        <ele>147.8314770</ele>
        <time>2026-08-12T19:47:40Z</time>
      </trkpt>
      <trkpt lat="44.8004358" lon="20.4873581">
        <ele>148.1554224</ele>
        <time>2026-08-12T19:47:41Z</time>
      </trkpt>
      <trkpt lat="44.8004117" lon="20.4874202">
        <ele>148.3183890</ele>
        <time>2026-08-12T19:47:42Z</time>
      </trkpt>
      <trkpt lat="44.8003915" lon="20.4874876">
        <ele>148.6853483</ele>
        <time>2026-08-12T19:47:43Z</time>
      </trkpt>
      <trkpt lat="44.8003495" lon="20.4875601">
        <ele>148.7359706</ele>
        <time>2026-08-12T19:47:44Z</time>
      </trkpt>
      <trkpt lat="44.8003143" lon="20.4876351">
        <ele>148.8937270</ele>
        <time>2026-08-12T19:47:45Z</time>
      </trkpt>
      <trkpt lat="44.8002539" lon="20.4876855">
        <ele>148.8009092</ele>
        <time>2026-08-12T19:47:46Z</time>
      </trkpt>
      <trkpt lat="44.8002212" lon="20.4877633">
        <ele>149.0899301</ele>
        <time>2026-08-12T19:47:47Z</time>
      </trkpt>
      <trkpt lat="44.8001883" lon="20.4878423">
        <ele>149.3314801</ele>
        <time>2026-08-12T19:47:48Z</time>
      </trkpt>
      <trkpt lat="44.8001655" lon="20.4878983">
        <ele>149.4831126</ele>
        <time>2026-08-12T19:47:49Z</time>
      </trkpt>
      <trkpt lat="44.8001411" lon="20.4879583">
        <ele>149.3546723</ele>
        <time>2026-08-12T19:47:50Z</time>
      </trkpt>
      <trkpt lat="44.8001169" lon="20.4880178">
        <ele>149.7025454</ele>
        <time>2026-08-12T19:47:51Z</time>
      </trkpt>
      <trkpt lat="44.8000916" lon="20.4880799">
        <ele>149.7740280</ele>
        <time>2026-08-12T19:47:52Z</time>
      </trkpt>
      <trkpt lat="44.8000706" lon="20.4881316">
        <ele>149.9975811</ele>
        <time>2026-08-12T19:47:53Z</time>
      </trkpt>
      <trkpt lat="44.8000530" lon="20.4881750">
        <ele>150.3553975</ele>
        <time>2026-08-12T19:47:54Z</time>
      </trkpt>
      <trkpt lat="44.8000364" lon="20.4882158">
        <ele>150.7448003</ele>
        <time>2026-08-12T19:47:55Z</time>
      </trkpt>
      <trkpt lat="44.8000261" lon="20.4882412">
        <ele>151.0044979</ele>
        <time>2026-08-12T19:47:56Z</time>
      </trkpt>
      <trkpt lat="44.8000155" lon="20.4882675">
        <ele>151.3417532</ele>
        <time>2026-08-12T19:47:57Z</time>
      </trkpt>
      <trkpt lat="44.8000078" lon="20.4882864">
        <ele>151.6472609</ele>
        <time>2026-08-12T19:47:58Z</time>
      </trkpt>
      <trkpt lat="44.7999941" lon="20.4883201">
        <ele>152.0000292</ele>
        <time>2026-08-12T19:47:59Z</time>
      </trkpt>
      <trkpt lat="44.7999875" lon="20.4883362">
        <ele>151.9459852</ele>
        <time>2026-08-12T19:48:00Z</time>
      </trkpt>
      <trkpt lat="44.7999818" lon="20.4883502">
        <ele>151.9769995</ele>
        <time>2026-08-12T19:48:01Z</time>
      </trkpt>
      <trkpt lat="44.7999786" lon="20.4883579">
        <ele>152.5447537</ele>
        <time>2026-08-12T19:48:02Z</time>
      </trkpt>
      <trkpt lat="44.7999667" lon="20.4883871">
        <ele>152.8135764</ele>
        <time>2026-08-12T19:48:03Z</time>
      </trkpt>
      <trkpt lat="44.7999481" lon="20.4884324">
        <ele>153.0120452</ele>
        <time>2026-08-12T19:48:04Z</time>
      </trkpt>
      <trkpt lat="44.7999258" lon="20.4884870">
        <ele>153.2970004</ele>
        <time>2026-08-12T19:48:05Z</time>
      </trkpt>
      <trkpt lat="44.7998984" lon="20.4885539">
        <ele>153.4341358</ele>
        <time>2026-08-12T19:48:06Z</time>
      </trkpt>
      <trkpt lat="44.7998685" lon="20.4886270">
        <ele>153.6757224</ele>
        <time>2026-08-12T19:48:07Z</time>
      </trkpt>
      <trkpt lat="44.7998349" lon="20.4887082">
        <ele>154.1011891</ele>
        <time>2026-08-12T19:48:08Z</time>
      </trkpt>
      <trkpt lat="44.7998002" lon="20.4887910">
        <ele>154.5990440</ele>
        <time>2026-08-12T19:48:09Z</time>
      </trkpt>
      <trkpt lat="44.7997593" lon="20.4888882">
        <ele>154.8735211</ele>
        <time>2026-08-12T19:48:10Z</time>
      </trkpt>
      <trkpt lat="44.7997177" lon="20.4889890">
        <ele>155.1790686</ele>
        <time>2026-08-12T19:48:11Z</time>
      </trkpt>
      <trkpt lat="44.7996780" lon="20.4890843">
        <ele>155.5287458</ele>
        <time>2026-08-12T19:48:12Z</time>
      </trkpt>
      <trkpt lat="44.7996338" lon="20.4891904">
        <ele>156.2503135</ele>
        <time>2026-08-12T19:48:13Z</time>
      </trkpt>
      <trkpt lat="44.7995933" lon="20.4892876">
        <ele>156.4274776</ele>
        <time>2026-08-12T19:48:14Z</time>
      </trkpt>
      <trkpt lat="44.7995493" lon="20.4893929">
        <ele>156.8742357</ele>
        <time>2026-08-12T19:48:15Z</time>
      </trkpt>
      <trkpt lat="44.7994975" lon="20.4895169">
        <ele>157.6194509</ele>
        <time>2026-08-12T19:48:16Z</time>
      </trkpt>
      <trkpt lat="44.7994509" lon="20.4896285">
        <ele>157.5414044</ele>
        <time>2026-08-12T19:48:17Z</time>
      </trkpt>
      <trkpt lat="44.7994060" lon="20.4897358">
        <ele>158.2804783</ele>
        <time>2026-08-12T19:48:18Z</time>
      </trkpt>
      <trkpt lat="44.7993527" lon="20.4898626">
        <ele>158.3023566</ele>
        <time>2026-08-12T19:48:19Z</time>
      </trkpt>
      <trkpt lat="44.7993079" lon="20.4899691">
        <ele>158.1512281</ele>
        <time>2026-08-12T19:48:20Z</time>
      </trkpt>
      <trkpt lat="44.7992694" lon="20.4900611">
        <ele>158.6135714</ele>
        <time>2026-08-12T19:48:21Z</time>
      </trkpt>
      <trkpt lat="44.7992347" lon="20.4901441">
        <ele>158.8486961</ele>
        <time>2026-08-12T19:48:22Z</time>
      </trkpt>
      <trkpt lat="44.7992053" lon="20.4902143">
        <ele>159.4659896</ele>
        <time>2026-08-12T19:48:23Z</time>
      </trkpt>
      <trkpt lat="44.7991719" lon="20.4902941">
        <ele>159.9883511</ele>
        <time>2026-08-12T19:48:24Z</time>
      </trkpt>
      <trkpt lat="44.7991316" lon="20.4903904">
        <ele>160.1892622</ele>
        <time>2026-08-12T19:48:25Z</time>
      </trkpt>
      <trkpt lat="44.7990908" lon="20.4904878">
        <ele>160.3812110</ele>
        <time>2026-08-12T19:48:26Z</time>
      </trkpt>
      <trkpt lat="44.7990483" lon="20.4905892">
        <ele>160.6968590</ele>
        <time>2026-08-12T19:48:27Z</time>
      </trkpt>
      <trkpt lat="44.7990054" lon="20.4906890">
        <ele>161.0543037</ele>
        <time>2026-08-12T19:48:28Z</time>
      </trkpt>
      <trkpt lat="44.7989597" lon="20.4907928">
        <ele>161.2981566</ele>
        <time>2026-08-12T19:48:29Z</time>
      </trkpt>
      <trkpt lat="44.7989166" lon="20.4908907">
        <ele>161.7675099</ele>
        <time>2026-08-12T19:48:30Z</time>
      </trkpt>
      <trkpt lat="44.7988787" lon="20.4909877">
        <ele>162.0479761</ele>
        <time>2026-08-12T19:48:31Z</time>
      </trkpt>
      <trkpt lat="44.7988430" lon="20.4910747">
        <ele>162.4081045</ele>
        <time>2026-08-12T19:48:32Z</time>
      </trkpt>
      <trkpt lat="44.7988074" lon="20.4911596">
        <ele>162.7994784</ele>
        <time>2026-08-12T19:48:33Z</time>
      </trkpt>
      <trkpt lat="44.7987783" lon="20.4912290">
        <ele>163.1349238</ele>
        <time>2026-08-12T19:48:34Z</time>
      </trkpt>
      <trkpt lat="44.7987562" lon="20.4912820">
        <ele>163.4155455</ele>
        <time>2026-08-12T19:48:35Z</time>
      </trkpt>
      <trkpt lat="44.7987364" lon="20.4913292">
        <ele>163.5741201</ele>
        <time>2026-08-12T19:48:36Z</time>
      </trkpt>
      <trkpt lat="44.7987257" lon="20.4913551">
        <ele>163.7753398</ele>
        <time>2026-08-12T19:48:37Z</time>
      </trkpt>
      <trkpt lat="44.7987187" lon="20.4913717">
        <ele>163.8091741</ele>
        <time>2026-08-12T19:48:38Z</time>
      </trkpt>
      <trkpt lat="44.7987164" lon="20.4913772">
        <ele>163.9034133</ele>
        <time>2026-08-12T19:48:39Z</time>
      </trkpt>
      <trkpt lat="44.7987184" lon="20.4913726">
        <ele>164.1947640</ele>
        <time>2026-08-12T19:48:40Z</time>
      </trkpt>
      <trkpt lat="44.7987190" lon="20.4913711">
        <ele>164.3345164</ele>
        <time>2026-08-12T19:48:41Z</time>
      </trkpt>
      <trkpt lat="44.7987182" lon="20.4913731">
        <ele>164.3607269</ele>
        <time>2026-08-12T19:48:42Z</time>
      </trkpt>
      <trkpt lat="44.7987178" lon="20.4913740">
        <ele>164.4627892</ele>
        <time>2026-08-12T19:48:43Z</time>
      </trkpt>
      <trkpt lat="44.7987176" lon="20.4913744">
        <ele>164.4856688</ele>
        <time>2026-08-12T19:48:44Z</time>
      </trkpt>
      <trkpt lat="44.7987165" lon="20.4913771">
        <ele>164.5990336</ele>
        <time>2026-08-12T19:48:45Z</time>
      </trkpt>
      <trkpt lat="44.7987436" lon="20.4914074">
        <ele>165.1604534</ele>
        <time>2026-08-12T19:48:46Z</time>
      </trkpt>
      <trkpt lat="44.7987402" lon="20.4914056">
        <ele>165.1557638</ele>
        <time>2026-08-12T19:48:47Z</time>
      </trkpt>
      <trkpt lat="44.7987374" lon="20.4914000">
        <ele>165.1301680</ele>
        <time>2026-08-12T19:48:48Z</time>
      </trkpt>
      <trkpt lat="44.7987335" lon="20.4914047">
        <ele>165.1836499</ele>
        <time>2026-08-12T19:48:49Z</time>
      </trkpt>
      <trkpt lat="44.7987330" lon="20.4914049">
        <ele>165.3536828</ele>
        <time>2026-08-12T19:48:50Z</time>
      </trkpt>
      <trkpt lat="44.7987322" lon="20.4914064">
        <ele>165.2277434</ele>
        <time>2026-08-12T19:48:51Z</time>
      </trkpt>
      <trkpt lat="44.7987327" lon="20.4914056">
        <ele>165.2387798</ele>
        <time>2026-08-12T19:48:52Z</time>
      </trkpt>
      <trkpt lat="44.7987323" lon="20.4914046">
        <ele>165.1733646</ele>
        <time>2026-08-12T19:48:53Z</time>
      </trkpt>
      <trkpt lat="44.7987323" lon="20.4914045">
        <ele>165.1709890</ele>
        <time>2026-08-12T19:48:54Z</time>
      </trkpt>
      <trkpt lat="44.7987323" lon="20.4914045">
        <ele>165.1709890</ele>
        <time>2026-08-12T19:48:55Z</time>
      </trkpt>
      <trkpt lat="44.7987314" lon="20.4914065">
        <ele>165.0710455</ele>
        <time>2026-08-12T19:48:56Z</time>
      </trkpt>
      <trkpt lat="44.7987251" lon="20.4914107">
        <ele>164.9975730</ele>
        <time>2026-08-12T19:48:57Z</time>
      </trkpt>
      <trkpt lat="44.7987086" lon="20.4914437">
        <ele>165.1446050</ele>
        <time>2026-08-12T19:48:58Z</time>
      </trkpt>
      <trkpt lat="44.7986919" lon="20.4914793">
        <ele>165.3037612</ele>
        <time>2026-08-12T19:48:59Z</time>
      </trkpt>
      <trkpt lat="44.7986701" lon="20.4915253">
        <ele>165.4559529</ele>
        <time>2026-08-12T19:49:00Z</time>
      </trkpt>
      <trkpt lat="44.7986444" lon="20.4915845">
        <ele>165.5164433</ele>
        <time>2026-08-12T19:49:01Z</time>
      </trkpt>
      <trkpt lat="44.7986112" lon="20.4916529">
        <ele>165.9838843</ele>
        <time>2026-08-12T19:49:02Z</time>
      </trkpt>
      <trkpt lat="44.7985789" lon="20.4917254">
        <ele>165.9372995</ele>
        <time>2026-08-12T19:49:03Z</time>
      </trkpt>
      <trkpt lat="44.7985510" lon="20.4918017">
        <ele>165.6925629</ele>
        <time>2026-08-12T19:49:04Z</time>
      </trkpt>
      <trkpt lat="44.7985207" lon="20.4918728">
        <ele>165.8111556</ele>
        <time>2026-08-12T19:49:05Z</time>
      </trkpt>
      <trkpt lat="44.7984764" lon="20.4919469">
        <ele>166.4929032</ele>
        <time>2026-08-12T19:49:06Z</time>
      </trkpt>
      <trkpt lat="44.7984354" lon="20.4920310">
        <ele>166.9395081</ele>
        <time>2026-08-12T19:49:07Z</time>
      </trkpt>
      <trkpt lat="44.7984017" lon="20.4921079">
        <ele>167.1408408</ele>
        <time>2026-08-12T19:49:08Z</time>
      </trkpt>
      <trkpt lat="44.7983803" lon="20.4922094">
        <ele>167.1667894</ele>
        <time>2026-08-12T19:49:09Z</time>
      </trkpt>
      <trkpt lat="44.7983406" lon="20.4922989">
        <ele>167.3614364</ele>
        <time>2026-08-12T19:49:10Z</time>
      </trkpt>
      <trkpt lat="44.7983116" lon="20.4923858">
        <ele>167.6393542</ele>
        <time>2026-08-12T19:49:11Z</time>
      </trkpt>
      <trkpt lat="44.7982724" lon="20.4924636">
        <ele>167.7768729</ele>
        <time>2026-08-12T19:49:12Z</time>
      </trkpt>
      <trkpt lat="44.7982422" lon="20.4925397">
        <ele>167.9877401</ele>
        <time>2026-08-12T19:49:13Z</time>
      </trkpt>
      <trkpt lat="44.7982089" lon="20.4926112">
        <ele>168.3229445</ele>
        <time>2026-08-12T19:49:14Z</time>
      </trkpt>
      <trkpt lat="44.7981812" lon="20.4926793">
        <ele>168.4970316</ele>
        <time>2026-08-12T19:49:15Z</time>
      </trkpt>
      <trkpt lat="44.7981619" lon="20.4927404">
        <ele>167.9864498</ele>
        <time>2026-08-12T19:49:16Z</time>
      </trkpt>
      <trkpt lat="44.7981330" lon="20.4927863">
        <ele>168.3287564</ele>
        <time>2026-08-12T19:49:17Z</time>
      </trkpt>
      <trkpt lat="44.7981136" lon="20.4928361">
        <ele>168.8204394</ele>
        <time>2026-08-12T19:49:18Z</time>
      </trkpt>
      <trkpt lat="44.7981011" lon="20.4928816">
        <ele>168.9174319</ele>
        <time>2026-08-12T19:49:19Z</time>
      </trkpt>
      <trkpt lat="44.7980842" lon="20.4929145">
        <ele>168.7116472</ele>
        <time>2026-08-12T19:49:20Z</time>
      </trkpt>
      <trkpt lat="44.7980703" lon="20.4929386">
        <ele>168.8147839</ele>
        <time>2026-08-12T19:49:21Z</time>
      </trkpt>
      <trkpt lat="44.7980631" lon="20.4929520">
        <ele>168.9924804</ele>
        <time>2026-08-12T19:49:22Z</time>
      </trkpt>
      <trkpt lat="44.7980556" lon="20.4929568">
        <ele>169.0695984</ele>
        <time>2026-08-12T19:49:23Z</time>
      </trkpt>
      <trkpt lat="44.7980515" lon="20.4929545">
        <ele>169.2931511</ele>
        <time>2026-08-12T19:49:24Z</time>
      </trkpt>
      <trkpt lat="44.7980592" lon="20.4929648">
        <ele>169.3876725</ele>
        <time>2026-08-12T19:49:25Z</time>
      </trkpt>
      <trkpt lat="44.7980590" lon="20.4929588">
        <ele>169.3751496</ele>
        <time>2026-08-12T19:49:26Z</time>
      </trkpt>
      <trkpt lat="44.7980742" lon="20.4929595">
        <ele>169.7576366</ele>
        <time>2026-08-12T19:49:27Z</time>
      </trkpt>
      <trkpt lat="44.7980753" lon="20.4929587">
        <ele>169.7826514</ele>
        <time>2026-08-12T19:49:28Z</time>
      </trkpt>
      <trkpt lat="44.7980753" lon="20.4929587">
        <ele>169.7826514</ele>
        <time>2026-08-12T19:49:29Z</time>
      </trkpt>
      <trkpt lat="44.7980616" lon="20.4929470">
        <ele>169.9958259</ele>
        <time>2026-08-12T19:49:30Z</time>
      </trkpt>
      <trkpt lat="44.7980614" lon="20.4929435">
        <ele>169.7802430</ele>
        <time>2026-08-12T19:49:31Z</time>
      </trkpt>
      <trkpt lat="44.7980527" lon="20.4929484">
        <ele>169.9264033</ele>
        <time>2026-08-12T19:49:32Z</time>
      </trkpt>
      <trkpt lat="44.7980459" lon="20.4929677">
        <ele>170.3444287</ele>
        <time>2026-08-12T19:49:33Z</time>
      </trkpt>
      <trkpt lat="44.7980471" lon="20.4929806">
        <ele>170.2847177</ele>
        <time>2026-08-12T19:49:34Z</time>
      </trkpt>
      <trkpt lat="44.7980370" lon="20.4930123">
        <ele>170.6361223</ele>
        <time>2026-08-12T19:49:35Z</time>
      </trkpt>
      <trkpt lat="44.7980099" lon="20.4930703">
        <ele>170.3472156</ele>
        <time>2026-08-12T19:49:36Z</time>
      </trkpt>
      <trkpt lat="44.7979651" lon="20.4931418">
        <ele>169.5647119</ele>
        <time>2026-08-12T19:49:37Z</time>
      </trkpt>
      <trkpt lat="44.7979241" lon="20.4932170">
        <ele>169.5703462</ele>
        <time>2026-08-12T19:49:38Z</time>
      </trkpt>
      <trkpt lat="44.7978763" lon="20.4933030">
        <ele>169.7098461</ele>
        <time>2026-08-12T19:49:39Z</time>
      </trkpt>
      <trkpt lat="44.7978274" lon="20.4934029">
        <ele>170.1686745</ele>
        <time>2026-08-12T19:49:40Z</time>
      </trkpt>
      <trkpt lat="44.7977828" lon="20.4935093">
        <ele>170.6594903</ele>
        <time>2026-08-12T19:49:41Z</time>
      </trkpt>
      <trkpt lat="44.7977491" lon="20.4936161">
        <ele>171.2669351</ele>
        <time>2026-08-12T19:49:42Z</time>
      </trkpt>
      <trkpt lat="44.7976994" lon="20.4937215">
        <ele>171.6522247</ele>
        <time>2026-08-12T19:49:43Z</time>
      </trkpt>
      <trkpt lat="44.7976488" lon="20.4938391">
        <ele>172.0509009</ele>
        <time>2026-08-12T19:49:44Z</time>
      </trkpt>
      <trkpt lat="44.7975941" lon="20.4939570">
        <ele>172.3468568</ele>
        <time>2026-08-12T19:49:45Z</time>
      </trkpt>
      <trkpt lat="44.7975445" lon="20.4940704">
        <ele>172.7803984</ele>
        <time>2026-08-12T19:49:46Z</time>
      </trkpt>
      <trkpt lat="44.7974912" lon="20.4941862">
        <ele>173.2215593</ele>
        <time>2026-08-12T19:49:47Z</time>
      </trkpt>
      <trkpt lat="44.7974590" lon="20.4942997">
        <ele>173.8394623</ele>
        <time>2026-08-12T19:49:48Z</time>
      </trkpt>
      <trkpt lat="44.7974152" lon="20.4943993">
        <ele>174.2438062</ele>
        <time>2026-08-12T19:49:49Z</time>
      </trkpt>
      <trkpt lat="44.7973714" lon="20.4944995">
        <ele>174.2851657</ele>
        <time>2026-08-12T19:49:50Z</time>
      </trkpt>
      <trkpt lat="44.7973215" lon="20.4946005">
        <ele>174.5409865</ele>
        <time>2026-08-12T19:49:51Z</time>
      </trkpt>
      <trkpt lat="44.7972730" lon="20.4947099">
        <ele>174.8366752</ele>
        <time>2026-08-12T19:49:52Z</time>
      </trkpt>
      <trkpt lat="44.7972371" lon="20.4947970">
        <ele>174.8948126</ele>
        <time>2026-08-12T19:49:53Z</time>
      </trkpt>
      <trkpt lat="44.7971944" lon="20.4948867">
        <ele>175.0712434</ele>
        <time>2026-08-12T19:49:54Z</time>
      </trkpt>
      <trkpt lat="44.7971809" lon="20.4949841">
        <ele>175.3075198</ele>
        <time>2026-08-12T19:49:55Z</time>
      </trkpt>
      <trkpt lat="44.7971310" lon="20.4950624">
        <ele>175.1257013</ele>
        <time>2026-08-12T19:49:56Z</time>
      </trkpt>
      <trkpt lat="44.7971046" lon="20.4951383">
        <ele>175.6114008</ele>
        <time>2026-08-12T19:49:57Z</time>
      </trkpt>
      <trkpt lat="44.7970857" lon="20.4951962">
        <ele>175.8248558</ele>
        <time>2026-08-12T19:49:58Z</time>
      </trkpt>
      <trkpt lat="44.7970663" lon="20.4952388">
        <ele>175.8544273</ele>
        <time>2026-08-12T19:49:59Z</time>
      </trkpt>
      <trkpt lat="44.7970599" lon="20.4952625">
        <ele>175.9285407</ele>
        <time>2026-08-12T19:50:00Z</time>
      </trkpt>
      <trkpt lat="44.7970612" lon="20.4952721">
        <ele>176.0308312</ele>
        <time>2026-08-12T19:50:01Z</time>
      </trkpt>
      <trkpt lat="44.7970600" lon="20.4952688">
        <ele>176.7432100</ele>
        <time>2026-08-12T19:50:02Z</time>
      </trkpt>
      <trkpt lat="44.7970629" lon="20.4952662">
        <ele>176.7561730</ele>
        <time>2026-08-12T19:50:03Z</time>
      </trkpt>
      <trkpt lat="44.7970711" lon="20.4952661">
        <ele>176.8880035</ele>
        <time>2026-08-12T19:50:04Z</time>
      </trkpt>
      <trkpt lat="44.7970742" lon="20.4952706">
        <ele>176.8783771</ele>
        <time>2026-08-12T19:50:05Z</time>
      </trkpt>
      <trkpt lat="44.7970767" lon="20.4952628">
        <ele>176.5465262</ele>
        <time>2026-08-12T19:50:06Z</time>
      </trkpt>
      <trkpt lat="44.7970742" lon="20.4952595">
        <ele>176.5691713</ele>
        <time>2026-08-12T19:50:07Z</time>
      </trkpt>
      <trkpt lat="44.7970701" lon="20.4952548">
        <ele>176.2805682</ele>
        <time>2026-08-12T19:50:08Z</time>
      </trkpt>
      <trkpt lat="44.7970623" lon="20.4952518">
        <ele>176.4819793</ele>
        <time>2026-08-12T19:50:09Z</time>
      </trkpt>
      <trkpt lat="44.7970635" lon="20.4952501">
        <ele>176.6049491</ele>
        <time>2026-08-12T19:50:10Z</time>
      </trkpt>
      <trkpt lat="44.7970665" lon="20.4952580">
        <ele>176.5537570</ele>
        <time>2026-08-12T19:50:11Z</time>
      </trkpt>
      <trkpt lat="44.7970621" lon="20.4952652">
        <ele>176.6268706</ele>
        <time>2026-08-12T19:50:12Z</time>
      </trkpt>
      <trkpt lat="44.7970585" lon="20.4952798">
        <ele>176.7577044</ele>
        <time>2026-08-12T19:50:13Z</time>
      </trkpt>
      <trkpt lat="44.7970509" lon="20.4952945">
        <ele>176.4338008</ele>
        <time>2026-08-12T19:50:14Z</time>
      </trkpt>
      <trkpt lat="44.7970512" lon="20.4953037">
        <ele>176.4020979</ele>
        <time>2026-08-12T19:50:15Z</time>
      </trkpt>
      <trkpt lat="44.7970499" lon="20.4953154">
        <ele>176.4185029</ele>
        <time>2026-08-12T19:50:16Z</time>
      </trkpt>
      <trkpt lat="44.7970492" lon="20.4953263">
        <ele>176.3529092</ele>
        <time>2026-08-12T19:50:17Z</time>
      </trkpt>
      <trkpt lat="44.7970471" lon="20.4953325">
        <ele>176.3994089</ele>
        <time>2026-08-12T19:50:18Z</time>
      </trkpt>
      <trkpt lat="44.7970468" lon="20.4953328">
        <ele>176.6199892</ele>
        <time>2026-08-12T19:50:19Z</time>
      </trkpt>
      <trkpt lat="44.7970429" lon="20.4953405">
        <ele>177.3801022</ele>
        <time>2026-08-12T19:50:20Z</time>
      </trkpt>
      <trkpt lat="44.7970371" lon="20.4953526">
        <ele>177.1324379</ele>
        <time>2026-08-12T19:50:21Z</time>
      </trkpt>
      <trkpt lat="44.7970292" lon="20.4953619">
        <ele>177.2897459</ele>
        <time>2026-08-12T19:50:22Z</time>
      </trkpt>
      <trkpt lat="44.7970256" lon="20.4953707">
        <ele>176.8073347</ele>
        <time>2026-08-12T19:50:23Z</time>
      </trkpt>
      <trkpt lat="44.7970200" lon="20.4953818">
        <ele>177.1846680</ele>
        <time>2026-08-12T19:50:24Z</time>
      </trkpt>
      <trkpt lat="44.7970152" lon="20.4953914">
        <ele>177.0771870</ele>
        <time>2026-08-12T19:50:25Z</time>
      </trkpt>
      <trkpt lat="44.7970102" lon="20.4954052">
        <ele>177.2670309</ele>
        <time>2026-08-12T19:50:26Z</time>
      </trkpt>
      <trkpt lat="44.7970072" lon="20.4954169">
        <ele>177.2819041</ele>
        <time>2026-08-12T19:50:27Z</time>
      </trkpt>
      <trkpt lat="44.7970043" lon="20.4954307">
        <ele>177.3813742</ele>
        <time>2026-08-12T19:50:28Z</time>
      </trkpt>
      <trkpt lat="44.7969999" lon="20.4954431">
        <ele>177.4111099</ele>
        <time>2026-08-12T19:50:29Z</time>
      </trkpt>
      <trkpt lat="44.7970032" lon="20.4954569">
        <ele>177.4695929</ele>
        <time>2026-08-12T19:50:30Z</time>
      </trkpt>
      <trkpt lat="44.7970028" lon="20.4954650">
        <ele>177.3997822</ele>
        <time>2026-08-12T19:50:31Z</time>
      </trkpt>
      <trkpt lat="44.7969986" lon="20.4954749">
        <ele>177.3685698</ele>
        <time>2026-08-12T19:50:32Z</time>
      </trkpt>
      <trkpt lat="44.7969920" lon="20.4954855">
        <ele>176.9912888</ele>
        <time>2026-08-12T19:50:33Z</time>
      </trkpt>
      <trkpt lat="44.7969839" lon="20.4954983">
        <ele>176.5355251</ele>
        <time>2026-08-12T19:50:34Z</time>
      </trkpt>
      <trkpt lat="44.7969814" lon="20.4955126">
        <ele>176.4315865</ele>
        <time>2026-08-12T19:50:35Z</time>
      </trkpt>
      <trkpt lat="44.7969781" lon="20.4955176">
        <ele>176.2186559</ele>
        <time>2026-08-12T19:50:36Z</time>
      </trkpt>
      <trkpt lat="44.7969765" lon="20.4955288">
        <ele>176.0530989</ele>
        <time>2026-08-12T19:50:37Z</time>
      </trkpt>
      <trkpt lat="44.7969846" lon="20.4955352">
        <ele>175.9609850</ele>
        <time>2026-08-12T19:50:38Z</time>
      </trkpt>
      <trkpt lat="44.7969844" lon="20.4955485">
        <ele>176.0078056</ele>
        <time>2026-08-12T19:50:39Z</time>
      </trkpt>
      <trkpt lat="44.7969810" lon="20.4955534">
        <ele>176.3260322</ele>
        <time>2026-08-12T19:50:40Z</time>
      </trkpt>
      <trkpt lat="44.7969737" lon="20.4955560">
        <ele>176.9501607</ele>
        <time>2026-08-12T19:50:41Z</time>
      </trkpt>
      <trkpt lat="44.7969648" lon="20.4955684">
        <ele>177.0506939</ele>
        <time>2026-08-12T19:50:42Z</time>
      </trkpt>
      <trkpt lat="44.7969573" lon="20.4955735">
        <ele>177.2123466</ele>
        <time>2026-08-12T19:50:43Z</time>
      </trkpt>
      <trkpt lat="44.7969453" lon="20.4955880">
        <ele>176.4256781</ele>
        <time>2026-08-12T19:50:44Z</time>
      </trkpt>
      <trkpt lat="44.7969375" lon="20.4956013">
        <ele>176.7553392</ele>
        <time>2026-08-12T19:50:45Z</time>
      </trkpt>
      <trkpt lat="44.7969318" lon="20.4956106">
        <ele>176.7610730</ele>
        <time>2026-08-12T19:50:46Z</time>
      </trkpt>
      <trkpt lat="44.7969266" lon="20.4956232">
        <ele>176.7594322</ele>
        <time>2026-08-12T19:50:47Z</time>
      </trkpt>
      <trkpt lat="44.7969226" lon="20.4956358">
        <ele>176.9385332</ele>
        <time>2026-08-12T19:50:48Z</time>
      </trkpt>
      <trkpt lat="44.7969170" lon="20.4956480">
        <ele>176.8374370</ele>
        <time>2026-08-12T19:50:49Z</time>
      </trkpt>
      <trkpt lat="44.7969082" lon="20.4956612">
        <ele>176.9820977</ele>
        <time>2026-08-12T19:50:50Z</time>
      </trkpt>
      <trkpt lat="44.7969029" lon="20.4956617">
        <ele>176.9444225</ele>
        <time>2026-08-12T19:50:51Z</time>
      </trkpt>
      <trkpt lat="44.7969073" lon="20.4956508">
        <ele>177.0916611</ele>
        <time>2026-08-12T19:50:52Z</time>
      </trkpt>
      <trkpt lat="44.7968940" lon="20.4956454">
        <ele>177.0652896</ele>
        <time>2026-08-12T19:50:53Z</time>
      </trkpt>
      <trkpt lat="44.7968742" lon="20.4956497">
        <ele>177.0649014</ele>
        <time>2026-08-12T19:50:54Z</time>
      </trkpt>
      <trkpt lat="44.7968674" lon="20.4956530">
        <ele>176.6840672</ele>
        <time>2026-08-12T19:50:55Z</time>
      </trkpt>
      <trkpt lat="44.7968553" lon="20.4956561">
        <ele>176.8305533</ele>
        <time>2026-08-12T19:50:56Z</time>
      </trkpt>
      <trkpt lat="44.7968372" lon="20.4956602">
        <ele>176.8900215</ele>
        <time>2026-08-12T19:50:57Z</time>
      </trkpt>
      <trkpt lat="44.7968319" lon="20.4956693">
        <ele>176.8309030</ele>
        <time>2026-08-12T19:50:58Z</time>
      </trkpt>
      <trkpt lat="44.7968251" lon="20.4956760">
        <ele>177.0908524</ele>
        <time>2026-08-12T19:50:59Z</time>
      </trkpt>
      <trkpt lat="44.7968236" lon="20.4956897">
        <ele>176.8948319</ele>
        <time>2026-08-12T19:51:00Z</time>
      </trkpt>
      <trkpt lat="44.7968189" lon="20.4956975">
        <ele>176.7604511</ele>
        <time>2026-08-12T19:51:01Z</time>
      </trkpt>
      <trkpt lat="44.7968132" lon="20.4957013">
        <ele>176.9584424</ele>
        <time>2026-08-12T19:51:02Z</time>
      </trkpt>
      <trkpt lat="44.7968040" lon="20.4957067">
        <ele>177.2146250</ele>
        <time>2026-08-12T19:51:03Z</time>
      </trkpt>
      <trkpt lat="44.7967975" lon="20.4957136">
        <ele>177.4279907</ele>
        <time>2026-08-12T19:51:04Z</time>
      </trkpt>
      <trkpt lat="44.7967836" lon="20.4957276">
        <ele>177.5725531</ele>
        <time>2026-08-12T19:51:05Z</time>
      </trkpt>
      <trkpt lat="44.7967746" lon="20.4957439">
        <ele>177.8753102</ele>
        <time>2026-08-12T19:51:06Z</time>
      </trkpt>
      <trkpt lat="44.7967678" lon="20.4957580">
        <ele>177.7521186</ele>
        <time>2026-08-12T19:51:07Z</time>
      </trkpt>
      <trkpt lat="44.7967610" lon="20.4957682">
        <ele>177.3337155</ele>
        <time>2026-08-12T19:51:08Z</time>
      </trkpt>
      <trkpt lat="44.7967578" lon="20.4957758">
        <ele>177.4456605</ele>
        <time>2026-08-12T19:51:09Z</time>
      </trkpt>
      <trkpt lat="44.7967568" lon="20.4957706">
        <ele>177.2435335</ele>
        <time>2026-08-12T19:51:10Z</time>
      </trkpt>
      <trkpt lat="44.7967526" lon="20.4957748">
        <ele>177.3820654</ele>
        <time>2026-08-12T19:51:11Z</time>
      </trkpt>
      <trkpt lat="44.7967498" lon="20.4957797">
        <ele>177.5376802</ele>
        <time>2026-08-12T19:51:12Z</time>
      </trkpt>
      <trkpt lat="44.7967518" lon="20.4957870">
        <ele>177.8701227</ele>
        <time>2026-08-12T19:51:13Z</time>
      </trkpt>
      <trkpt lat="44.7967488" lon="20.4958120">
        <ele>177.8763206</ele>
        <time>2026-08-12T19:51:14Z</time>
      </trkpt>
      <trkpt lat="44.7967437" lon="20.4958394">
        <ele>177.8563643</ele>
        <time>2026-08-12T19:51:15Z</time>
      </trkpt>
      <trkpt lat="44.7967376" lon="20.4958468">
        <ele>177.6776835</ele>
        <time>2026-08-12T19:51:16Z</time>
      </trkpt>
      <trkpt lat="44.7967324" lon="20.4958567">
        <ele>177.5454027</ele>
        <time>2026-08-12T19:51:17Z</time>
      </trkpt>
      <trkpt lat="44.7967277" lon="20.4958588">
        <ele>177.4895139</ele>
        <time>2026-08-12T19:51:18Z</time>
      </trkpt>
      <trkpt lat="44.7967262" lon="20.4958642">
        <ele>177.4184269</ele>
        <time>2026-08-12T19:51:19Z</time>
      </trkpt>
      <trkpt lat="44.7967223" lon="20.4958732">
        <ele>177.7197151</ele>
        <time>2026-08-12T19:51:20Z</time>
      </trkpt>
      <trkpt lat="44.7967178" lon="20.4958748">
        <ele>177.8757007</ele>
        <time>2026-08-12T19:51:21Z</time>
      </trkpt>
      <trkpt lat="44.7967047" lon="20.4958767">
        <ele>177.7899575</ele>
        <time>2026-08-12T19:51:22Z</time>
      </trkpt>
      <trkpt lat="44.7966884" lon="20.4958837">
        <ele>177.8522649</ele>
        <time>2026-08-12T19:51:23Z</time>
      </trkpt>
      <trkpt lat="44.7966821" lon="20.4958900">
        <ele>177.8366134</ele>
        <time>2026-08-12T19:51:24Z</time>
      </trkpt>
      <trkpt lat="44.7966702" lon="20.4958973">
        <ele>178.2924745</ele>
        <time>2026-08-12T19:51:25Z</time>
      </trkpt>
      <trkpt lat="44.7966579" lon="20.4958957">
        <ele>178.0401436</ele>
        <time>2026-08-12T19:51:26Z</time>
      </trkpt>
      <trkpt lat="44.7966417" lon="20.4958917">
        <ele>178.1241556</ele>
        <time>2026-08-12T19:51:27Z</time>
      </trkpt>
      <trkpt lat="44.7966357" lon="20.4958954">
        <ele>177.9614389</ele>
        <time>2026-08-12T19:51:28Z</time>
      </trkpt>
      <trkpt lat="44.7966276" lon="20.4958991">
        <ele>177.9104256</ele>
        <time>2026-08-12T19:51:29Z</time>
      </trkpt>
      <trkpt lat="44.7966225" lon="20.4959038">
        <ele>177.7954705</ele>
        <time>2026-08-12T19:51:30Z</time>
      </trkpt>
      <trkpt lat="44.7966150" lon="20.4959214">
        <ele>177.9494735</ele>
        <time>2026-08-12T19:51:31Z</time>
      </trkpt>
      <trkpt lat="44.7966046" lon="20.4959204">
        <ele>177.8813670</ele>
        <time>2026-08-12T19:51:32Z</time>
      </trkpt>
      <trkpt lat="44.7965963" lon="20.4959346">
        <ele>177.9913197</ele>
        <time>2026-08-12T19:51:33Z</time>
      </trkpt>
      <trkpt lat="44.7965813" lon="20.4959534">
        <ele>178.0002928</ele>
        <time>2026-08-12T19:51:34Z</time>
      </trkpt>
      <trkpt lat="44.7965683" lon="20.4959709">
        <ele>178.0728154</ele>
        <time>2026-08-12T19:51:35Z</time>
      </trkpt>
      <trkpt lat="44.7965613" lon="20.4959899">
        <ele>178.0494466</ele>
        <time>2026-08-12T19:51:36Z</time>
      </trkpt>
      <trkpt lat="44.7965566" lon="20.4960052">
        <ele>178.2875616</ele>
        <time>2026-08-12T19:51:37Z</time>
      </trkpt>
      <trkpt lat="44.7965435" lon="20.4960192">
        <ele>178.3254619</ele>
        <time>2026-08-12T19:51:38Z</time>
      </trkpt>
      <trkpt lat="44.7965333" lon="20.4960257">
        <ele>178.3433539</ele>
        <time>2026-08-12T19:51:39Z</time>
      </trkpt>
      <trkpt lat="44.7965287" lon="20.4960353">
        <ele>178.2786534</ele>
        <time>2026-08-12T19:51:40Z</time>
      </trkpt>
      <trkpt lat="44.7965356" lon="20.4960675">
        <ele>178.1174075</ele>
        <time>2026-08-12T19:51:41Z</time>
      </trkpt>
      <trkpt lat="44.7965376" lon="20.4960838">
        <ele>177.9439760</ele>
        <time>2026-08-12T19:51:42Z</time>
      </trkpt>
      <trkpt lat="44.7965230" lon="20.4961231">
        <ele>177.7637640</ele>
        <time>2026-08-12T19:51:43Z</time>
      </trkpt>
      <trkpt lat="44.7965090" lon="20.4961566">
        <ele>177.9997833</ele>
        <time>2026-08-12T19:51:44Z</time>
      </trkpt>
      <trkpt lat="44.7964964" lon="20.4961889">
        <ele>178.2882028</ele>
        <time>2026-08-12T19:51:45Z</time>
      </trkpt>
      <trkpt lat="44.7964864" lon="20.4962410">
        <ele>178.3559313</ele>
        <time>2026-08-12T19:51:46Z</time>
      </trkpt>
      <trkpt lat="44.7964858" lon="20.4962643">
        <ele>178.3419307</ele>
        <time>2026-08-12T19:51:47Z</time>
      </trkpt>
      <trkpt lat="44.7964827" lon="20.4962814">
        <ele>178.2242150</ele>
        <time>2026-08-12T19:51:48Z</time>
      </trkpt>
      <trkpt lat="44.7964779" lon="20.4963163">
        <ele>178.0932529</ele>
        <time>2026-08-12T19:51:49Z</time>
      </trkpt>
      <trkpt lat="44.7964737" lon="20.4963393">
        <ele>178.3307999</ele>
        <time>2026-08-12T19:51:50Z</time>
      </trkpt>
      <trkpt lat="44.7964751" lon="20.4963511">
        <ele>178.5695803</ele>
        <time>2026-08-12T19:51:51Z</time>
      </trkpt>
      <trkpt lat="44.7964704" lon="20.4963604">
        <ele>178.6337600</ele>
        <time>2026-08-12T19:51:52Z</time>
      </trkpt>
      <trkpt lat="44.7964654" lon="20.4963732">
        <ele>178.9531520</ele>
        <time>2026-08-12T19:51:53Z</time>
      </trkpt>
      <trkpt lat="44.7964611" lon="20.4963898">
        <ele>179.0535628</ele>
        <time>2026-08-12T19:51:54Z</time>
      </trkpt>
      <trkpt lat="44.7964569" lon="20.4964063">
        <ele>179.0399052</ele>
        <time>2026-08-12T19:51:55Z</time>
      </trkpt>
      <trkpt lat="44.7964513" lon="20.4964209">
        <ele>179.1580449</ele>
        <time>2026-08-12T19:51:56Z</time>
      </trkpt>
      <trkpt lat="44.7964388" lon="20.4964345">
        <ele>179.3653770</ele>
        <time>2026-08-12T19:51:57Z</time>
      </trkpt>
      <trkpt lat="44.7964262" lon="20.4964471">
        <ele>179.8430858</ele>
        <time>2026-08-12T19:51:58Z</time>
      </trkpt>
      <trkpt lat="44.7964165" lon="20.4964613">
        <ele>179.5099606</ele>
        <time>2026-08-12T19:51:59Z</time>
      </trkpt>
      <trkpt lat="44.7964046" lon="20.4964755">
        <ele>179.3230062</ele>
        <time>2026-08-12T19:52:00Z</time>
      </trkpt>
      <trkpt lat="44.7963970" lon="20.4964916">
        <ele>179.1299018</ele>
        <time>2026-08-12T19:52:01Z</time>
      </trkpt>
      <trkpt lat="44.7963918" lon="20.4965024">
        <ele>178.8653311</ele>
        <time>2026-08-12T19:52:02Z</time>
      </trkpt>
      <trkpt lat="44.7963898" lon="20.4965097">
        <ele>178.9207351</ele>
        <time>2026-08-12T19:52:03Z</time>
      </trkpt>
      <trkpt lat="44.7963863" lon="20.4965208">
        <ele>178.8505566</ele>
        <time>2026-08-12T19:52:04Z</time>
      </trkpt>
      <trkpt lat="44.7963850" lon="20.4965280">
        <ele>178.7856649</ele>
        <time>2026-08-12T19:52:05Z</time>
      </trkpt>
      <trkpt lat="44.7963805" lon="20.4965388">
        <ele>178.1599162</ele>
        <time>2026-08-12T19:52:06Z</time>
      </trkpt>
      <trkpt lat="44.7963751" lon="20.4965542">
        <ele>178.4366096</ele>
        <time>2026-08-12T19:52:07Z</time>
      </trkpt>
      <trkpt lat="44.7963674" lon="20.4965697">
        <ele>178.8775094</ele>
        <time>2026-08-12T19:52:08Z</time>
      </trkpt>
      <trkpt lat="44.7963634" lon="20.4965785">
        <ele>178.8809686</ele>
        <time>2026-08-12T19:52:09Z</time>
      </trkpt>
      <trkpt lat="44.7963568" lon="20.4965943">
        <ele>179.0248465</ele>
        <time>2026-08-12T19:52:10Z</time>
      </trkpt>
      <trkpt lat="44.7963506" lon="20.4966081">
        <ele>179.2280570</ele>
        <time>2026-08-12T19:52:11Z</time>
      </trkpt>
      <trkpt lat="44.7963429" lon="20.4966196">
        <ele>179.2651560</ele>
        <time>2026-08-12T19:52:12Z</time>
      </trkpt>
      <trkpt lat="44.7963353" lon="20.4966261">
        <ele>179.0527752</ele>
        <time>2026-08-12T19:52:13Z</time>
      </trkpt>
      <trkpt lat="44.7963249" lon="20.4966417">
        <ele>178.9139909</ele>
        <time>2026-08-12T19:52:14Z</time>
      </trkpt>
      <trkpt lat="44.7963187" lon="20.4966478">
        <ele>178.9333148</ele>
        <time>2026-08-12T19:52:15Z</time>
      </trkpt>
      <trkpt lat="44.7963133" lon="20.4966520">
        <ele>178.7605585</ele>
        <time>2026-08-12T19:52:16Z</time>
      </trkpt>
      <trkpt lat="44.7963103" lon="20.4966550">
        <ele>178.6618386</ele>
        <time>2026-08-12T19:52:17Z</time>
      </trkpt>
      <trkpt lat="44.7962972" lon="20.4966749">
        <ele>178.9555445</ele>
        <time>2026-08-12T19:52:18Z</time>
      </trkpt>
      <trkpt lat="44.7962820" lon="20.4966958">
        <ele>179.0460374</ele>
        <time>2026-08-12T19:52:19Z</time>
      </trkpt>
      <trkpt lat="44.7962749" lon="20.4967244">
        <ele>178.6695490</ele>
        <time>2026-08-12T19:52:20Z</time>
      </trkpt>
      <trkpt lat="44.7962705" lon="20.4967370">
        <ele>178.7894972</ele>
        <time>2026-08-12T19:52:21Z</time>
      </trkpt>
      <trkpt lat="44.7962595" lon="20.4967423">
        <ele>178.8389404</ele>
        <time>2026-08-12T19:52:22Z</time>
      </trkpt>
      <trkpt lat="44.7962663" lon="20.4967903">
        <ele>179.0180370</ele>
        <time>2026-08-12T19:52:23Z</time>
      </trkpt>
      <trkpt lat="44.7962708" lon="20.4968296">
        <ele>178.9756660</ele>
        <time>2026-08-12T19:52:24Z</time>
      </trkpt>
      <trkpt lat="44.7962653" lon="20.4968498">
        <ele>178.9539672</ele>
        <time>2026-08-12T19:52:25Z</time>
      </trkpt>
      <trkpt lat="44.7962607" lon="20.4968642">
        <ele>178.9514966</ele>
        <time>2026-08-12T19:52:26Z</time>
      </trkpt>
      <trkpt lat="44.7962548" lon="20.4968822">
        <ele>179.0824521</ele>
        <time>2026-08-12T19:52:27Z</time>
      </trkpt>
      <trkpt lat="44.7962508" lon="20.4968993">
        <ele>179.2483841</ele>
        <time>2026-08-12T19:52:28Z</time>
      </trkpt>
      <trkpt lat="44.7962462" lon="20.4969058">
        <ele>179.4104525</ele>
        <time>2026-08-12T19:52:29Z</time>
      </trkpt>
      <trkpt lat="44.7962427" lon="20.4969217">
        <ele>178.9930242</ele>
        <time>2026-08-12T19:52:30Z</time>
      </trkpt>
      <trkpt lat="44.7962303" lon="20.4969377">
        <ele>179.6574397</ele>
        <time>2026-08-12T19:52:31Z</time>
      </trkpt>
      <trkpt lat="44.7962277" lon="20.4969530">
        <ele>179.8348453</ele>
        <time>2026-08-12T19:52:32Z</time>
      </trkpt>
      <trkpt lat="44.7962167" lon="20.4969709">
        <ele>180.0397769</ele>
        <time>2026-08-12T19:52:33Z</time>
      </trkpt>
      <trkpt lat="44.7962096" lon="20.4969877">
        <ele>180.0810968</ele>
        <time>2026-08-12T19:52:34Z</time>
      </trkpt>
      <trkpt lat="44.7962043" lon="20.4970056">
        <ele>179.9839384</ele>
        <time>2026-08-12T19:52:35Z</time>
      </trkpt>
      <trkpt lat="44.7961997" lon="20.4970275">
        <ele>179.9021719</ele>
        <time>2026-08-12T19:52:36Z</time>
      </trkpt>
      <trkpt lat="44.7961988" lon="20.4970376">
        <ele>179.6613865</ele>
        <time>2026-08-12T19:52:37Z</time>
      </trkpt>
      <trkpt lat="44.7961941" lon="20.4970451">
        <ele>179.7216058</ele>
        <time>2026-08-12T19:52:38Z</time>
      </trkpt>
      <trkpt lat="44.7961873" lon="20.4970484">
        <ele>179.7374523</ele>
        <time>2026-08-12T19:52:39Z</time>
      </trkpt>
      <trkpt lat="44.7961875" lon="20.4970555">
        <ele>179.9908892</ele>
        <time>2026-08-12T19:52:40Z</time>
      </trkpt>
      <trkpt lat="44.7961853" lon="20.4970706">
        <ele>179.9148864</ele>
        <time>2026-08-12T19:52:41Z</time>
      </trkpt>
      <trkpt lat="44.7961793" lon="20.4970877">
        <ele>180.2160758</ele>
        <time>2026-08-12T19:52:42Z</time>
      </trkpt>
      <trkpt lat="44.7961721" lon="20.4971074">
        <ele>180.2365217</ele>
        <time>2026-08-12T19:52:43Z</time>
      </trkpt>
      <trkpt lat="44.7961656" lon="20.4971188">
        <ele>180.1846728</ele>
        <time>2026-08-12T19:52:44Z</time>
      </trkpt>
      <trkpt lat="44.7961645" lon="20.4971329">
        <ele>180.1494814</ele>
        <time>2026-08-12T19:52:45Z</time>
      </trkpt>
      <trkpt lat="44.7961604" lon="20.4971483">
        <ele>180.3416059</ele>
        <time>2026-08-12T19:52:46Z</time>
      </trkpt>
      <trkpt lat="44.7961579" lon="20.4971603">
        <ele>180.4127771</ele>
        <time>2026-08-12T19:52:47Z</time>
      </trkpt>
      <trkpt lat="44.7961502" lon="20.4971698">
        <ele>180.7530047</ele>
        <time>2026-08-12T19:52:48Z</time>
      </trkpt>
      <trkpt lat="44.7961443" lon="20.4971758">
        <ele>181.1523492</ele>
        <time>2026-08-12T19:52:49Z</time>
      </trkpt>
      <trkpt lat="44.7961387" lon="20.4971800">
        <ele>181.2490574</ele>
        <time>2026-08-12T19:52:50Z</time>
      </trkpt>
      <trkpt lat="44.7961381" lon="20.4971841">
        <ele>181.0056849</ele>
        <time>2026-08-12T19:52:51Z</time>
      </trkpt>
      <trkpt lat="44.7961415" lon="20.4971942">
        <ele>181.2541702</ele>
        <time>2026-08-12T19:52:52Z</time>
      </trkpt>
      <trkpt lat="44.7961331" lon="20.4972011">
        <ele>181.1848486</ele>
        <time>2026-08-12T19:52:53Z</time>
      </trkpt>
      <trkpt lat="44.7961284" lon="20.4972069">
        <ele>180.7514821</ele>
        <time>2026-08-12T19:52:54Z</time>
      </trkpt>
      <trkpt lat="44.7961002" lon="20.4971965">
        <ele>180.9958031</ele>
        <time>2026-08-12T19:52:55Z</time>
      </trkpt>
      <trkpt lat="44.7960860" lon="20.4972005">
        <ele>181.0162222</ele>
        <time>2026-08-12T19:52:56Z</time>
      </trkpt>
      <trkpt lat="44.7960775" lon="20.4972030">
        <ele>180.9508628</ele>
        <time>2026-08-12T19:52:57Z</time>
      </trkpt>
      <trkpt lat="44.7960902" lon="20.4972190">
        <ele>180.8220411</ele>
        <time>2026-08-12T19:52:58Z</time>
      </trkpt>
      <trkpt lat="44.7960848" lon="20.4972236">
        <ele>181.2334807</ele>
        <time>2026-08-12T19:52:59Z</time>
      </trkpt>
      <trkpt lat="44.7960853" lon="20.4972202">
        <ele>181.2233096</ele>
        <time>2026-08-12T19:53:00Z</time>
      </trkpt>
      <trkpt lat="44.7960799" lon="20.4972236">
        <ele>181.5309993</ele>
        <time>2026-08-12T19:53:01Z</time>
      </trkpt>
      <trkpt lat="44.7960763" lon="20.4972208">
        <ele>181.8853399</ele>
        <time>2026-08-12T19:53:02Z</time>
      </trkpt>
      <trkpt lat="44.7960975" lon="20.4972265">
        <ele>181.9246839</ele>
        <time>2026-08-12T19:53:03Z</time>
      </trkpt>
      <trkpt lat="44.7961213" lon="20.4972626">
        <ele>181.7837026</ele>
        <time>2026-08-12T19:53:04Z</time>
      </trkpt>
      <trkpt lat="44.7961099" lon="20.4972564">
        <ele>181.7565110</ele>
        <time>2026-08-12T19:53:05Z</time>
      </trkpt>
      <trkpt lat="44.7961006" lon="20.4972544">
        <ele>181.7913571</ele>
        <time>2026-08-12T19:53:06Z</time>
      </trkpt>
      <trkpt lat="44.7960915" lon="20.4971943">
        <ele>180.8186727</ele>
        <time>2026-08-12T19:53:07Z</time>
      </trkpt>
      <trkpt lat="44.7960915" lon="20.4971943">
        <ele>180.8239288</ele>
        <time>2026-08-12T19:53:08Z</time>
      </trkpt>
      <trkpt lat="44.7960915" lon="20.4971943">
        <ele>180.8281521</ele>
        <time>2026-08-12T19:53:09Z</time>
      </trkpt>
      <trkpt lat="44.7961454" lon="20.4974264">
        <ele>181.3287581</ele>
        <time>2026-08-12T19:53:14Z</time>
      </trkpt>
      <trkpt lat="44.7961286" lon="20.4973832">
        <ele>181.3535902</ele>
        <time>2026-08-12T19:53:20Z</time>
      </trkpt>
      <trkpt lat="44.7961507" lon="20.4973103">
        <ele>181.3992038</ele>
        <time>2026-08-12T19:53:27Z</time>
      </trkpt>
      <trkpt lat="44.7961416" lon="20.4973458">
        <ele>181.4423858</ele>
        <time>2026-08-12T19:53:33Z</time>
      </trkpt>
      <trkpt lat="44.7961567" lon="20.4973299">
        <ele>181.4424163</ele>
        <time>2026-08-12T19:53:39Z</time>
      </trkpt>
      <trkpt lat="44.7962024" lon="20.4973681">
        <ele>181.7427861</ele>
        <time>2026-08-12T19:53:45Z</time>
      </trkpt>
      <trkpt lat="44.7961889" lon="20.4974183">
        <ele>181.4423667</ele>
        <time>2026-08-12T19:53:51Z</time>
      </trkpt>
      <trkpt lat="44.7961941" lon="20.4974366">
        <ele>181.2727518</ele>
        <time>2026-08-12T19:53:57Z</time>
      </trkpt>
      <trkpt lat="44.7962116" lon="20.4973496">
        <ele>181.5078014</ele>
        <time>2026-08-12T19:54:03Z</time>
      </trkpt>
      <trkpt lat="44.7961800" lon="20.4974483">
        <ele>181.5377327</ele>
        <time>2026-08-12T19:54:09Z</time>
      </trkpt>
      <trkpt lat="44.7961906" lon="20.4974210">
        <ele>181.5377556</ele>
        <time>2026-08-12T19:54:19Z</time>
      </trkpt>
      <trkpt lat="44.7961617" lon="20.4974538">
        <ele>181.3444511</ele>
        <time>2026-08-12T19:54:25Z</time>
      </trkpt>
      <trkpt lat="44.7961759" lon="20.4974896">
        <ele>181.2727174</ele>
        <time>2026-08-12T19:54:31Z</time>
      </trkpt>
      <trkpt lat="44.7962347" lon="20.4973174">
        <ele>181.3864761</ele>
        <time>2026-08-12T19:54:37Z</time>
      </trkpt>
      <trkpt lat="44.7962113" lon="20.4973322">
        <ele>181.2728014</ele>
        <time>2026-08-12T19:54:43Z</time>
      </trkpt>
      <trkpt lat="44.7962684" lon="20.4974799">
        <ele>178.1525025</ele>
        <time>2026-08-12T19:54:45Z</time>
      </trkpt>
      <trkpt lat="44.7962634" lon="20.4974743">
        <ele>180.3300453</ele>
        <time>2026-08-12T19:54:46Z</time>
      </trkpt>
      <trkpt lat="44.7962968" lon="20.4973888">
        <ele>180.6699813</ele>
        <time>2026-08-12T19:54:47Z</time>
      </trkpt>
      <trkpt lat="44.7962997" lon="20.4973487">
        <ele>180.7200703</ele>
        <time>2026-08-12T19:54:48Z</time>
      </trkpt>
      <trkpt lat="44.7963043" lon="20.4973265">
        <ele>180.9459970</ele>
        <time>2026-08-12T19:54:49Z</time>
      </trkpt>
      <trkpt lat="44.7963169" lon="20.4973453">
        <ele>180.9756136</ele>
        <time>2026-08-12T19:54:50Z</time>
      </trkpt>
      <trkpt lat="44.7962914" lon="20.4973408">
        <ele>180.8787288</ele>
        <time>2026-08-12T19:54:51Z</time>
      </trkpt>
      <trkpt lat="44.7963352" lon="20.4973465">
        <ele>180.8571446</ele>
        <time>2026-08-12T19:54:52Z</time>
      </trkpt>
      <trkpt lat="44.7963528" lon="20.4973475">
        <ele>181.0439310</ele>
        <time>2026-08-12T19:54:53Z</time>
      </trkpt>
      <trkpt lat="44.7963645" lon="20.4973416">
        <ele>181.1840136</ele>
        <time>2026-08-12T19:54:54Z</time>
      </trkpt>
      <trkpt lat="44.7963740" lon="20.4973335">
        <ele>181.1842875</ele>
        <time>2026-08-12T19:54:55Z</time>
      </trkpt>
      <trkpt lat="44.7963653" lon="20.4973334">
        <ele>181.1573166</ele>
        <time>2026-08-12T19:54:56Z</time>
      </trkpt>
      <trkpt lat="44.7963666" lon="20.4973349">
        <ele>180.8418564</ele>
        <time>2026-08-12T19:54:57Z</time>
      </trkpt>
      <trkpt lat="44.7963696" lon="20.4973192">
        <ele>180.7894817</ele>
        <time>2026-08-12T19:54:58Z</time>
      </trkpt>
      <trkpt lat="44.7963837" lon="20.4973111">
        <ele>180.5726363</ele>
        <time>2026-08-12T19:54:59Z</time>
      </trkpt>
      <trkpt lat="44.7963970" lon="20.4972828">
        <ele>180.5705425</ele>
        <time>2026-08-12T19:55:00Z</time>
      </trkpt>
      <trkpt lat="44.7964024" lon="20.4972827">
        <ele>180.9853845</ele>
        <time>2026-08-12T19:55:01Z</time>
      </trkpt>
      <trkpt lat="44.7963742" lon="20.4973063">
        <ele>180.8578379</ele>
        <time>2026-08-12T19:55:02Z</time>
      </trkpt>
      <trkpt lat="44.7963583" lon="20.4973351">
        <ele>180.7668552</ele>
        <time>2026-08-12T19:55:03Z</time>
      </trkpt>
      <trkpt lat="44.7964846" lon="20.4972790">
        <ele>180.8938762</ele>
        <time>2026-08-12T19:55:04Z</time>
      </trkpt>
      <trkpt lat="44.7964786" lon="20.4972673">
        <ele>180.8820259</ele>
        <time>2026-08-12T19:55:05Z</time>
      </trkpt>
      <trkpt lat="44.7964791" lon="20.4972577">
        <ele>181.0066090</ele>
        <time>2026-08-12T19:55:06Z</time>
      </trkpt>
      <trkpt lat="44.7964773" lon="20.4972445">
        <ele>180.8621866</ele>
        <time>2026-08-12T19:55:07Z</time>
      </trkpt>
      <trkpt lat="44.7964715" lon="20.4972278">
        <ele>181.0245993</ele>
        <time>2026-08-12T19:55:08Z</time>
      </trkpt>
      <trkpt lat="44.7964475" lon="20.4972151">
        <ele>180.7412028</ele>
        <time>2026-08-12T19:55:09Z</time>
      </trkpt>
      <trkpt lat="44.7964414" lon="20.4972127">
        <ele>180.5641527</ele>
        <time>2026-08-12T19:55:10Z</time>
      </trkpt>
      <trkpt lat="44.7964342" lon="20.4971924">
        <ele>180.8040966</ele>
        <time>2026-08-12T19:55:11Z</time>
      </trkpt>
      <trkpt lat="44.7964135" lon="20.4971610">
        <ele>181.0281012</ele>
        <time>2026-08-12T19:55:12Z</time>
      </trkpt>
      <trkpt lat="44.7963833" lon="20.4971240">
        <ele>180.8788255</ele>
        <time>2026-08-12T19:55:13Z</time>
      </trkpt>
      <trkpt lat="44.7963619" lon="20.4970954">
        <ele>180.5729329</ele>
        <time>2026-08-12T19:55:14Z</time>
      </trkpt>
      <trkpt lat="44.7963316" lon="20.4970669">
        <ele>180.7446771</ele>
        <time>2026-08-12T19:55:15Z</time>
      </trkpt>
      <trkpt lat="44.7963345" lon="20.4970549">
        <ele>180.7549752</ele>
        <time>2026-08-12T19:55:16Z</time>
      </trkpt>
      <trkpt lat="44.7963244" lon="20.4970434">
        <ele>180.4613777</ele>
        <time>2026-08-12T19:55:17Z</time>
      </trkpt>
      <trkpt lat="44.7963151" lon="20.4970401">
        <ele>180.7417577</ele>
        <time>2026-08-12T19:55:18Z</time>
      </trkpt>
      <trkpt lat="44.7963057" lon="20.4970327">
        <ele>180.7732864</ele>
        <time>2026-08-12T19:55:19Z</time>
      </trkpt>
      <trkpt lat="44.7962602" lon="20.4969959">
        <ele>180.8908352</ele>
        <time>2026-08-12T19:55:20Z</time>
      </trkpt>
      <trkpt lat="44.7962265" lon="20.4969684">
        <ele>180.6611409</ele>
        <time>2026-08-12T19:55:21Z</time>
      </trkpt>
      <trkpt lat="44.7961974" lon="20.4969481">
        <ele>180.5635285</ele>
        <time>2026-08-12T19:55:22Z</time>
      </trkpt>
      <trkpt lat="44.7961777" lon="20.4969121">
        <ele>180.4300552</ele>
        <time>2026-08-12T19:55:23Z</time>
      </trkpt>
      <trkpt lat="44.7961729" lon="20.4968992">
        <ele>180.2380236</ele>
        <time>2026-08-12T19:55:24Z</time>
      </trkpt>
      <trkpt lat="44.7961703" lon="20.4968962">
        <ele>179.9993727</ele>
        <time>2026-08-12T19:55:25Z</time>
      </trkpt>
      <trkpt lat="44.7961565" lon="20.4968938">
        <ele>179.5944732</ele>
        <time>2026-08-12T19:55:26Z</time>
      </trkpt>
      <trkpt lat="44.7961565" lon="20.4968814">
        <ele>179.5198863</ele>
        <time>2026-08-12T19:55:27Z</time>
      </trkpt>
      <trkpt lat="44.7961449" lon="20.4968568">
        <ele>179.3134569</ele>
        <time>2026-08-12T19:55:28Z</time>
      </trkpt>
      <trkpt lat="44.7961356" lon="20.4968394">
        <ele>179.0246395</ele>
        <time>2026-08-12T19:55:29Z</time>
      </trkpt>
      <trkpt lat="44.7961305" lon="20.4968254">
        <ele>179.0390072</ele>
        <time>2026-08-12T19:55:30Z</time>
      </trkpt>
      <trkpt lat="44.7961186" lon="20.4968116">
        <ele>178.9245480</ele>
        <time>2026-08-12T19:55:31Z</time>
      </trkpt>
      <trkpt lat="44.7961033" lon="20.4967959">
        <ele>178.8266598</ele>
        <time>2026-08-12T19:55:32Z</time>
      </trkpt>
      <trkpt lat="44.7960899" lon="20.4967835">
        <ele>178.8480161</ele>
        <time>2026-08-12T19:55:33Z</time>
      </trkpt>
      <trkpt lat="44.7960844" lon="20.4967738">
        <ele>178.8612604</ele>
        <time>2026-08-12T19:55:34Z</time>
      </trkpt>
      <trkpt lat="44.7960805" lon="20.4967707">
        <ele>179.0321330</ele>
        <time>2026-08-12T19:55:35Z</time>
      </trkpt>
      <trkpt lat="44.7960806" lon="20.4967674">
        <ele>179.1073222</ele>
        <time>2026-08-12T19:55:36Z</time>
      </trkpt>
      <trkpt lat="44.7960700" lon="20.4967534">
        <ele>178.9607912</ele>
        <time>2026-08-12T19:55:37Z</time>
      </trkpt>
      <trkpt lat="44.7960647" lon="20.4967425">
        <ele>178.8677265</ele>
        <time>2026-08-12T19:55:38Z</time>
      </trkpt>
      <trkpt lat="44.7960723" lon="20.4967453">
        <ele>178.8711172</ele>
        <time>2026-08-12T19:55:39Z</time>
      </trkpt>
      <trkpt lat="44.7960706" lon="20.4967460">
        <ele>178.8588774</ele>
        <time>2026-08-12T19:55:40Z</time>
      </trkpt>
      <trkpt lat="44.7960627" lon="20.4967283">
        <ele>178.8686993</ele>
        <time>2026-08-12T19:55:41Z</time>
      </trkpt>
      <trkpt lat="44.7960459" lon="20.4966941">
        <ele>178.9729602</ele>
        <time>2026-08-12T19:55:42Z</time>
      </trkpt>
      <trkpt lat="44.7960350" lon="20.4966717">
        <ele>179.1404973</ele>
        <time>2026-08-12T19:55:43Z</time>
      </trkpt>
      <trkpt lat="44.7960238" lon="20.4966610">
        <ele>178.6637320</ele>
        <time>2026-08-12T19:55:44Z</time>
      </trkpt>
      <trkpt lat="44.7960218" lon="20.4966514">
        <ele>178.5949816</ele>
        <time>2026-08-12T19:55:45Z</time>
      </trkpt>
      <trkpt lat="44.7960183" lon="20.4966403">
        <ele>179.0533243</ele>
        <time>2026-08-12T19:55:46Z</time>
      </trkpt>
      <trkpt lat="44.7960102" lon="20.4966344">
        <ele>178.4141267</ele>
        <time>2026-08-12T19:55:47Z</time>
      </trkpt>
      <trkpt lat="44.7959988" lon="20.4966163">
        <ele>179.1521617</ele>
        <time>2026-08-12T19:55:48Z</time>
      </trkpt>
      <trkpt lat="44.7959921" lon="20.4965936">
        <ele>178.0700891</ele>
        <time>2026-08-12T19:55:49Z</time>
      </trkpt>
      <trkpt lat="44.7959731" lon="20.4965853">
        <ele>178.3832199</ele>
        <time>2026-08-12T19:55:50Z</time>
      </trkpt>
      <trkpt lat="44.7959686" lon="20.4965722">
        <ele>177.9853869</ele>
        <time>2026-08-12T19:55:51Z</time>
      </trkpt>
      <trkpt lat="44.7959686" lon="20.4965801">
        <ele>178.3581023</ele>
        <time>2026-08-12T19:55:52Z</time>
      </trkpt>
      <trkpt lat="44.7959809" lon="20.4965896">
        <ele>178.5413965</ele>
        <time>2026-08-12T19:55:53Z</time>
      </trkpt>
      <trkpt lat="44.7959831" lon="20.4965793">
        <ele>178.7440883</ele>
        <time>2026-08-12T19:55:54Z</time>
      </trkpt>
      <trkpt lat="44.7959728" lon="20.4965394">
        <ele>178.9497923</ele>
        <time>2026-08-12T19:55:55Z</time>
      </trkpt>
      <trkpt lat="44.7959788" lon="20.4965157">
        <ele>178.4219353</ele>
        <time>2026-08-12T19:55:56Z</time>
      </trkpt>
      <trkpt lat="44.7959758" lon="20.4965086">
        <ele>178.4703976</ele>
        <time>2026-08-12T19:55:57Z</time>
      </trkpt>
      <trkpt lat="44.7959816" lon="20.4964946">
        <ele>178.6107863</ele>
        <time>2026-08-12T19:55:58Z</time>
      </trkpt>
      <trkpt lat="44.7959864" lon="20.4964914">
        <ele>178.7133409</ele>
        <time>2026-08-12T19:55:59Z</time>
      </trkpt>
      <trkpt lat="44.7959964" lon="20.4964872">
        <ele>178.6621538</ele>
        <time>2026-08-12T19:56:00Z</time>
      </trkpt>
      <trkpt lat="44.7959994" lon="20.4964893">
        <ele>178.7845067</ele>
        <time>2026-08-12T19:56:01Z</time>
      </trkpt>
      <trkpt lat="44.7960031" lon="20.4964914">
        <ele>178.9150717</ele>
        <time>2026-08-12T19:56:02Z</time>
      </trkpt>
      <trkpt lat="44.7960018" lon="20.4964919">
        <ele>179.0680952</ele>
        <time>2026-08-12T19:56:03Z</time>
      </trkpt>
      <trkpt lat="44.7960034" lon="20.4964830">
        <ele>179.8327897</ele>
        <time>2026-08-12T19:56:04Z</time>
      </trkpt>
      <trkpt lat="44.7960096" lon="20.4964572">
        <ele>179.2533294</ele>
        <time>2026-08-12T19:56:05Z</time>
      </trkpt>
      <trkpt lat="44.7960073" lon="20.4964495">
        <ele>179.3625659</ele>
        <time>2026-08-12T19:56:06Z</time>
      </trkpt>
      <trkpt lat="44.7960062" lon="20.4964367">
        <ele>179.5943122</ele>
        <time>2026-08-12T19:56:07Z</time>
      </trkpt>
      <trkpt lat="44.7960117" lon="20.4964220">
        <ele>179.6106794</ele>
        <time>2026-08-12T19:56:08Z</time>
      </trkpt>
      <trkpt lat="44.7960152" lon="20.4964143">
        <ele>179.3378341</ele>
        <time>2026-08-12T19:56:09Z</time>
      </trkpt>
      <trkpt lat="44.7960135" lon="20.4964081">
        <ele>179.2037763</ele>
        <time>2026-08-12T19:56:10Z</time>
      </trkpt>
      <trkpt lat="44.7960050" lon="20.4964084">
        <ele>179.1580205</ele>
        <time>2026-08-12T19:56:11Z</time>
      </trkpt>
      <trkpt lat="44.7959885" lon="20.4964104">
        <ele>178.8431258</ele>
        <time>2026-08-12T19:56:12Z</time>
      </trkpt>
      <trkpt lat="44.7960145" lon="20.4963962">
        <ele>178.7716749</ele>
        <time>2026-08-12T19:56:13Z</time>
      </trkpt>
      <trkpt lat="44.7960197" lon="20.4963801">
        <ele>178.8139954</ele>
        <time>2026-08-12T19:56:14Z</time>
      </trkpt>
      <trkpt lat="44.7960394" lon="20.4964165">
        <ele>178.6107966</ele>
        <time>2026-08-12T19:56:15Z</time>
      </trkpt>
      <trkpt lat="44.7960491" lon="20.4963960">
        <ele>178.6453468</ele>
        <time>2026-08-12T19:56:16Z</time>
      </trkpt>
      <trkpt lat="44.7960503" lon="20.4963918">
        <ele>178.6608542</ele>
        <time>2026-08-12T19:56:17Z</time>
      </trkpt>
      <trkpt lat="44.7960512" lon="20.4963870">
        <ele>179.1058449</ele>
        <time>2026-08-12T19:56:18Z</time>
      </trkpt>
      <trkpt lat="44.7960601" lon="20.4963872">
        <ele>179.1591734</ele>
        <time>2026-08-12T19:56:19Z</time>
      </trkpt>
      <trkpt lat="44.7960585" lon="20.4963083">
        <ele>179.3764071</ele>
        <time>2026-08-12T19:56:20Z</time>
      </trkpt>
      <trkpt lat="44.7961513" lon="20.4964132">
        <ele>179.7051941</ele>
        <time>2026-08-12T19:56:22Z</time>
      </trkpt>
      <trkpt lat="44.7960991" lon="20.4964364">
        <ele>179.7457880</ele>
        <time>2026-08-12T19:56:25Z</time>
      </trkpt>
      <trkpt lat="44.7960700" lon="20.4964147">
        <ele>179.6487650</ele>
        <time>2026-08-12T19:56:31Z</time>
      </trkpt>
      <trkpt lat="44.7960440" lon="20.4961459">
        <ele>179.5393101</ele>
        <time>2026-08-12T19:56:38Z</time>
      </trkpt>
      <trkpt lat="44.7960440" lon="20.4961459">
        <ele>179.2622061</ele>
        <time>2026-08-12T19:56:40Z</time>
      </trkpt>
      <trkpt lat="44.7960440" lon="20.4961459">
        <ele>179.5832678</ele>
        <time>2026-08-12T19:56:43Z</time>
      </trkpt>
      <trkpt lat="44.7960440" lon="20.4961459">
        <ele>179.6334950</ele>
        <time>2026-08-12T19:56:44Z</time>
      </trkpt>
      <trkpt lat="44.7960440" lon="20.4961459">
        <ele>179.9232248</ele>
        <time>2026-08-12T19:56:50Z</time>
      </trkpt>
      <trkpt lat="44.7960440" lon="20.4961459">
        <ele>179.9232248</ele>
        <time>2026-08-12T19:56:50Z</time>
      </trkpt>
      <trkpt lat="44.7960440" lon="20.4961459">
        <ele>179.6003945</ele>
        <time>2026-08-12T19:56:50Z</time>
      </trkpt>
    </trkseg>
  </trk>
</gpx>
